mode: atomic
github.com/zyvorai/transiva/cmd/completion/bash.go:7.2,161.1 1 4
github.com/zyvorai/transiva/cmd/completion/completion.go:24.2,24.15 1 10
github.com/zyvorai/transiva/cmd/completion/completion.go:26.3,26.31 1 3
github.com/zyvorai/transiva/cmd/completion/completion.go:28.3,28.30 1 3
github.com/zyvorai/transiva/cmd/completion/completion.go:30.3,30.31 1 3
github.com/zyvorai/transiva/cmd/completion/completion.go:32.3,32.85 1 1
github.com/zyvorai/transiva/cmd/completion/completion.go:38.2,38.15 1 4
github.com/zyvorai/transiva/cmd/completion/completion.go:40.3,50.2 1 1
github.com/zyvorai/transiva/cmd/completion/completion.go:52.3,61.2 1 1
github.com/zyvorai/transiva/cmd/completion/completion.go:63.3,69.2 1 1
github.com/zyvorai/transiva/cmd/completion/completion.go:71.3,71.12 1 1
github.com/zyvorai/transiva/cmd/completion/completion.go:77.2,78.1 1 1
github.com/zyvorai/transiva/cmd/completion/fish.go:7.2,90.1 1 4
github.com/zyvorai/transiva/cmd/completion/zsh.go:7.2,134.1 1 4
github.com/zyvorai/transiva/cmd/hyperconvert/main.go:22.2,30.1 9 0
github.com/zyvorai/transiva/cmd/hyperconvert/main.go:31.2,31.18 9 0
github.com/zyvorai/transiva/cmd/hyperconvert/main.go:32.3,34.1 2 0
github.com/zyvorai/transiva/cmd/hyperconvert/main.go:36.2,36.23 1 0
github.com/zyvorai/transiva/cmd/hyperconvert/main.go:37.3,40.1 3 0
github.com/zyvorai/transiva/cmd/hyperconvert/main.go:43.2,44.1 2 0
github.com/zyvorai/transiva/cmd/hyperconvert/main.go:46.2,46.11 2 0
github.com/zyvorai/transiva/cmd/hyperconvert/main.go:47.3,49.1 2 0
github.com/zyvorai/transiva/cmd/hyperconvert/main.go:52.2,53.40 2 0
github.com/zyvorai/transiva/cmd/hyperconvert/main.go:54.3,55.17 2 0
github.com/zyvorai/transiva/cmd/hyperconvert/main.go:56.4,58.1 2 0
github.com/zyvorai/transiva/cmd/hyperconvert/main.go:59.3,60.63 2 0
github.com/zyvorai/transiva/cmd/hyperconvert/main.go:64.2,65.40 2 0
github.com/zyvorai/transiva/cmd/hyperconvert/main.go:66.3,68.1 2 0
github.com/zyvorai/transiva/cmd/hyperconvert/main.go:71.2,72.22 2 0
github.com/zyvorai/transiva/cmd/hyperconvert/main.go:73.3,75.1 2 0
github.com/zyvorai/transiva/cmd/hyperconvert/main.go:78.2,79.1 8 0
github.com/zyvorai/transiva/cmd/hyperconvert/main.go:81.2,85.1 8 0
github.com/zyvorai/transiva/cmd/hyperconvert/main.go:87.2,89.1 8 0
github.com/zyvorai/transiva/cmd/hyperconvert/main.go:90.2,90.71 8 0
github.com/zyvorai/transiva/cmd/hyperconvert/main.go:92.3,92.52 1 0
github.com/zyvorai/transiva/cmd/hyperconvert/main.go:93.4,94.1 1 0
github.com/zyvorai/transiva/cmd/hyperconvert/main.go:95.3,96.1 2 0
github.com/zyvorai/transiva/cmd/hyperconvert/main.go:97.3,97.25 2 0
github.com/zyvorai/transiva/cmd/hyperconvert/main.go:98.4,102.1 1 0
github.com/zyvorai/transiva/cmd/hyperconvert/main.go:104.3,105.38 2 0
github.com/zyvorai/transiva/cmd/hyperconvert/main.go:109.2,112.1 6 0
github.com/zyvorai/transiva/cmd/hyperconvert/main.go:113.2,115.1 6 0
github.com/zyvorai/transiva/cmd/hyperconvert/main.go:116.2,116.24 6 0
github.com/zyvorai/transiva/cmd/hyperconvert/main.go:117.3,117.55 1 0
github.com/zyvorai/transiva/cmd/hyperconvert/main.go:118.4,119.1 1 0
github.com/zyvorai/transiva/cmd/hyperconvert/main.go:122.2,122.16 1 0
github.com/zyvorai/transiva/cmd/hyperconvert/main.go:123.3,125.1 2 0
github.com/zyvorai/transiva/cmd/hyperconvert/main.go:128.2,138.26 2 0
github.com/zyvorai/transiva/cmd/hyperconvert/main.go:139.3,140.1 1 0
github.com/zyvorai/transiva/cmd/hyperconvert/main.go:142.2,142.27 1 0
github.com/zyvorai/transiva/cmd/hyperconvert/main.go:143.3,145.1 2 0
github.com/zyvorai/transiva/cmd/hyperconvert/main.go:149.2,150.16 2 0
github.com/zyvorai/transiva/cmd/hyperconvert/main.go:151.3,153.1 2 0
github.com/zyvorai/transiva/cmd/hyperconvert/main.go:155.2,162.26 2 0
github.com/zyvorai/transiva/cmd/hyperconvert/main.go:163.3,164.1 1 0
github.com/zyvorai/transiva/cmd/hyperconvert/main.go:166.2,166.28 1 0
github.com/zyvorai/transiva/cmd/hyperconvert/main.go:167.3,169.41 3 0
github.com/zyvorai/transiva/cmd/hyperconvert/main.go:170.4,171.1 1 0
github.com/zyvorai/transiva/cmd/hyperconvert/main.go:176.2,177.18 2 0
github.com/zyvorai/transiva/cmd/hyperconvert/main.go:178.3,179.1 1 0
github.com/zyvorai/transiva/cmd/hyperconvert/main.go:180.2,181.46 2 0
github.com/zyvorai/transiva/cmd/hyperconvert/main.go:182.3,184.1 2 0
github.com/zyvorai/transiva/cmd/hyperconvert/main.go:185.2,185.77 1 0
github.com/zyvorai/transiva/config/config.go:209.2,214.1 6 4
github.com/zyvorai/transiva/config/config.go:215.2,238.1 6 4
github.com/zyvorai/transiva/config/config.go:244.2,245.16 2 8
github.com/zyvorai/transiva/config/config.go:246.3,247.1 1 1
github.com/zyvorai/transiva/config/config.go:249.2,250.50 2 7
github.com/zyvorai/transiva/config/config.go:251.3,252.1 1 1
github.com/zyvorai/transiva/config/config.go:255.2,255.22 1 6
github.com/zyvorai/transiva/config/config.go:256.3,257.1 1 6
github.com/zyvorai/transiva/config/config.go:258.2,258.30 1 6
github.com/zyvorai/transiva/config/config.go:259.3,260.1 1 5
github.com/zyvorai/transiva/config/config.go:261.2,261.24 1 6
github.com/zyvorai/transiva/config/config.go:262.3,263.1 1 6
github.com/zyvorai/transiva/config/config.go:264.2,264.28 1 6
github.com/zyvorai/transiva/config/config.go:265.3,266.1 1 6
github.com/zyvorai/transiva/config/config.go:267.2,267.25 1 6
github.com/zyvorai/transiva/config/config.go:268.3,269.1 1 6
github.com/zyvorai/transiva/config/config.go:270.2,270.24 1 6
github.com/zyvorai/transiva/config/config.go:271.3,272.1 1 5
github.com/zyvorai/transiva/config/config.go:273.2,273.29 1 6
github.com/zyvorai/transiva/config/config.go:274.3,275.1 1 6
github.com/zyvorai/transiva/config/config.go:276.2,276.26 1 6
github.com/zyvorai/transiva/config/config.go:277.3,278.1 1 6
github.com/zyvorai/transiva/config/config.go:279.2,279.26 1 6
github.com/zyvorai/transiva/config/config.go:280.3,281.1 1 5
github.com/zyvorai/transiva/config/config.go:284.2,284.31 1 6
github.com/zyvorai/transiva/config/config.go:285.3,290.1 1 4
github.com/zyvorai/transiva/config/config.go:292.3,292.45 1 2
github.com/zyvorai/transiva/config/config.go:293.4,294.1 1 1
github.com/zyvorai/transiva/config/config.go:295.3,295.42 1 2
github.com/zyvorai/transiva/config/config.go:296.4,297.1 1 2
github.com/zyvorai/transiva/config/config.go:298.3,298.50 1 2
github.com/zyvorai/transiva/config/config.go:299.4,300.1 1 2
github.com/zyvorai/transiva/config/config.go:304.2,304.28 1 6
github.com/zyvorai/transiva/config/config.go:305.3,306.1 1 6
github.com/zyvorai/transiva/config/config.go:309.2,309.30 1 6
github.com/zyvorai/transiva/config/config.go:310.3,310.35 1 0
github.com/zyvorai/transiva/config/config.go:311.4,312.1 1 0
github.com/zyvorai/transiva/config/config.go:313.3,313.33 1 0
github.com/zyvorai/transiva/config/config.go:314.4,315.1 1 0
github.com/zyvorai/transiva/config/config.go:319.2,319.20 1 6
github.com/zyvorai/transiva/config/config.go:320.3,324.1 1 5
github.com/zyvorai/transiva/config/config.go:326.3,326.27 1 1
github.com/zyvorai/transiva/config/config.go:327.4,328.1 1 1
github.com/zyvorai/transiva/config/config.go:329.3,329.33 1 1
github.com/zyvorai/transiva/config/config.go:330.4,331.1 1 1
github.com/zyvorai/transiva/config/config.go:335.2,335.22 1 6
github.com/zyvorai/transiva/config/config.go:336.3,340.1 1 5
github.com/zyvorai/transiva/config/config.go:342.3,342.31 1 1
github.com/zyvorai/transiva/config/config.go:343.4,344.1 1 1
github.com/zyvorai/transiva/config/config.go:345.3,345.35 1 1
github.com/zyvorai/transiva/config/config.go:346.4,347.1 1 1
github.com/zyvorai/transiva/config/config.go:351.2,351.20 1 6
github.com/zyvorai/transiva/config/config.go:352.3,357.1 1 5
github.com/zyvorai/transiva/config/config.go:359.3,359.25 1 1
github.com/zyvorai/transiva/config/config.go:360.4,361.1 1 1
github.com/zyvorai/transiva/config/config.go:362.3,362.27 1 1
github.com/zyvorai/transiva/config/config.go:363.4,364.1 1 1
github.com/zyvorai/transiva/config/config.go:365.3,365.33 1 1
github.com/zyvorai/transiva/config/config.go:366.4,367.1 1 1
github.com/zyvorai/transiva/config/config.go:371.2,371.23 1 6
github.com/zyvorai/transiva/config/config.go:372.3,378.1 1 5
github.com/zyvorai/transiva/config/config.go:380.3,380.32 1 1
github.com/zyvorai/transiva/config/config.go:381.4,381.27 1 1
github.com/zyvorai/transiva/config/config.go:382.5,383.1 1 1
github.com/zyvorai/transiva/config/config.go:384.5,385.1 1 0
github.com/zyvorai/transiva/config/config.go:387.3,387.36 1 1
github.com/zyvorai/transiva/config/config.go:388.4,389.1 1 1
github.com/zyvorai/transiva/config/config.go:393.2,393.20 1 6
github.com/zyvorai/transiva/config/config.go:394.3,398.1 1 5
github.com/zyvorai/transiva/config/config.go:400.3,400.27 1 1
github.com/zyvorai/transiva/config/config.go:401.4,402.1 1 1
github.com/zyvorai/transiva/config/config.go:403.3,403.33 1 1
github.com/zyvorai/transiva/config/config.go:404.4,405.1 1 1
github.com/zyvorai/transiva/config/config.go:409.2,409.26 1 6
github.com/zyvorai/transiva/config/config.go:410.3,415.1 1 5
github.com/zyvorai/transiva/config/config.go:417.3,417.37 1 1
github.com/zyvorai/transiva/config/config.go:418.4,419.1 1 1
github.com/zyvorai/transiva/config/config.go:420.3,420.42 1 1
github.com/zyvorai/transiva/config/config.go:421.4,422.1 1 1
github.com/zyvorai/transiva/config/config.go:423.3,423.39 1 1
github.com/zyvorai/transiva/config/config.go:424.4,425.1 1 1
github.com/zyvorai/transiva/config/config.go:429.2,429.29 1 6
github.com/zyvorai/transiva/config/config.go:430.3,434.1 1 6
github.com/zyvorai/transiva/config/config.go:436.3,436.38 1 0
github.com/zyvorai/transiva/config/config.go:437.4,438.1 1 0
github.com/zyvorai/transiva/config/config.go:439.3,439.42 1 0
github.com/zyvorai/transiva/config/config.go:440.4,441.1 1 0
github.com/zyvorai/transiva/config/config.go:445.2,445.24 1 6
github.com/zyvorai/transiva/config/config.go:446.3,451.1 1 5
github.com/zyvorai/transiva/config/config.go:453.3,453.28 1 1
github.com/zyvorai/transiva/config/config.go:454.4,455.1 1 1
github.com/zyvorai/transiva/config/config.go:456.3,456.37 1 1
github.com/zyvorai/transiva/config/config.go:457.4,458.1 1 1
github.com/zyvorai/transiva/config/config.go:462.2,462.24 1 6
github.com/zyvorai/transiva/config/config.go:463.3,471.1 1 6
github.com/zyvorai/transiva/config/config.go:473.3,473.28 1 0
github.com/zyvorai/transiva/config/config.go:474.4,475.1 1 0
github.com/zyvorai/transiva/config/config.go:476.3,476.32 1 0
github.com/zyvorai/transiva/config/config.go:477.4,478.1 1 0
github.com/zyvorai/transiva/config/config.go:479.3,479.37 1 0
github.com/zyvorai/transiva/config/config.go:480.4,481.1 1 0
github.com/zyvorai/transiva/config/config.go:482.3,482.37 1 0
github.com/zyvorai/transiva/config/config.go:483.4,484.1 1 0
github.com/zyvorai/transiva/config/config.go:487.2,487.17 1 6
github.com/zyvorai/transiva/config/config.go:492.2,493.1 2 2
github.com/zyvorai/transiva/config/config.go:495.2,495.29 2 2
github.com/zyvorai/transiva/config/config.go:496.3,497.1 1 2
github.com/zyvorai/transiva/config/config.go:498.2,498.27 1 2
github.com/zyvorai/transiva/config/config.go:499.3,500.1 1 1
github.com/zyvorai/transiva/config/config.go:501.2,501.27 1 2
github.com/zyvorai/transiva/config/config.go:502.3,503.1 1 1
github.com/zyvorai/transiva/config/config.go:504.2,504.38 1 2
github.com/zyvorai/transiva/config/config.go:505.3,506.1 1 1
github.com/zyvorai/transiva/config/config.go:507.2,507.41 1 2
github.com/zyvorai/transiva/config/config.go:508.3,509.1 1 1
github.com/zyvorai/transiva/config/config.go:510.2,510.34 1 2
github.com/zyvorai/transiva/config/config.go:511.3,512.1 1 2
github.com/zyvorai/transiva/config/config.go:513.2,513.36 1 2
github.com/zyvorai/transiva/config/config.go:514.3,515.1 1 1
github.com/zyvorai/transiva/config/config.go:517.2,517.10 1 2
github.com/zyvorai/transiva/config/config.go:521.2,521.42 1 48
github.com/zyvorai/transiva/config/config.go:522.3,523.1 1 8
github.com/zyvorai/transiva/config/config.go:524.2,524.21 1 40
github.com/zyvorai/transiva/daemon/audit/audit.go:92.2,92.53 1 13
github.com/zyvorai/transiva/daemon/audit/audit.go:93.3,94.1 1 1
github.com/zyvorai/transiva/daemon/audit/audit.go:96.2,101.1 2 12
github.com/zyvorai/transiva/daemon/audit/audit.go:103.2,103.41 2 12
github.com/zyvorai/transiva/daemon/audit/audit.go:104.3,105.1 1 0
github.com/zyvorai/transiva/daemon/audit/audit.go:108.2,109.1 2 12
github.com/zyvorai/transiva/daemon/audit/audit.go:110.2,110.16 2 12
github.com/zyvorai/transiva/daemon/audit/audit.go:115.2,117.1 3 172
github.com/zyvorai/transiva/daemon/audit/audit.go:119.2,119.23 3 172
github.com/zyvorai/transiva/daemon/audit/audit.go:120.3,120.37 1 172
github.com/zyvorai/transiva/daemon/audit/audit.go:121.4,122.1 1 0
github.com/zyvorai/transiva/daemon/audit/audit.go:126.2,127.16 2 172
github.com/zyvorai/transiva/daemon/audit/audit.go:128.3,129.1 1 0
github.com/zyvorai/transiva/daemon/audit/audit.go:132.2,133.47 2 172
github.com/zyvorai/transiva/daemon/audit/audit.go:134.3,135.1 1 0
github.com/zyvorai/transiva/daemon/audit/audit.go:138.2,138.83 1 172
github.com/zyvorai/transiva/daemon/audit/audit.go:139.3,139.40 1 170
github.com/zyvorai/transiva/daemon/audit/audit.go:140.4,141.1 1 0
github.com/zyvorai/transiva/daemon/audit/audit.go:144.2,144.12 1 172
github.com/zyvorai/transiva/daemon/audit/audit.go:149.2,151.1 7 13
github.com/zyvorai/transiva/daemon/audit/audit.go:152.2,155.1 7 13
github.com/zyvorai/transiva/daemon/audit/audit.go:157.2,158.16 7 13
github.com/zyvorai/transiva/daemon/audit/audit.go:159.3,160.1 1 0
github.com/zyvorai/transiva/daemon/audit/audit.go:163.2,163.39 1 13
github.com/zyvorai/transiva/daemon/audit/audit.go:164.3,165.17 2 13
github.com/zyvorai/transiva/daemon/audit/audit.go:166.4,166.12 1 0
github.com/zyvorai/transiva/daemon/audit/audit.go:170.3,170.36 1 13
github.com/zyvorai/transiva/daemon/audit/audit.go:171.4,171.39 1 36
github.com/zyvorai/transiva/daemon/audit/audit.go:172.5,172.32 1 21
github.com/zyvorai/transiva/daemon/audit/audit.go:173.6,174.14 2 0
github.com/zyvorai/transiva/daemon/audit/audit.go:177.5,179.1 3 21
github.com/zyvorai/transiva/daemon/audit/audit.go:180.5,180.50 3 21
github.com/zyvorai/transiva/daemon/audit/audit.go:181.6,182.1 1 1
github.com/zyvorai/transiva/daemon/audit/audit.go:187.2,187.20 1 12
github.com/zyvorai/transiva/daemon/audit/audit.go:192.2,194.1 3 14
github.com/zyvorai/transiva/daemon/audit/audit.go:195.2,195.20 3 14
github.com/zyvorai/transiva/daemon/audit/audit.go:196.3,197.1 1 12
github.com/zyvorai/transiva/daemon/audit/audit.go:199.2,199.12 1 2
github.com/zyvorai/transiva/daemon/audit/audit.go:204.2,206.1 3 184
github.com/zyvorai/transiva/daemon/audit/audit.go:208.2,209.16 3 184
github.com/zyvorai/transiva/daemon/audit/audit.go:210.3,211.1 1 0
github.com/zyvorai/transiva/daemon/audit/audit.go:213.2,214.12 2 184
github.com/zyvorai/transiva/daemon/audit/audit.go:219.2,219.20 1 174
github.com/zyvorai/transiva/daemon/audit/audit.go:220.3,221.1 1 1
github.com/zyvorai/transiva/daemon/audit/audit.go:223.2,224.16 2 173
github.com/zyvorai/transiva/daemon/audit/audit.go:225.3,226.1 1 0
github.com/zyvorai/transiva/daemon/audit/audit.go:229.2,229.31 1 173
github.com/zyvorai/transiva/daemon/audit/audit.go:230.3,231.1 1 145
github.com/zyvorai/transiva/daemon/audit/audit.go:234.2,235.38 2 28
github.com/zyvorai/transiva/daemon/audit/audit.go:236.3,237.1 1 28
github.com/zyvorai/transiva/daemon/audit/audit.go:239.2,239.14 1 0
github.com/zyvorai/transiva/daemon/audit/audit.go:244.2,244.20 1 172
github.com/zyvorai/transiva/daemon/audit/audit.go:245.3,245.41 1 172
github.com/zyvorai/transiva/daemon/audit/audit.go:246.4,247.1 1 0
github.com/zyvorai/transiva/daemon/audit/audit.go:250.2,250.25 1 172
github.com/zyvorai/transiva/daemon/audit/audit.go:255.2,257.1 3 12
github.com/zyvorai/transiva/daemon/audit/audit.go:258.2,258.21 3 12
github.com/zyvorai/transiva/daemon/audit/audit.go:259.3,260.1 3 0
github.com/zyvorai/transiva/daemon/audit/audit.go:261.3,262.17 3 0
github.com/zyvorai/transiva/daemon/audit/audit.go:263.4,264.12 2 0
github.com/zyvorai/transiva/daemon/audit/audit.go:268.3,269.30 2 0
github.com/zyvorai/transiva/daemon/audit/audit.go:270.4,271.18 2 0
github.com/zyvorai/transiva/daemon/audit/audit.go:272.5,272.13 1 0
github.com/zyvorai/transiva/daemon/audit/audit.go:275.4,275.37 1 0
github.com/zyvorai/transiva/daemon/audit/audit.go:276.5,276.43 1 0
github.com/zyvorai/transiva/daemon/audit/audit.go:277.6,278.1 1 0
github.com/zyvorai/transiva/daemon/audit/audit.go:282.3,282.17 1 0
github.com/zyvorai/transiva/daemon/audit/audit.go:289.2,290.16 2 13
github.com/zyvorai/transiva/daemon/audit/audit.go:291.3,292.1 1 0
github.com/zyvorai/transiva/daemon/audit/audit.go:294.2,296.1 3 13
github.com/zyvorai/transiva/daemon/audit/audit.go:297.2,297.29 3 13
github.com/zyvorai/transiva/daemon/audit/audit.go:298.3,298.17 1 41
github.com/zyvorai/transiva/daemon/audit/audit.go:299.4,299.12 1 0
github.com/zyvorai/transiva/daemon/audit/audit.go:302.3,303.62 2 41
github.com/zyvorai/transiva/daemon/audit/audit.go:304.4,304.12 1 0
github.com/zyvorai/transiva/daemon/audit/audit.go:307.3,307.34 1 41
github.com/zyvorai/transiva/daemon/audit/audit.go:310.2,310.20 1 13
github.com/zyvorai/transiva/daemon/audit/audit.go:315.2,315.74 1 36
github.com/zyvorai/transiva/daemon/audit/audit.go:316.3,317.1 1 2
github.com/zyvorai/transiva/daemon/audit/audit.go:319.2,319.69 1 34
github.com/zyvorai/transiva/daemon/audit/audit.go:320.3,321.1 1 2
github.com/zyvorai/transiva/daemon/audit/audit.go:323.2,323.64 1 32
github.com/zyvorai/transiva/daemon/audit/audit.go:324.3,325.1 1 3
github.com/zyvorai/transiva/daemon/audit/audit.go:327.2,327.67 1 29
github.com/zyvorai/transiva/daemon/audit/audit.go:328.3,329.1 1 3
github.com/zyvorai/transiva/daemon/audit/audit.go:331.2,331.58 1 26
github.com/zyvorai/transiva/daemon/audit/audit.go:332.3,333.1 1 4
github.com/zyvorai/transiva/daemon/audit/audit.go:335.2,335.64 1 22
github.com/zyvorai/transiva/daemon/audit/audit.go:336.3,337.1 1 1
github.com/zyvorai/transiva/daemon/audit/audit.go:339.2,339.13 1 21
github.com/zyvorai/transiva/daemon/audit/audit.go:344.2,347.1 1 28
github.com/zyvorai/transiva/daemon/audit/audit.go:350.2,352.1 3 13
github.com/zyvorai/transiva/daemon/audit/audit.go:353.2,353.30 3 13
github.com/zyvorai/transiva/daemon/audit/audit.go:354.3,354.19 1 6377
github.com/zyvorai/transiva/daemon/audit/audit.go:355.4,357.1 2 41
github.com/zyvorai/transiva/daemon/audit/audit.go:360.2,360.20 1 13
github.com/zyvorai/transiva/daemon/audit/audit.go:361.3,362.1 1 0
github.com/zyvorai/transiva/daemon/audit/audit.go:364.2,364.14 1 13
github.com/zyvorai/transiva/daemon/audit/audit.go:369.2,375.1 1 163
github.com/zyvorai/transiva/daemon/audit/audit.go:380.2,381.1 1 163
github.com/zyvorai/transiva/daemon/auth/pam_auth.go:25.2,26.1 1 4
github.com/zyvorai/transiva/daemon/auth/pam_auth.go:44.2,46.1 3 17
github.com/zyvorai/transiva/daemon/auth/pam_auth.go:49.2,50.1 3 17
github.com/zyvorai/transiva/daemon/auth/pam_auth.go:51.2,52.1 3 17
github.com/zyvorai/transiva/daemon/auth/pam_auth.go:62.2,62.32 1 4
github.com/zyvorai/transiva/daemon/auth/pam_auth.go:63.3,64.1 1 0
github.com/zyvorai/transiva/daemon/auth/pam_auth.go:69.2,70.40 2 4
github.com/zyvorai/transiva/daemon/auth/pam_auth.go:71.3,72.1 1 1
github.com/zyvorai/transiva/daemon/auth/pam_auth.go:79.2,80.16 2 3
github.com/zyvorai/transiva/daemon/auth/pam_auth.go:81.3,82.1 1 0
github.com/zyvorai/transiva/daemon/auth/pam_auth.go:84.2,89.1 5 3
github.com/zyvorai/transiva/daemon/auth/pam_auth.go:91.2,94.1 5 3
github.com/zyvorai/transiva/daemon/auth/pam_auth.go:95.2,95.21 5 3
github.com/zyvorai/transiva/daemon/auth/pam_auth.go:100.2,102.1 4 31
github.com/zyvorai/transiva/daemon/auth/pam_auth.go:103.2,104.9 4 31
github.com/zyvorai/transiva/daemon/auth/pam_auth.go:105.3,106.1 1 6
github.com/zyvorai/transiva/daemon/auth/pam_auth.go:108.2,108.41 1 25
github.com/zyvorai/transiva/daemon/auth/pam_auth.go:109.3,110.1 1 2
github.com/zyvorai/transiva/daemon/auth/pam_auth.go:112.2,112.21 1 23
github.com/zyvorai/transiva/daemon/auth/pam_auth.go:117.2,120.1 3 17
github.com/zyvorai/transiva/daemon/auth/pam_auth.go:124.2,126.1 3 17
github.com/zyvorai/transiva/daemon/auth/pam_auth.go:127.2,127.21 3 17
github.com/zyvorai/transiva/daemon/auth/pam_auth.go:128.3,130.43 3 0
github.com/zyvorai/transiva/daemon/auth/pam_auth.go:131.4,131.36 1 0
github.com/zyvorai/transiva/daemon/auth/pam_auth.go:132.5,133.1 1 0
github.com/zyvorai/transiva/daemon/auth/pam_auth.go:135.3,135.17 1 0
github.com/zyvorai/transiva/daemon/auth/pam_auth.go:141.2,142.40 2 1005
github.com/zyvorai/transiva/daemon/auth/pam_auth.go:143.3,144.1 1 0
github.com/zyvorai/transiva/daemon/auth/pam_auth.go:145.2,145.50 1 1005
github.com/zyvorai/transiva/daemon/capabilities/detector.go:45.2,48.1 1 26
github.com/zyvorai/transiva/daemon/capabilities/detector.go:53.2,54.1 5 14
github.com/zyvorai/transiva/daemon/capabilities/detector.go:56.2,58.1 5 14
github.com/zyvorai/transiva/daemon/capabilities/detector.go:59.2,67.1 5 14
github.com/zyvorai/transiva/daemon/capabilities/detector.go:69.2,69.28 5 14
github.com/zyvorai/transiva/daemon/capabilities/detector.go:70.3,71.67 2 56
github.com/zyvorai/transiva/daemon/capabilities/detector.go:72.4,75.1 3 56
github.com/zyvorai/transiva/daemon/capabilities/detector.go:79.2,79.12 1 14
github.com/zyvorai/transiva/daemon/capabilities/detector.go:80.3,82.1 2 14
github.com/zyvorai/transiva/daemon/capabilities/detector.go:85.2,86.30 2 14
github.com/zyvorai/transiva/daemon/capabilities/detector.go:87.3,88.20 2 56
github.com/zyvorai/transiva/daemon/capabilities/detector.go:89.4,94.1 1 17
github.com/zyvorai/transiva/daemon/capabilities/detector.go:95.4,96.1 1 39
github.com/zyvorai/transiva/daemon/capabilities/detector.go:98.2,99.1 2 14
github.com/zyvorai/transiva/daemon/capabilities/detector.go:100.2,100.12 2 14
github.com/zyvorai/transiva/daemon/capabilities/detector.go:105.2,107.1 4 23
github.com/zyvorai/transiva/daemon/capabilities/detector.go:109.2,110.35 4 23
github.com/zyvorai/transiva/daemon/capabilities/detector.go:111.3,113.1 2 90
github.com/zyvorai/transiva/daemon/capabilities/detector.go:114.2,114.13 1 23
github.com/zyvorai/transiva/daemon/capabilities/detector.go:119.2,121.1 4 19
github.com/zyvorai/transiva/daemon/capabilities/detector.go:123.2,128.1 4 19
github.com/zyvorai/transiva/daemon/capabilities/detector.go:130.2,130.39 4 19
github.com/zyvorai/transiva/daemon/capabilities/detector.go:131.3,131.69 1 62
github.com/zyvorai/transiva/daemon/capabilities/detector.go:132.4,133.1 1 17
github.com/zyvorai/transiva/daemon/capabilities/detector.go:137.2,137.24 1 2
github.com/zyvorai/transiva/daemon/capabilities/detector.go:143.2,144.1 1 1
github.com/zyvorai/transiva/daemon/capabilities/detector.go:148.2,150.1 4 16
github.com/zyvorai/transiva/daemon/capabilities/detector.go:151.2,153.1 4 16
github.com/zyvorai/transiva/daemon/capabilities/detector.go:157.2,162.1 3 18
github.com/zyvorai/transiva/daemon/capabilities/detector.go:165.2,166.16 3 18
github.com/zyvorai/transiva/daemon/capabilities/detector.go:167.3,168.1 1 16
github.com/zyvorai/transiva/daemon/capabilities/detector.go:170.2,171.1 6 2
github.com/zyvorai/transiva/daemon/capabilities/detector.go:173.2,175.1 6 2
github.com/zyvorai/transiva/daemon/capabilities/detector.go:176.2,178.16 6 2
github.com/zyvorai/transiva/daemon/capabilities/detector.go:180.3,183.1 3 2
github.com/zyvorai/transiva/daemon/capabilities/detector.go:186.2,189.1 4 0
github.com/zyvorai/transiva/daemon/capabilities/detector.go:190.2,190.12 4 0
github.com/zyvorai/transiva/daemon/capabilities/detector.go:195.2,200.1 3 16
github.com/zyvorai/transiva/daemon/capabilities/detector.go:203.2,204.16 3 16
github.com/zyvorai/transiva/daemon/capabilities/detector.go:205.3,206.1 1 15
github.com/zyvorai/transiva/daemon/capabilities/detector.go:208.2,209.1 6 1
github.com/zyvorai/transiva/daemon/capabilities/detector.go:211.2,213.1 6 1
github.com/zyvorai/transiva/daemon/capabilities/detector.go:214.2,216.16 6 1
github.com/zyvorai/transiva/daemon/capabilities/detector.go:217.3,220.1 3 1
github.com/zyvorai/transiva/daemon/capabilities/detector.go:223.2,226.1 4 0
github.com/zyvorai/transiva/daemon/capabilities/detector.go:227.2,227.12 4 0
github.com/zyvorai/transiva/daemon/capabilities/detector.go:232.2,237.1 3 16
github.com/zyvorai/transiva/daemon/capabilities/detector.go:240.2,241.16 3 16
github.com/zyvorai/transiva/daemon/capabilities/detector.go:242.3,243.1 1 15
github.com/zyvorai/transiva/daemon/capabilities/detector.go:245.2,246.1 6 1
github.com/zyvorai/transiva/daemon/capabilities/detector.go:248.2,250.1 6 1
github.com/zyvorai/transiva/daemon/capabilities/detector.go:251.2,253.16 6 1
github.com/zyvorai/transiva/daemon/capabilities/detector.go:254.3,257.1 3 1
github.com/zyvorai/transiva/daemon/capabilities/detector.go:260.2,261.29 2 0
github.com/zyvorai/transiva/daemon/capabilities/detector.go:262.3,262.47 1 0
github.com/zyvorai/transiva/daemon/capabilities/detector.go:263.4,264.9 2 0
github.com/zyvorai/transiva/daemon/capabilities/detector.go:268.2,268.23 1 0
github.com/zyvorai/transiva/daemon/capabilities/detector.go:269.3,270.1 1 0
github.com/zyvorai/transiva/daemon/capabilities/detector.go:272.2,273.12 2 0
github.com/zyvorai/transiva/daemon/capabilities/detector.go:278.2,285.1 1 16
github.com/zyvorai/transiva/daemon/config/validator.go:27.2,28.1 1 1
github.com/zyvorai/transiva/daemon/config/validator.go:39.2,45.1 2 127
github.com/zyvorai/transiva/daemon/config/validator.go:49.2,50.1 1 147
github.com/zyvorai/transiva/daemon/config/validator.go:141.2,144.1 1 45
github.com/zyvorai/transiva/daemon/config/validator.go:149.2,158.1 10 45
github.com/zyvorai/transiva/daemon/config/validator.go:159.2,160.1 10 45
github.com/zyvorai/transiva/daemon/config/validator.go:164.2,165.1 2 45
github.com/zyvorai/transiva/daemon/config/validator.go:167.2,167.34 2 45
github.com/zyvorai/transiva/daemon/config/validator.go:168.3,169.1 1 4
github.com/zyvorai/transiva/daemon/config/validator.go:172.2,172.18 1 45
github.com/zyvorai/transiva/daemon/config/validator.go:173.3,173.58 1 14
github.com/zyvorai/transiva/daemon/config/validator.go:174.4,175.1 1 1
github.com/zyvorai/transiva/daemon/config/validator.go:179.2,181.1 2 45
github.com/zyvorai/transiva/daemon/config/validator.go:182.2,182.50 2 45
github.com/zyvorai/transiva/daemon/config/validator.go:183.3,184.1 1 2
github.com/zyvorai/transiva/daemon/config/validator.go:187.2,187.19 1 45
github.com/zyvorai/transiva/daemon/config/validator.go:188.3,189.1 1 1
github.com/zyvorai/transiva/daemon/config/validator.go:189.9,189.38 1 44
github.com/zyvorai/transiva/daemon/config/validator.go:190.3,191.1 1 32
github.com/zyvorai/transiva/daemon/config/validator.go:194.2,194.23 1 45
github.com/zyvorai/transiva/daemon/config/validator.go:195.3,196.1 1 0
github.com/zyvorai/transiva/daemon/config/validator.go:196.9,196.31 1 45
github.com/zyvorai/transiva/daemon/config/validator.go:197.3,198.1 1 32
github.com/zyvorai/transiva/daemon/config/validator.go:203.2,204.1 2 45
github.com/zyvorai/transiva/daemon/config/validator.go:205.2,205.16 2 45
github.com/zyvorai/transiva/daemon/config/validator.go:206.3,207.1 1 38
github.com/zyvorai/transiva/daemon/config/validator.go:210.2,210.34 1 7
github.com/zyvorai/transiva/daemon/config/validator.go:211.3,212.1 1 1
github.com/zyvorai/transiva/daemon/config/validator.go:215.2,215.36 1 7
github.com/zyvorai/transiva/daemon/config/validator.go:216.3,217.1 1 1
github.com/zyvorai/transiva/daemon/config/validator.go:220.2,220.26 1 7
github.com/zyvorai/transiva/daemon/config/validator.go:221.3,222.1 1 2
github.com/zyvorai/transiva/daemon/config/validator.go:222.9,222.52 1 5
github.com/zyvorai/transiva/daemon/config/validator.go:223.3,224.1 1 3
github.com/zyvorai/transiva/daemon/config/validator.go:227.2,227.22 1 7
github.com/zyvorai/transiva/daemon/config/validator.go:228.3,229.1 1 4
github.com/zyvorai/transiva/daemon/config/validator.go:229.9,229.33 1 3
github.com/zyvorai/transiva/daemon/config/validator.go:230.3,231.1 1 0
github.com/zyvorai/transiva/daemon/config/validator.go:236.2,237.1 2 45
github.com/zyvorai/transiva/daemon/config/validator.go:239.2,239.22 2 45
github.com/zyvorai/transiva/daemon/config/validator.go:240.3,241.1 1 31
github.com/zyvorai/transiva/daemon/config/validator.go:241.9,241.32 1 14
github.com/zyvorai/transiva/daemon/config/validator.go:242.3,243.1 1 1
github.com/zyvorai/transiva/daemon/config/validator.go:246.2,246.24 1 45
github.com/zyvorai/transiva/daemon/config/validator.go:247.3,248.1 1 31
github.com/zyvorai/transiva/daemon/config/validator.go:248.9,248.37 1 14
github.com/zyvorai/transiva/daemon/config/validator.go:249.3,250.1 1 1
github.com/zyvorai/transiva/daemon/config/validator.go:253.2,253.26 1 45
github.com/zyvorai/transiva/daemon/config/validator.go:254.3,255.1 1 0
github.com/zyvorai/transiva/daemon/config/validator.go:255.9,255.45 1 45
github.com/zyvorai/transiva/daemon/config/validator.go:256.3,257.1 1 31
github.com/zyvorai/transiva/daemon/config/validator.go:262.2,263.1 3 45
github.com/zyvorai/transiva/daemon/config/validator.go:265.2,266.31 3 45
github.com/zyvorai/transiva/daemon/config/validator.go:267.3,268.1 1 28
github.com/zyvorai/transiva/daemon/config/validator.go:271.2,271.26 1 45
github.com/zyvorai/transiva/daemon/config/validator.go:272.3,272.24 1 4
github.com/zyvorai/transiva/daemon/config/validator.go:273.4,274.1 1 1
github.com/zyvorai/transiva/daemon/config/validator.go:275.4,275.55 1 3
github.com/zyvorai/transiva/daemon/config/validator.go:276.5,277.1 1 1
github.com/zyvorai/transiva/daemon/config/validator.go:280.3,280.38 1 4
github.com/zyvorai/transiva/daemon/config/validator.go:281.4,282.1 1 2
github.com/zyvorai/transiva/daemon/config/validator.go:286.2,286.25 1 45
github.com/zyvorai/transiva/daemon/config/validator.go:287.3,288.1 1 0
github.com/zyvorai/transiva/daemon/config/validator.go:288.9,288.40 1 45
github.com/zyvorai/transiva/daemon/config/validator.go:289.3,290.1 1 33
github.com/zyvorai/transiva/daemon/config/validator.go:293.2,293.22 1 45
github.com/zyvorai/transiva/daemon/config/validator.go:294.3,295.1 1 0
github.com/zyvorai/transiva/daemon/config/validator.go:295.9,295.40 1 45
github.com/zyvorai/transiva/daemon/config/validator.go:296.3,297.1 1 1
github.com/zyvorai/transiva/daemon/config/validator.go:302.2,303.1 2 45
github.com/zyvorai/transiva/daemon/config/validator.go:304.2,304.16 2 45
github.com/zyvorai/transiva/daemon/config/validator.go:305.3,306.1 1 38
github.com/zyvorai/transiva/daemon/config/validator.go:309.2,309.23 1 7
github.com/zyvorai/transiva/daemon/config/validator.go:310.3,311.1 1 1
github.com/zyvorai/transiva/daemon/config/validator.go:312.3,312.35 1 6
github.com/zyvorai/transiva/daemon/config/validator.go:313.4,314.1 1 1
github.com/zyvorai/transiva/daemon/config/validator.go:317.3,317.57 1 6
github.com/zyvorai/transiva/daemon/config/validator.go:318.4,318.57 1 2
github.com/zyvorai/transiva/daemon/config/validator.go:319.5,320.1 1 0
github.com/zyvorai/transiva/daemon/config/validator.go:325.2,325.22 1 7
github.com/zyvorai/transiva/daemon/config/validator.go:326.3,327.1 1 2
github.com/zyvorai/transiva/daemon/config/validator.go:330.2,330.25 1 7
github.com/zyvorai/transiva/daemon/config/validator.go:331.3,332.1 1 0
github.com/zyvorai/transiva/daemon/config/validator.go:332.9,332.33 1 7
github.com/zyvorai/transiva/daemon/config/validator.go:333.3,334.1 1 3
github.com/zyvorai/transiva/daemon/config/validator.go:337.2,337.20 1 7
github.com/zyvorai/transiva/daemon/config/validator.go:338.3,339.1 1 0
github.com/zyvorai/transiva/daemon/config/validator.go:339.9,339.37 1 7
github.com/zyvorai/transiva/daemon/config/validator.go:340.3,341.1 1 3
github.com/zyvorai/transiva/daemon/config/validator.go:346.2,347.1 2 45
github.com/zyvorai/transiva/daemon/config/validator.go:348.2,348.16 2 45
github.com/zyvorai/transiva/daemon/config/validator.go:349.3,350.1 1 40
github.com/zyvorai/transiva/daemon/config/validator.go:353.2,353.54 1 5
github.com/zyvorai/transiva/daemon/config/validator.go:354.3,355.1 1 0
github.com/zyvorai/transiva/daemon/config/validator.go:358.2,358.46 1 5
github.com/zyvorai/transiva/daemon/config/validator.go:359.3,360.1 1 1
github.com/zyvorai/transiva/daemon/config/validator.go:361.2,361.49 1 5
github.com/zyvorai/transiva/daemon/config/validator.go:362.3,363.1 1 1
github.com/zyvorai/transiva/daemon/config/validator.go:366.2,366.22 1 5
github.com/zyvorai/transiva/daemon/config/validator.go:367.3,367.25 1 1
github.com/zyvorai/transiva/daemon/config/validator.go:368.4,369.1 1 1
github.com/zyvorai/transiva/daemon/config/validator.go:370.4,370.53 1 0
github.com/zyvorai/transiva/daemon/config/validator.go:371.5,372.1 1 0
github.com/zyvorai/transiva/daemon/config/validator.go:379.2,380.1 2 45
github.com/zyvorai/transiva/daemon/config/validator.go:381.2,381.16 2 45
github.com/zyvorai/transiva/daemon/config/validator.go:382.3,383.1 1 41
github.com/zyvorai/transiva/daemon/config/validator.go:386.2,386.23 1 4
github.com/zyvorai/transiva/daemon/config/validator.go:387.3,388.1 1 1
github.com/zyvorai/transiva/daemon/config/validator.go:388.9,388.34 1 3
github.com/zyvorai/transiva/daemon/config/validator.go:389.3,390.1 1 2
github.com/zyvorai/transiva/daemon/config/validator.go:393.2,393.25 1 4
github.com/zyvorai/transiva/daemon/config/validator.go:394.3,395.1 1 1
github.com/zyvorai/transiva/daemon/config/validator.go:395.9,395.34 1 3
github.com/zyvorai/transiva/daemon/config/validator.go:396.3,397.1 1 1
github.com/zyvorai/transiva/daemon/config/validator.go:400.2,400.30 1 4
github.com/zyvorai/transiva/daemon/config/validator.go:401.3,402.1 1 2
github.com/zyvorai/transiva/daemon/config/validator.go:407.2,408.1 2 45
github.com/zyvorai/transiva/daemon/config/validator.go:409.2,409.16 2 45
github.com/zyvorai/transiva/daemon/config/validator.go:410.3,411.1 1 42
github.com/zyvorai/transiva/daemon/config/validator.go:414.2,414.26 1 3
github.com/zyvorai/transiva/daemon/config/validator.go:415.3,416.1 1 1
github.com/zyvorai/transiva/daemon/config/validator.go:419.2,419.21 1 3
github.com/zyvorai/transiva/daemon/config/validator.go:420.3,421.1 1 1
github.com/zyvorai/transiva/daemon/config/validator.go:421.9,421.43 1 2
github.com/zyvorai/transiva/daemon/config/validator.go:422.3,423.1 1 0
github.com/zyvorai/transiva/daemon/config/validator.go:428.2,429.1 3 45
github.com/zyvorai/transiva/daemon/config/validator.go:431.2,433.1 3 45
github.com/zyvorai/transiva/daemon/config/validator.go:434.2,434.44 3 45
github.com/zyvorai/transiva/daemon/config/validator.go:435.3,436.1 1 2
github.com/zyvorai/transiva/daemon/config/validator.go:439.2,440.46 2 45
github.com/zyvorai/transiva/daemon/config/validator.go:441.3,442.1 1 2
github.com/zyvorai/transiva/daemon/config/validator.go:445.2,445.68 1 45
github.com/zyvorai/transiva/daemon/config/validator.go:447.3,448.49 2 1
github.com/zyvorai/transiva/daemon/config/validator.go:449.4,450.1 1 1
github.com/zyvorai/transiva/daemon/config/validator.go:454.2,454.19 1 45
github.com/zyvorai/transiva/daemon/config/validator.go:455.3,456.1 1 1
github.com/zyvorai/transiva/daemon/config/validator.go:459.2,459.22 1 45
github.com/zyvorai/transiva/daemon/config/validator.go:460.3,461.1 1 1
github.com/zyvorai/transiva/daemon/config/validator.go:464.2,464.18 1 45
github.com/zyvorai/transiva/daemon/config/validator.go:465.3,466.1 1 1
github.com/zyvorai/transiva/daemon/config/validator.go:471.2,472.16 2 13
github.com/zyvorai/transiva/daemon/config/validator.go:473.3,474.1 1 3
github.com/zyvorai/transiva/daemon/config/validator.go:477.2,477.53 1 10
github.com/zyvorai/transiva/daemon/config/validator.go:479.3,479.29 1 2
github.com/zyvorai/transiva/daemon/config/validator.go:480.4,481.1 1 1
github.com/zyvorai/transiva/daemon/config/validator.go:485.2,486.16 2 9
github.com/zyvorai/transiva/daemon/config/validator.go:487.3,488.1 1 1
github.com/zyvorai/transiva/daemon/config/validator.go:489.2,489.30 1 8
github.com/zyvorai/transiva/daemon/config/validator.go:490.3,491.1 1 2
github.com/zyvorai/transiva/daemon/config/validator.go:493.2,493.12 1 6
github.com/zyvorai/transiva/daemon/config/validator.go:499.2,502.1 3 12
github.com/zyvorai/transiva/daemon/cache/cache.go:89.2,104.1 1 20
github.com/zyvorai/transiva/daemon/cache/cache.go:109.2,109.19 1 5
github.com/zyvorai/transiva/daemon/cache/cache.go:110.3,111.1 1 1
github.com/zyvorai/transiva/daemon/cache/cache.go:113.2,113.24 1 5
github.com/zyvorai/transiva/daemon/cache/cache.go:115.3,116.17 2 2
github.com/zyvorai/transiva/daemon/cache/cache.go:117.4,117.29 1 2
github.com/zyvorai/transiva/daemon/cache/cache.go:119.5,120.1 1 1
github.com/zyvorai/transiva/daemon/cache/cache.go:121.4,121.19 1 1
github.com/zyvorai/transiva/daemon/cache/cache.go:123.3,123.20 1 0
github.com/zyvorai/transiva/daemon/cache/cache.go:125.3,125.37 1 2
github.com/zyvorai/transiva/daemon/cache/cache.go:127.3,127.54 1 1
github.com/zyvorai/transiva/daemon/cache/cache.go:142.2,155.1 4 2
github.com/zyvorai/transiva/daemon/cache/cache.go:157.2,159.1 4 2
github.com/zyvorai/transiva/daemon/cache/cache.go:160.2,160.47 4 2
github.com/zyvorai/transiva/daemon/cache/cache.go:161.3,162.1 1 2
github.com/zyvorai/transiva/daemon/cache/cache.go:164.2,167.1 2 0
github.com/zyvorai/transiva/daemon/cache/cache.go:170.2,170.27 2 0
github.com/zyvorai/transiva/daemon/cache/cache.go:171.3,172.1 1 0
github.com/zyvorai/transiva/daemon/cache/cache.go:174.2,174.19 1 0
github.com/zyvorai/transiva/daemon/cache/cache.go:179.2,180.16 2 0
github.com/zyvorai/transiva/daemon/cache/cache.go:181.3,184.1 4 0
github.com/zyvorai/transiva/daemon/cache/cache.go:185.3,185.23 4 0
github.com/zyvorai/transiva/daemon/cache/cache.go:186.4,187.1 1 0
github.com/zyvorai/transiva/daemon/cache/cache.go:190.3,190.24 1 0
github.com/zyvorai/transiva/daemon/cache/cache.go:191.4,192.1 1 0
github.com/zyvorai/transiva/daemon/cache/cache.go:194.3,194.18 1 0
github.com/zyvorai/transiva/daemon/cache/cache.go:197.2,200.1 5 0
github.com/zyvorai/transiva/daemon/cache/cache.go:201.2,202.53 5 0
github.com/zyvorai/transiva/daemon/cache/cache.go:203.3,204.1 1 0
github.com/zyvorai/transiva/daemon/cache/cache.go:206.2,206.19 1 0
github.com/zyvorai/transiva/daemon/cache/cache.go:211.2,212.16 2 0
github.com/zyvorai/transiva/daemon/cache/cache.go:213.3,214.1 1 0
github.com/zyvorai/transiva/daemon/cache/cache.go:216.2,216.64 1 0
github.com/zyvorai/transiva/daemon/cache/cache.go:218.3,218.24 1 0
github.com/zyvorai/transiva/daemon/cache/cache.go:219.4,220.1 1 0
github.com/zyvorai/transiva/daemon/cache/cache.go:221.3,221.13 1 0
github.com/zyvorai/transiva/daemon/cache/cache.go:224.2,227.1 4 0
github.com/zyvorai/transiva/daemon/cache/cache.go:229.2,229.23 4 0
github.com/zyvorai/transiva/daemon/cache/cache.go:230.3,230.62 1 0
github.com/zyvorai/transiva/daemon/cache/cache.go:231.4,232.1 1 0
github.com/zyvorai/transiva/daemon/cache/cache.go:235.2,235.12 1 0
github.com/zyvorai/transiva/daemon/cache/cache.go:240.2,240.53 1 0
github.com/zyvorai/transiva/daemon/cache/cache.go:242.3,242.24 1 0
github.com/zyvorai/transiva/daemon/cache/cache.go:243.4,244.1 1 0
github.com/zyvorai/transiva/daemon/cache/cache.go:245.3,245.13 1 0
github.com/zyvorai/transiva/daemon/cache/cache.go:248.2,251.1 4 0
github.com/zyvorai/transiva/daemon/cache/cache.go:253.2,253.23 4 0
github.com/zyvorai/transiva/daemon/cache/cache.go:254.3,254.53 1 0
github.com/zyvorai/transiva/daemon/cache/cache.go:255.4,256.1 1 0
github.com/zyvorai/transiva/daemon/cache/cache.go:259.2,259.12 1 0
github.com/zyvorai/transiva/daemon/cache/cache.go:264.2,265.16 2 0
github.com/zyvorai/transiva/daemon/cache/cache.go:267.3,267.24 1 0
github.com/zyvorai/transiva/daemon/cache/cache.go:268.4,269.1 1 0
github.com/zyvorai/transiva/daemon/cache/cache.go:270.3,270.20 1 0
github.com/zyvorai/transiva/daemon/cache/cache.go:273.2,273.23 1 0
github.com/zyvorai/transiva/daemon/cache/cache.go:278.2,278.52 1 0
github.com/zyvorai/transiva/daemon/cache/cache.go:280.3,280.24 1 0
github.com/zyvorai/transiva/daemon/cache/cache.go:281.4,282.1 1 0
github.com/zyvorai/transiva/daemon/cache/cache.go:283.3,283.13 1 0
github.com/zyvorai/transiva/daemon/cache/cache.go:287.2,287.23 1 0
github.com/zyvorai/transiva/daemon/cache/cache.go:288.3,288.47 1 0
github.com/zyvorai/transiva/daemon/cache/cache.go:289.4,290.1 1 0
github.com/zyvorai/transiva/daemon/cache/cache.go:293.2,293.12 1 0
github.com/zyvorai/transiva/daemon/cache/cache.go:298.2,298.23 1 0
github.com/zyvorai/transiva/daemon/cache/cache.go:299.3,299.44 1 0
github.com/zyvorai/transiva/daemon/cache/cache.go:300.4,301.1 1 0
github.com/zyvorai/transiva/daemon/cache/cache.go:303.2,303.25 1 0
github.com/zyvorai/transiva/daemon/cache/cache.go:308.2,311.1 3 0
github.com/zyvorai/transiva/daemon/cache/cache.go:330.2,333.1 3 17
github.com/zyvorai/transiva/daemon/cache/cache.go:336.2,337.1 3 17
github.com/zyvorai/transiva/daemon/cache/cache.go:338.2,339.1 3 17
github.com/zyvorai/transiva/daemon/cache/cache.go:343.2,345.1 4 1019
github.com/zyvorai/transiva/daemon/cache/cache.go:346.2,347.13 4 1019
github.com/zyvorai/transiva/daemon/cache/cache.go:348.3,352.1 4 6
github.com/zyvorai/transiva/daemon/cache/cache.go:355.2,355.39 1 1013
github.com/zyvorai/transiva/daemon/cache/cache.go:356.3,360.1 4 3
github.com/zyvorai/transiva/daemon/cache/cache.go:362.2,365.1 4 1010
github.com/zyvorai/transiva/daemon/cache/cache.go:366.2,366.25 4 1010
github.com/zyvorai/transiva/daemon/cache/cache.go:371.2,373.1 6 1025
github.com/zyvorai/transiva/daemon/cache/cache.go:375.2,377.1 6 1025
github.com/zyvorai/transiva/daemon/cache/cache.go:379.2,380.47 6 1025
github.com/zyvorai/transiva/daemon/cache/cache.go:382.3,383.1 1 3
github.com/zyvorai/transiva/daemon/cache/cache.go:385.2,389.1 6 1025
github.com/zyvorai/transiva/daemon/cache/cache.go:391.2,395.1 6 1025
github.com/zyvorai/transiva/daemon/cache/cache.go:396.2,396.12 6 1025
github.com/zyvorai/transiva/daemon/cache/cache.go:401.2,403.1 8 6
github.com/zyvorai/transiva/daemon/cache/cache.go:404.2,405.1 8 6
github.com/zyvorai/transiva/daemon/cache/cache.go:406.2,410.1 8 6
github.com/zyvorai/transiva/daemon/cache/cache.go:411.2,412.1 8 6
github.com/zyvorai/transiva/daemon/cache/cache.go:416.2,418.1 4 15
github.com/zyvorai/transiva/daemon/cache/cache.go:419.2,420.13 4 15
github.com/zyvorai/transiva/daemon/cache/cache.go:421.3,422.1 1 7
github.com/zyvorai/transiva/daemon/cache/cache.go:425.2,425.39 1 8
github.com/zyvorai/transiva/daemon/cache/cache.go:426.3,427.1 1 1
github.com/zyvorai/transiva/daemon/cache/cache.go:429.2,429.18 1 7
github.com/zyvorai/transiva/daemon/cache/cache.go:434.2,436.1 7 1
github.com/zyvorai/transiva/daemon/cache/cache.go:437.2,438.1 7 1
github.com/zyvorai/transiva/daemon/cache/cache.go:439.2,442.1 7 1
github.com/zyvorai/transiva/daemon/cache/cache.go:443.2,444.1 7 1
github.com/zyvorai/transiva/daemon/cache/cache.go:448.2,449.1 1 17
github.com/zyvorai/transiva/daemon/cache/cache.go:453.2,456.1 3 4
github.com/zyvorai/transiva/daemon/cache/cache.go:460.2,461.31 2 2056
github.com/zyvorai/transiva/daemon/cache/cache.go:462.3,463.1 1 2061
github.com/zyvorai/transiva/daemon/cache/cache.go:464.2,464.14 1 2056
github.com/zyvorai/transiva/daemon/cache/cache.go:469.2,470.1 3 3
github.com/zyvorai/transiva/daemon/cache/cache.go:472.2,473.33 3 3
github.com/zyvorai/transiva/daemon/cache/cache.go:474.3,474.33 1 4
github.com/zyvorai/transiva/daemon/cache/cache.go:475.4,480.1 5 2
github.com/zyvorai/transiva/daemon/cache/cache.go:484.2,484.20 1 3
github.com/zyvorai/transiva/daemon/cache/cache.go:486.3,489.1 3 2
github.com/zyvorai/transiva/daemon/cache/cache.go:490.3,491.28 3 2
github.com/zyvorai/transiva/daemon/cache/cache.go:492.4,493.1 1 2
github.com/zyvorai/transiva/daemon/cache/cache.go:496.3,496.39 1 2
github.com/zyvorai/transiva/daemon/cache/cache.go:497.4,497.42 1 0
github.com/zyvorai/transiva/daemon/cache/cache.go:498.5,498.69 1 0
github.com/zyvorai/transiva/daemon/cache/cache.go:499.6,500.1 1 0
github.com/zyvorai/transiva/daemon/cache/cache.go:505.3,505.30 1 2
github.com/zyvorai/transiva/daemon/cache/cache.go:506.4,506.23 1 2
github.com/zyvorai/transiva/daemon/cache/cache.go:507.5,507.10 1 0
github.com/zyvorai/transiva/daemon/cache/cache.go:509.4,513.22 5 2
github.com/zyvorai/transiva/daemon/cache/cache.go:520.2,522.1 3 17
github.com/zyvorai/transiva/daemon/cache/cache.go:523.2,523.21 3 17
github.com/zyvorai/transiva/daemon/cache/cache.go:524.3,526.34 3 0
github.com/zyvorai/transiva/daemon/cache/cache.go:527.4,527.34 1 0
github.com/zyvorai/transiva/daemon/cache/cache.go:528.5,532.1 4 0
github.com/zyvorai/transiva/daemon/cache/cache.go:534.3,534.16 1 0
github.com/zyvorai/transiva/daemon/backup/backup.go:105.2,118.1 1 35
github.com/zyvorai/transiva/daemon/backup/backup.go:132.71,132.71 0 5
github.com/zyvorai/transiva/daemon/backup/backup.go:133.71,133.71 0 10
github.com/zyvorai/transiva/daemon/backup/backup.go:134.71,134.71 0 3
github.com/zyvorai/transiva/daemon/backup/backup.go:135.71,135.71 0 3
github.com/zyvorai/transiva/daemon/backup/backup.go:150.2,150.19 1 34
github.com/zyvorai/transiva/daemon/backup/backup.go:151.3,152.1 1 1
github.com/zyvorai/transiva/daemon/backup/backup.go:154.2,154.19 1 34
github.com/zyvorai/transiva/daemon/backup/backup.go:155.3,156.1 1 33
github.com/zyvorai/transiva/daemon/backup/backup.go:159.2,159.60 1 34
github.com/zyvorai/transiva/daemon/backup/backup.go:160.3,161.1 1 1
github.com/zyvorai/transiva/daemon/backup/backup.go:163.2,168.1 2 33
github.com/zyvorai/transiva/daemon/backup/backup.go:171.2,171.46 2 33
github.com/zyvorai/transiva/daemon/backup/backup.go:172.3,173.1 1 0
github.com/zyvorai/transiva/daemon/backup/backup.go:176.2,176.29 1 33
github.com/zyvorai/transiva/daemon/backup/backup.go:177.3,177.40 1 4
github.com/zyvorai/transiva/daemon/backup/backup.go:178.4,179.1 1 1
github.com/zyvorai/transiva/daemon/backup/backup.go:180.4,181.1 1 3
github.com/zyvorai/transiva/daemon/backup/backup.go:184.2,184.21 1 33
github.com/zyvorai/transiva/daemon/backup/backup.go:189.2,190.1 7 29
github.com/zyvorai/transiva/daemon/backup/backup.go:191.2,201.1 7 29
github.com/zyvorai/transiva/daemon/backup/backup.go:203.2,206.1 7 29
github.com/zyvorai/transiva/daemon/backup/backup.go:208.2,209.16 7 29
github.com/zyvorai/transiva/daemon/backup/backup.go:210.3,214.1 4 6
github.com/zyvorai/transiva/daemon/backup/backup.go:216.2,218.1 3 23
github.com/zyvorai/transiva/daemon/backup/backup.go:220.2,220.49 3 23
github.com/zyvorai/transiva/daemon/backup/backup.go:221.3,222.1 1 0
github.com/zyvorai/transiva/daemon/backup/backup.go:225.2,226.1 2 23
github.com/zyvorai/transiva/daemon/backup/backup.go:227.2,227.22 2 23
github.com/zyvorai/transiva/daemon/backup/backup.go:233.2,234.16 2 29
github.com/zyvorai/transiva/daemon/backup/backup.go:235.3,236.1 1 2
github.com/zyvorai/transiva/daemon/backup/backup.go:239.2,241.1 3 27
github.com/zyvorai/transiva/daemon/backup/backup.go:243.2,243.32 3 27
github.com/zyvorai/transiva/daemon/backup/backup.go:244.3,246.1 2 26
github.com/zyvorai/transiva/daemon/backup/backup.go:249.2,250.1 3 27
github.com/zyvorai/transiva/daemon/backup/backup.go:253.2,254.16 3 27
github.com/zyvorai/transiva/daemon/backup/backup.go:255.3,256.1 1 1
github.com/zyvorai/transiva/daemon/backup/backup.go:257.2,257.15 1 26
github.com/zyvorai/transiva/daemon/backup/backup.go:258.3,258.48 1 26
github.com/zyvorai/transiva/daemon/backup/backup.go:259.4,260.1 1 0
github.com/zyvorai/transiva/daemon/backup/backup.go:264.2,264.88 1 26
github.com/zyvorai/transiva/daemon/backup/backup.go:265.3,265.17 1 554
github.com/zyvorai/transiva/daemon/backup/backup.go:266.4,267.1 1 0
github.com/zyvorai/transiva/daemon/backup/backup.go:270.3,270.10 1 554
github.com/zyvorai/transiva/daemon/backup/backup.go:272.4,272.20 1 1
github.com/zyvorai/transiva/daemon/backup/backup.go:273.11,273.11 0 553
github.com/zyvorai/transiva/daemon/backup/backup.go:276.3,277.17 2 553
github.com/zyvorai/transiva/daemon/backup/backup.go:278.4,279.1 1 0
github.com/zyvorai/transiva/daemon/backup/backup.go:282.3,283.17 2 553
github.com/zyvorai/transiva/daemon/backup/backup.go:284.4,285.1 1 0
github.com/zyvorai/transiva/daemon/backup/backup.go:288.3,289.1 2 553
github.com/zyvorai/transiva/daemon/backup/backup.go:291.3,291.55 2 553
github.com/zyvorai/transiva/daemon/backup/backup.go:292.4,293.1 1 0
github.com/zyvorai/transiva/daemon/backup/backup.go:296.3,296.30 1 553
github.com/zyvorai/transiva/daemon/backup/backup.go:297.4,298.18 2 526
github.com/zyvorai/transiva/daemon/backup/backup.go:299.5,300.1 1 1
github.com/zyvorai/transiva/daemon/backup/backup.go:301.4,301.17 1 525
github.com/zyvorai/transiva/daemon/backup/backup.go:302.5,302.47 1 525
github.com/zyvorai/transiva/daemon/backup/backup.go:303.6,304.1 1 0
github.com/zyvorai/transiva/daemon/backup/backup.go:307.4,307.51 1 525
github.com/zyvorai/transiva/daemon/backup/backup.go:308.5,309.1 1 0
github.com/zyvorai/transiva/daemon/backup/backup.go:311.4,311.52 1 525
github.com/zyvorai/transiva/daemon/backup/backup.go:314.3,314.13 1 552
github.com/zyvorai/transiva/daemon/backup/backup.go:317.2,317.16 1 26
github.com/zyvorai/transiva/daemon/backup/backup.go:318.3,319.1 1 2
github.com/zyvorai/transiva/daemon/backup/backup.go:322.2,322.42 1 24
github.com/zyvorai/transiva/daemon/backup/backup.go:323.3,323.48 1 0
github.com/zyvorai/transiva/daemon/backup/backup.go:324.4,325.1 1 0
github.com/zyvorai/transiva/daemon/backup/backup.go:326.3,326.13 1 0
github.com/zyvorai/transiva/daemon/backup/backup.go:329.2,329.23 1 24
github.com/zyvorai/transiva/daemon/backup/backup.go:330.3,330.44 1 23
github.com/zyvorai/transiva/daemon/backup/backup.go:331.4,331.49 1 0
github.com/zyvorai/transiva/daemon/backup/backup.go:332.5,333.1 1 0
github.com/zyvorai/transiva/daemon/backup/backup.go:334.4,334.14 1 0
github.com/zyvorai/transiva/daemon/backup/backup.go:338.2,338.37 1 24
github.com/zyvorai/transiva/daemon/backup/backup.go:339.3,340.1 1 0
github.com/zyvorai/transiva/daemon/backup/backup.go:343.2,344.16 2 24
github.com/zyvorai/transiva/daemon/backup/backup.go:345.3,346.1 1 1
github.com/zyvorai/transiva/daemon/backup/backup.go:347.2,348.1 3 23
github.com/zyvorai/transiva/daemon/backup/backup.go:350.2,351.16 3 23
github.com/zyvorai/transiva/daemon/backup/backup.go:352.3,353.1 1 0
github.com/zyvorai/transiva/daemon/backup/backup.go:354.2,354.15 1 23
github.com/zyvorai/transiva/daemon/backup/backup.go:355.3,355.45 1 23
github.com/zyvorai/transiva/daemon/backup/backup.go:356.4,357.1 1 0
github.com/zyvorai/transiva/daemon/backup/backup.go:360.2,361.44 2 23
github.com/zyvorai/transiva/daemon/backup/backup.go:362.3,363.1 1 0
github.com/zyvorai/transiva/daemon/backup/backup.go:364.2,365.1 2 23
github.com/zyvorai/transiva/daemon/backup/backup.go:366.2,366.12 2 23
github.com/zyvorai/transiva/daemon/backup/backup.go:371.2,372.17 2 7
github.com/zyvorai/transiva/daemon/backup/backup.go:373.3,375.1 2 1
github.com/zyvorai/transiva/daemon/backup/backup.go:376.2,378.1 3 6
github.com/zyvorai/transiva/daemon/backup/backup.go:379.2,379.15 3 6
github.com/zyvorai/transiva/daemon/backup/backup.go:380.3,383.1 3 6
github.com/zyvorai/transiva/daemon/backup/backup.go:386.2,389.1 4 6
github.com/zyvorai/transiva/daemon/backup/backup.go:390.2,390.13 4 6
github.com/zyvorai/transiva/daemon/backup/backup.go:391.3,392.1 1 1
github.com/zyvorai/transiva/daemon/backup/backup.go:395.2,395.49 1 5
github.com/zyvorai/transiva/daemon/backup/backup.go:396.3,397.1 1 1
github.com/zyvorai/transiva/daemon/backup/backup.go:400.2,400.52 1 4
github.com/zyvorai/transiva/daemon/backup/backup.go:406.2,407.16 2 4
github.com/zyvorai/transiva/daemon/backup/backup.go:408.3,409.1 1 0
github.com/zyvorai/transiva/daemon/backup/backup.go:410.2,410.15 1 4
github.com/zyvorai/transiva/daemon/backup/backup.go:411.3,411.48 1 4
github.com/zyvorai/transiva/daemon/backup/backup.go:412.4,413.1 1 0
github.com/zyvorai/transiva/daemon/backup/backup.go:417.2,418.1 2 4
github.com/zyvorai/transiva/daemon/backup/backup.go:420.2,420.25 2 4
github.com/zyvorai/transiva/daemon/backup/backup.go:421.3,422.17 2 4
github.com/zyvorai/transiva/daemon/backup/backup.go:423.4,424.1 1 0
github.com/zyvorai/transiva/daemon/backup/backup.go:425.3,425.16 1 4
github.com/zyvorai/transiva/daemon/backup/backup.go:426.4,426.55 1 4
github.com/zyvorai/transiva/daemon/backup/backup.go:427.5,428.1 1 0
github.com/zyvorai/transiva/daemon/backup/backup.go:430.3,430.22 1 4
github.com/zyvorai/transiva/daemon/backup/backup.go:434.2,435.1 2 4
github.com/zyvorai/transiva/daemon/backup/backup.go:437.2,437.6 2 4
github.com/zyvorai/transiva/daemon/backup/backup.go:438.3,438.10 1 514
github.com/zyvorai/transiva/daemon/backup/backup.go:440.4,440.20 1 0
github.com/zyvorai/transiva/daemon/backup/backup.go:441.11,441.11 0 514
github.com/zyvorai/transiva/daemon/backup/backup.go:444.3,445.20 2 514
github.com/zyvorai/transiva/daemon/backup/backup.go:446.4,446.9 1 3
github.com/zyvorai/transiva/daemon/backup/backup.go:448.3,448.17 1 511
github.com/zyvorai/transiva/daemon/backup/backup.go:449.4,450.1 1 0
github.com/zyvorai/transiva/daemon/backup/backup.go:454.3,455.1 3 511
github.com/zyvorai/transiva/daemon/backup/backup.go:456.3,457.104 3 511
github.com/zyvorai/transiva/daemon/backup/backup.go:458.4,459.1 1 0
github.com/zyvorai/transiva/daemon/backup/backup.go:463.3,463.46 1 511
github.com/zyvorai/transiva/daemon/backup/backup.go:464.4,465.1 1 0
github.com/zyvorai/transiva/daemon/backup/backup.go:466.3,467.1 2 511
github.com/zyvorai/transiva/daemon/backup/backup.go:469.3,469.37 2 511
github.com/zyvorai/transiva/daemon/backup/backup.go:470.4,470.56 1 6
github.com/zyvorai/transiva/daemon/backup/backup.go:471.5,472.1 1 0
github.com/zyvorai/transiva/daemon/backup/backup.go:473.4,473.12 1 6
github.com/zyvorai/transiva/daemon/backup/backup.go:477.3,477.65 1 505
github.com/zyvorai/transiva/daemon/backup/backup.go:478.4,479.1 1 0
github.com/zyvorai/transiva/daemon/backup/backup.go:483.3,484.17 2 505
github.com/zyvorai/transiva/daemon/backup/backup.go:485.4,486.1 1 1
github.com/zyvorai/transiva/daemon/backup/backup.go:490.3,490.22 1 504
github.com/zyvorai/transiva/daemon/backup/backup.go:491.4,491.46 1 0
github.com/zyvorai/transiva/daemon/backup/backup.go:492.5,493.1 1 0
github.com/zyvorai/transiva/daemon/backup/backup.go:494.4,494.83 1 0
github.com/zyvorai/transiva/daemon/backup/backup.go:496.3,496.81 1 504
github.com/zyvorai/transiva/daemon/backup/backup.go:497.4,497.46 1 0
github.com/zyvorai/transiva/daemon/backup/backup.go:498.5,499.1 1 0
github.com/zyvorai/transiva/daemon/backup/backup.go:500.4,500.14 1 0
github.com/zyvorai/transiva/daemon/backup/backup.go:502.3,502.35 1 504
github.com/zyvorai/transiva/daemon/backup/backup.go:503.4,504.1 1 0
github.com/zyvorai/transiva/daemon/backup/backup.go:507.2,507.12 1 3
github.com/zyvorai/transiva/daemon/backup/backup.go:512.2,513.16 2 7
github.com/zyvorai/transiva/daemon/backup/backup.go:514.3,515.1 1 0
github.com/zyvorai/transiva/daemon/backup/backup.go:516.2,516.15 1 7
github.com/zyvorai/transiva/daemon/backup/backup.go:517.3,517.48 1 7
github.com/zyvorai/transiva/daemon/backup/backup.go:518.4,519.1 1 0
github.com/zyvorai/transiva/daemon/backup/backup.go:522.2,523.47 2 7
github.com/zyvorai/transiva/daemon/backup/backup.go:524.3,525.1 1 0
github.com/zyvorai/transiva/daemon/backup/backup.go:527.2,528.35 2 7
github.com/zyvorai/transiva/daemon/backup/backup.go:529.3,530.1 1 2
github.com/zyvorai/transiva/daemon/backup/backup.go:532.2,532.12 1 5
github.com/zyvorai/transiva/daemon/backup/backup.go:537.2,539.1 4 3
github.com/zyvorai/transiva/daemon/backup/backup.go:540.2,541.35 4 3
github.com/zyvorai/transiva/daemon/backup/backup.go:542.3,543.1 1 3
github.com/zyvorai/transiva/daemon/backup/backup.go:545.2,545.16 1 3
github.com/zyvorai/transiva/daemon/backup/backup.go:550.2,552.1 4 5
github.com/zyvorai/transiva/daemon/backup/backup.go:553.2,554.13 4 5
github.com/zyvorai/transiva/daemon/backup/backup.go:555.3,556.1 1 2
github.com/zyvorai/transiva/daemon/backup/backup.go:558.2,558.20 1 3
github.com/zyvorai/transiva/daemon/backup/backup.go:563.2,565.1 4 2
github.com/zyvorai/transiva/daemon/backup/backup.go:566.2,567.13 4 2
github.com/zyvorai/transiva/daemon/backup/backup.go:568.3,569.1 1 0
github.com/zyvorai/transiva/daemon/backup/backup.go:572.2,572.78 1 2
github.com/zyvorai/transiva/daemon/backup/backup.go:573.3,574.1 1 1
github.com/zyvorai/transiva/daemon/backup/backup.go:577.2,578.71 2 1
github.com/zyvorai/transiva/daemon/backup/backup.go:579.3,580.1 1 0
github.com/zyvorai/transiva/daemon/backup/backup.go:582.2,583.1 2 1
github.com/zyvorai/transiva/daemon/backup/backup.go:584.2,584.12 2 1
github.com/zyvorai/transiva/daemon/backup/backup.go:589.2,590.1 3 24
github.com/zyvorai/transiva/daemon/backup/backup.go:591.2,592.16 3 24
github.com/zyvorai/transiva/daemon/backup/backup.go:593.3,594.1 1 0
github.com/zyvorai/transiva/daemon/backup/backup.go:596.2,596.47 1 24
github.com/zyvorai/transiva/daemon/backup/backup.go:601.2,603.16 3 33
github.com/zyvorai/transiva/daemon/backup/backup.go:604.3,605.1 1 0
github.com/zyvorai/transiva/daemon/backup/backup.go:607.2,607.31 1 33
github.com/zyvorai/transiva/daemon/backup/backup.go:609.3,610.17 2 2
github.com/zyvorai/transiva/daemon/backup/backup.go:611.4,611.12 1 0
github.com/zyvorai/transiva/daemon/backup/backup.go:614.3,615.57 2 2
github.com/zyvorai/transiva/daemon/backup/backup.go:616.4,616.12 1 1
github.com/zyvorai/transiva/daemon/backup/backup.go:619.3,619.37 1 1
github.com/zyvorai/transiva/daemon/backup/backup.go:622.2,622.12 1 33
github.com/zyvorai/transiva/daemon/backup/backup.go:627.2,629.1 5 23
github.com/zyvorai/transiva/daemon/backup/backup.go:631.2,634.1 5 23
github.com/zyvorai/transiva/daemon/backup/backup.go:636.2,637.36 5 23
github.com/zyvorai/transiva/daemon/backup/backup.go:638.3,639.1 1 22
github.com/zyvorai/transiva/daemon/backup/backup.go:642.2,642.37 1 23
github.com/zyvorai/transiva/daemon/backup/backup.go:643.3,643.40 1 0
github.com/zyvorai/transiva/daemon/backup/backup.go:644.4,644.44 1 0
github.com/zyvorai/transiva/daemon/backup/backup.go:645.5,646.1 1 0
github.com/zyvorai/transiva/daemon/backup/backup.go:651.2,652.28 2 23
github.com/zyvorai/transiva/daemon/backup/backup.go:653.3,654.1 2 22
github.com/zyvorai/transiva/daemon/backup/backup.go:656.3,656.42 2 22
github.com/zyvorai/transiva/daemon/backup/backup.go:657.4,657.48 1 0
github.com/zyvorai/transiva/daemon/backup/backup.go:658.5,659.1 1 0
github.com/zyvorai/transiva/daemon/backup/backup.go:660.4,660.12 1 0
github.com/zyvorai/transiva/daemon/backup/backup.go:664.3,664.33 1 22
github.com/zyvorai/transiva/daemon/backup/backup.go:665.4,666.64 2 22
github.com/zyvorai/transiva/daemon/backup/backup.go:667.5,667.49 1 0
github.com/zyvorai/transiva/daemon/backup/backup.go:668.6,669.1 1 0
github.com/zyvorai/transiva/daemon/backup/backup.go:677.2,679.1 4 3
github.com/zyvorai/transiva/daemon/backup/backup.go:680.2,684.1 4 3
github.com/zyvorai/transiva/daemon/backup/backup.go:685.2,685.6 4 3
github.com/zyvorai/transiva/daemon/backup/backup.go:686.3,686.10 1 6
github.com/zyvorai/transiva/daemon/backup/backup.go:688.4,689.1 5 3
github.com/zyvorai/transiva/daemon/backup/backup.go:691.4,694.1 5 3
github.com/zyvorai/transiva/daemon/backup/backup.go:695.4,695.18 5 3
github.com/zyvorai/transiva/daemon/backup/backup.go:696.5,699.1 1 1
github.com/zyvorai/transiva/daemon/backup/backup.go:700.5,704.1 1 2
github.com/zyvorai/transiva/daemon/backup/backup.go:707.4,708.10 2 3
github.com/zyvorai/transiva/daemon/backup/backup.go:715.2,715.21 1 7
github.com/zyvorai/transiva/daemon/backup/backup.go:716.3,717.1 1 6
github.com/zyvorai/transiva/daemon/backup/backup.go:722.2,723.1 1 29
github.com/zyvorai/transiva/daemon/jobs/manager.go:57.2,67.1 3 26
github.com/zyvorai/transiva/daemon/jobs/manager.go:72.2,75.23 4 3
github.com/zyvorai/transiva/daemon/jobs/manager.go:76.3,77.1 1 3
github.com/zyvorai/transiva/daemon/jobs/manager.go:82.2,82.30 1 0
github.com/zyvorai/transiva/daemon/jobs/manager.go:83.3,84.1 1 0
github.com/zyvorai/transiva/daemon/jobs/manager.go:89.2,90.1 2 32
github.com/zyvorai/transiva/daemon/jobs/manager.go:92.2,92.18 2 32
github.com/zyvorai/transiva/daemon/jobs/manager.go:93.3,94.1 1 24
github.com/zyvorai/transiva/daemon/jobs/manager.go:97.2,97.41 1 32
github.com/zyvorai/transiva/daemon/jobs/manager.go:98.3,100.1 2 0
github.com/zyvorai/transiva/daemon/jobs/manager.go:103.2,105.1 6 32
github.com/zyvorai/transiva/daemon/jobs/manager.go:106.2,110.1 6 32
github.com/zyvorai/transiva/daemon/jobs/manager.go:112.2,114.1 6 32
github.com/zyvorai/transiva/daemon/jobs/manager.go:116.2,116.29 6 32
github.com/zyvorai/transiva/daemon/jobs/manager.go:117.3,118.1 1 7
github.com/zyvorai/transiva/daemon/jobs/manager.go:121.2,122.1 3 32
github.com/zyvorai/transiva/daemon/jobs/manager.go:124.2,125.12 3 32
github.com/zyvorai/transiva/daemon/jobs/manager.go:126.3,128.1 2 32
github.com/zyvorai/transiva/daemon/jobs/manager.go:130.2,130.20 1 32
github.com/zyvorai/transiva/daemon/jobs/manager.go:135.2,137.1 3 1
github.com/zyvorai/transiva/daemon/jobs/manager.go:138.2,138.27 3 1
github.com/zyvorai/transiva/daemon/jobs/manager.go:139.3,140.17 2 3
github.com/zyvorai/transiva/daemon/jobs/manager.go:141.4,142.1 1 0
github.com/zyvorai/transiva/daemon/jobs/manager.go:143.4,144.1 1 3
github.com/zyvorai/transiva/daemon/jobs/manager.go:147.2,147.18 1 1
github.com/zyvorai/transiva/daemon/jobs/manager.go:152.2,154.1 4 10
github.com/zyvorai/transiva/daemon/jobs/manager.go:155.2,156.13 4 10
github.com/zyvorai/transiva/daemon/jobs/manager.go:157.3,158.1 1 1
github.com/zyvorai/transiva/daemon/jobs/manager.go:161.2,162.1 2 9
github.com/zyvorai/transiva/daemon/jobs/manager.go:164.2,164.25 2 9
github.com/zyvorai/transiva/daemon/jobs/manager.go:165.3,167.1 2 5
github.com/zyvorai/transiva/daemon/jobs/manager.go:170.2,170.23 1 9
github.com/zyvorai/transiva/daemon/jobs/manager.go:171.3,172.1 2 3
github.com/zyvorai/transiva/daemon/jobs/manager.go:173.3,173.32 2 3
github.com/zyvorai/transiva/daemon/jobs/manager.go:174.4,176.1 2 3
github.com/zyvorai/transiva/daemon/jobs/manager.go:177.3,177.31 1 3
github.com/zyvorai/transiva/daemon/jobs/manager.go:180.2,180.22 1 9
github.com/zyvorai/transiva/daemon/jobs/manager.go:185.2,187.1 4 6
github.com/zyvorai/transiva/daemon/jobs/manager.go:188.2,189.1 4 6
github.com/zyvorai/transiva/daemon/jobs/manager.go:190.2,190.29 4 6
github.com/zyvorai/transiva/daemon/jobs/manager.go:192.3,192.24 1 12
github.com/zyvorai/transiva/daemon/jobs/manager.go:193.4,194.36 2 4
github.com/zyvorai/transiva/daemon/jobs/manager.go:195.5,195.29 1 4
github.com/zyvorai/transiva/daemon/jobs/manager.go:196.6,197.11 2 2
github.com/zyvorai/transiva/daemon/jobs/manager.go:200.4,200.16 1 4
github.com/zyvorai/transiva/daemon/jobs/manager.go:201.5,201.13 1 2
github.com/zyvorai/transiva/daemon/jobs/manager.go:206.3,207.1 2 10
github.com/zyvorai/transiva/daemon/jobs/manager.go:209.3,209.26 2 10
github.com/zyvorai/transiva/daemon/jobs/manager.go:210.4,212.1 2 4
github.com/zyvorai/transiva/daemon/jobs/manager.go:215.3,215.24 1 10
github.com/zyvorai/transiva/daemon/jobs/manager.go:216.4,217.33 2 1
github.com/zyvorai/transiva/daemon/jobs/manager.go:218.5,220.1 2 1
github.com/zyvorai/transiva/daemon/jobs/manager.go:221.4,221.32 1 1
github.com/zyvorai/transiva/daemon/jobs/manager.go:224.3,225.1 2 10
github.com/zyvorai/transiva/daemon/jobs/manager.go:227.3,227.40 2 10
github.com/zyvorai/transiva/daemon/jobs/manager.go:228.4,228.9 1 1
github.com/zyvorai/transiva/daemon/jobs/manager.go:232.2,232.15 1 6
github.com/zyvorai/transiva/daemon/jobs/manager.go:237.2,238.1 1 1
github.com/zyvorai/transiva/daemon/jobs/manager.go:242.2,244.1 4 2
github.com/zyvorai/transiva/daemon/jobs/manager.go:245.2,246.13 4 2
github.com/zyvorai/transiva/daemon/jobs/manager.go:247.3,248.1 1 0
github.com/zyvorai/transiva/daemon/jobs/manager.go:250.2,250.84 1 2
github.com/zyvorai/transiva/daemon/jobs/manager.go:251.3,252.1 1 1
github.com/zyvorai/transiva/daemon/jobs/manager.go:254.2,258.1 6 1
github.com/zyvorai/transiva/daemon/jobs/manager.go:259.2,260.1 6 1
github.com/zyvorai/transiva/daemon/jobs/manager.go:262.2,262.29 6 1
github.com/zyvorai/transiva/daemon/jobs/manager.go:263.3,264.1 1 0
github.com/zyvorai/transiva/daemon/jobs/manager.go:266.2,266.12 1 1
github.com/zyvorai/transiva/daemon/jobs/manager.go:271.2,273.1 4 5
github.com/zyvorai/transiva/daemon/jobs/manager.go:274.2,275.29 4 5
github.com/zyvorai/transiva/daemon/jobs/manager.go:276.3,276.21 1 9
github.com/zyvorai/transiva/daemon/jobs/manager.go:278.4,278.13 1 2
github.com/zyvorai/transiva/daemon/jobs/manager.go:280.4,280.15 1 1
github.com/zyvorai/transiva/daemon/jobs/manager.go:282.4,282.12 1 1
github.com/zyvorai/transiva/daemon/jobs/manager.go:284.4,284.15 1 1
github.com/zyvorai/transiva/daemon/jobs/manager.go:288.2,297.1 1 5
github.com/zyvorai/transiva/daemon/jobs/manager.go:302.2,303.1 4 1
github.com/zyvorai/transiva/daemon/jobs/manager.go:305.2,306.1 4 1
github.com/zyvorai/transiva/daemon/jobs/manager.go:308.2,309.12 4 1
github.com/zyvorai/transiva/daemon/jobs/manager.go:310.3,312.1 2 1
github.com/zyvorai/transiva/daemon/jobs/manager.go:314.2,314.9 1 1
github.com/zyvorai/transiva/daemon/jobs/manager.go:316.3,316.49 1 1
github.com/zyvorai/transiva/daemon/jobs/manager.go:318.3,318.76 1 0
github.com/zyvorai/transiva/daemon/jobs/manager.go:325.2,327.13 3 32
github.com/zyvorai/transiva/daemon/jobs/manager.go:328.3,330.1 2 0
github.com/zyvorai/transiva/daemon/jobs/manager.go:333.2,339.1 9 32
github.com/zyvorai/transiva/daemon/jobs/manager.go:342.2,344.1 9 32
github.com/zyvorai/transiva/daemon/jobs/manager.go:345.2,346.1 9 32
github.com/zyvorai/transiva/daemon/jobs/manager.go:347.2,347.23 9 32
github.com/zyvorai/transiva/daemon/jobs/manager.go:348.3,349.1 1 7
github.com/zyvorai/transiva/daemon/jobs/manager.go:356.2,358.1 8 32
github.com/zyvorai/transiva/daemon/jobs/manager.go:360.2,361.1 8 32
github.com/zyvorai/transiva/daemon/jobs/manager.go:362.2,366.1 8 32
github.com/zyvorai/transiva/daemon/jobs/manager.go:367.2,367.16 8 32
github.com/zyvorai/transiva/daemon/jobs/manager.go:368.3,371.1 4 32
github.com/zyvorai/transiva/daemon/jobs/manager.go:373.3,373.30 4 32
github.com/zyvorai/transiva/daemon/jobs/manager.go:374.4,375.1 1 7
github.com/zyvorai/transiva/daemon/jobs/manager.go:377.3,379.1 3 0
github.com/zyvorai/transiva/daemon/jobs/manager.go:381.3,381.30 3 0
github.com/zyvorai/transiva/daemon/jobs/manager.go:382.4,383.1 1 0
github.com/zyvorai/transiva/daemon/jobs/manager.go:386.2,386.15 1 32
github.com/zyvorai/transiva/daemon/jobs/manager.go:392.2,393.1 2 32
github.com/zyvorai/transiva/daemon/jobs/manager.go:394.2,394.33 2 32
github.com/zyvorai/transiva/daemon/jobs/manager.go:395.3,396.1 1 0
github.com/zyvorai/transiva/daemon/jobs/manager.go:399.2,401.1 4 32
github.com/zyvorai/transiva/daemon/jobs/manager.go:403.2,404.16 4 32
github.com/zyvorai/transiva/daemon/jobs/manager.go:405.3,406.1 1 32
github.com/zyvorai/transiva/daemon/jobs/manager.go:409.2,409.47 1 0
github.com/zyvorai/transiva/daemon/jobs/manager.go:410.3,411.1 1 0
github.com/zyvorai/transiva/daemon/jobs/manager.go:414.2,414.57 1 0
github.com/zyvorai/transiva/daemon/jobs/manager.go:415.3,416.1 1 0
github.com/zyvorai/transiva/daemon/jobs/manager.go:419.2,421.16 3 0
github.com/zyvorai/transiva/daemon/jobs/manager.go:422.3,423.1 1 0
github.com/zyvorai/transiva/daemon/jobs/manager.go:426.2,427.42 2 0
github.com/zyvorai/transiva/daemon/jobs/manager.go:428.3,429.1 1 0
github.com/zyvorai/transiva/daemon/jobs/manager.go:430.2,431.1 2 0
github.com/zyvorai/transiva/daemon/jobs/manager.go:432.2,432.12 2 0
github.com/zyvorai/transiva/daemon/jobs/manager.go:436.2,437.16 2 0
github.com/zyvorai/transiva/daemon/jobs/manager.go:438.3,439.1 1 0
github.com/zyvorai/transiva/daemon/jobs/manager.go:441.2,441.47 1 0
github.com/zyvorai/transiva/daemon/jobs/manager.go:442.3,443.1 1 0
github.com/zyvorai/transiva/daemon/jobs/manager.go:445.2,445.57 1 0
github.com/zyvorai/transiva/daemon/jobs/manager.go:446.3,447.1 1 0
github.com/zyvorai/transiva/daemon/jobs/manager.go:449.2,450.16 2 0
github.com/zyvorai/transiva/daemon/jobs/manager.go:451.3,452.1 1 0
github.com/zyvorai/transiva/daemon/jobs/manager.go:454.2,455.42 2 0
github.com/zyvorai/transiva/daemon/jobs/manager.go:456.3,457.1 1 0
github.com/zyvorai/transiva/daemon/jobs/manager.go:458.2,459.1 2 0
github.com/zyvorai/transiva/daemon/jobs/manager.go:460.2,460.12 2 0
github.com/zyvorai/transiva/daemon/jobs/manager.go:466.2,466.94 1 38
github.com/zyvorai/transiva/daemon/jobs/manager.go:468.3,469.19 2 2
github.com/zyvorai/transiva/daemon/jobs/manager.go:470.4,471.1 1 1
github.com/zyvorai/transiva/daemon/jobs/manager.go:472.3,477.1 1 2
github.com/zyvorai/transiva/daemon/jobs/manager.go:481.2,481.49 1 38
github.com/zyvorai/transiva/daemon/jobs/manager.go:482.3,483.1 1 33
github.com/zyvorai/transiva/daemon/jobs/manager.go:486.2,486.48 1 38
github.com/zyvorai/transiva/daemon/jobs/manager.go:487.3,488.1 1 1
github.com/zyvorai/transiva/daemon/jobs/manager.go:491.2,491.48 1 38
github.com/zyvorai/transiva/daemon/jobs/manager.go:492.3,492.25 1 0
github.com/zyvorai/transiva/daemon/jobs/manager.go:493.4,494.1 1 0
github.com/zyvorai/transiva/daemon/jobs/manager.go:495.3,495.25 1 0
github.com/zyvorai/transiva/daemon/jobs/manager.go:496.4,497.1 1 0
github.com/zyvorai/transiva/daemon/jobs/manager.go:498.3,498.27 1 0
github.com/zyvorai/transiva/daemon/jobs/manager.go:499.4,500.1 1 0
github.com/zyvorai/transiva/daemon/jobs/manager.go:504.2,504.22 1 38
github.com/zyvorai/transiva/daemon/jobs/manager.go:505.3,505.34 1 38
github.com/zyvorai/transiva/daemon/jobs/manager.go:506.4,507.1 1 0
github.com/zyvorai/transiva/daemon/jobs/manager.go:508.4,509.1 1 38
github.com/zyvorai/transiva/daemon/jobs/manager.go:512.2,512.47 1 38
github.com/zyvorai/transiva/daemon/jobs/manager.go:513.3,513.53 1 0
github.com/zyvorai/transiva/daemon/jobs/manager.go:514.4,515.1 1 0
github.com/zyvorai/transiva/daemon/jobs/manager.go:522.2,522.28 1 35
github.com/zyvorai/transiva/daemon/jobs/manager.go:523.3,524.44 2 2
github.com/zyvorai/transiva/daemon/jobs/manager.go:525.4,526.1 1 0
github.com/zyvorai/transiva/daemon/jobs/manager.go:527.3,528.34 1 2
github.com/zyvorai/transiva/daemon/jobs/manager.go:532.2,532.45 1 35
github.com/zyvorai/transiva/daemon/jobs/manager.go:537.2,539.1 3 2
github.com/zyvorai/transiva/daemon/jobs/manager.go:540.2,540.42 3 2
github.com/zyvorai/transiva/daemon/jobs/manager.go:541.3,543.1 2 1
github.com/zyvorai/transiva/daemon/jobs/vsphere_helper.go:15.2,16.1 2 0
github.com/zyvorai/transiva/daemon/jobs/vsphere_helper.go:18.2,18.22 2 0
github.com/zyvorai/transiva/daemon/jobs/vsphere_helper.go:19.3,20.1 1 0
github.com/zyvorai/transiva/daemon/jobs/vsphere_helper.go:21.2,21.30 1 0
github.com/zyvorai/transiva/daemon/jobs/vsphere_helper.go:22.3,23.1 1 0
github.com/zyvorai/transiva/daemon/jobs/vsphere_helper.go:24.2,24.28 1 0
github.com/zyvorai/transiva/daemon/jobs/vsphere_helper.go:25.3,26.1 1 0
github.com/zyvorai/transiva/daemon/jobs/vsphere_helper.go:27.2,27.25 1 0
github.com/zyvorai/transiva/daemon/jobs/vsphere_helper.go:28.3,29.1 1 0
github.com/zyvorai/transiva/daemon/jobs/vsphere_helper.go:32.2,34.16 3 0
github.com/zyvorai/transiva/daemon/jobs/vsphere_helper.go:35.3,36.1 1 0
github.com/zyvorai/transiva/daemon/jobs/vsphere_helper.go:38.2,38.20 1 0
github.com/zyvorai/transiva/daemon/models/job.go:58.2,59.29 2 3
github.com/zyvorai/transiva/daemon/models/job.go:60.3,61.1 1 2
github.com/zyvorai/transiva/daemon/models/job.go:62.2,62.17 1 3
github.com/zyvorai/transiva/daemon/models/job.go:141.2,143.1 3 2
github.com/zyvorai/transiva/daemon/models/job.go:144.2,144.15 3 2
github.com/zyvorai/transiva/daemon/models/job.go:145.3,145.31 1 1
github.com/zyvorai/transiva/daemon/models/job.go:146.4,147.1 1 1
github.com/zyvorai/transiva/daemon/models/job.go:148.3,156.32 9 1
github.com/zyvorai/transiva/daemon/models/job.go:159.2,159.13 1 2
github.com/zyvorai/transiva/daemon/exporters/ctl_exporter.go:26.2,29.1 1 7
github.com/zyvorai/transiva/daemon/exporters/ctl_exporter.go:35.2,35.40 1 1
github.com/zyvorai/transiva/daemon/exporters/ctl_exporter.go:36.3,37.1 1 1
github.com/zyvorai/transiva/daemon/exporters/ctl_exporter.go:39.2,40.1 3 0
github.com/zyvorai/transiva/daemon/exporters/ctl_exporter.go:47.2,55.1 3 0
github.com/zyvorai/transiva/daemon/exporters/ctl_exporter.go:57.2,57.26 3 0
github.com/zyvorai/transiva/daemon/exporters/ctl_exporter.go:58.3,59.1 1 0
github.com/zyvorai/transiva/daemon/exporters/ctl_exporter.go:61.2,61.18 1 0
github.com/zyvorai/transiva/daemon/exporters/ctl_exporter.go:62.3,63.1 1 0
github.com/zyvorai/transiva/daemon/exporters/ctl_exporter.go:65.2,65.14 1 0
github.com/zyvorai/transiva/daemon/exporters/ctl_exporter.go:66.3,67.1 1 0
github.com/zyvorai/transiva/daemon/exporters/ctl_exporter.go:74.2,75.1 3 0
github.com/zyvorai/transiva/daemon/exporters/ctl_exporter.go:77.2,78.16 3 0
github.com/zyvorai/transiva/daemon/exporters/ctl_exporter.go:79.3,80.1 1 0
github.com/zyvorai/transiva/daemon/exporters/ctl_exporter.go:82.2,83.16 2 0
github.com/zyvorai/transiva/daemon/exporters/ctl_exporter.go:84.3,85.1 1 0
github.com/zyvorai/transiva/daemon/exporters/ctl_exporter.go:88.2,88.36 1 0
github.com/zyvorai/transiva/daemon/exporters/ctl_exporter.go:89.3,90.1 1 0
github.com/zyvorai/transiva/daemon/exporters/ctl_exporter.go:93.2,95.1 5 0
github.com/zyvorai/transiva/daemon/exporters/ctl_exporter.go:97.2,98.1 5 0
github.com/zyvorai/transiva/daemon/exporters/ctl_exporter.go:100.2,101.1 5 0
github.com/zyvorai/transiva/daemon/exporters/ctl_exporter.go:103.2,103.35 5 0
github.com/zyvorai/transiva/daemon/exporters/ctl_exporter.go:104.3,105.1 1 0
github.com/zyvorai/transiva/daemon/exporters/ctl_exporter.go:108.2,111.1 3 0
github.com/zyvorai/transiva/daemon/exporters/ctl_exporter.go:115.2,116.1 3 0
github.com/zyvorai/transiva/daemon/exporters/ctl_exporter.go:117.2,117.20 3 0
github.com/zyvorai/transiva/daemon/exporters/ctl_exporter.go:122.2,123.21 2 4
github.com/zyvorai/transiva/daemon/exporters/ctl_exporter.go:124.3,126.1 3 8
github.com/zyvorai/transiva/daemon/exporters/ctl_exporter.go:128.3,128.42 3 8
github.com/zyvorai/transiva/daemon/exporters/ctl_exporter.go:129.4,130.23 2 4
github.com/zyvorai/transiva/daemon/exporters/ctl_exporter.go:131.5,132.71 2 4
github.com/zyvorai/transiva/daemon/exporters/ctl_exporter.go:133.6,133.33 1 3
github.com/zyvorai/transiva/daemon/exporters/ctl_exporter.go:134.7,140.1 1 3
github.com/zyvorai/transiva/daemon/exporters/ctl_exporter.go:149.2,150.21 2 3
github.com/zyvorai/transiva/daemon/exporters/ctl_exporter.go:151.3,153.1 2 3
github.com/zyvorai/transiva/daemon/exporters/ctl_exporter.go:158.2,159.1 1 1
github.com/zyvorai/transiva/daemon/exporters/ctl_exporter.go:169.2,170.1 1 13
github.com/zyvorai/transiva/daemon/exporters/ctl_exporter.go:174.2,174.22 1 7
github.com/zyvorai/transiva/daemon/exporters/ctl_exporter.go:175.3,176.1 1 2
github.com/zyvorai/transiva/daemon/exporters/ctl_exporter.go:177.2,177.31 1 5
github.com/zyvorai/transiva/daemon/exporters/ctl_exporter.go:178.3,179.1 1 0
github.com/zyvorai/transiva/daemon/exporters/ctl_exporter.go:181.2,181.25 1 5
github.com/zyvorai/transiva/daemon/exporters/ctl_exporter.go:182.3,183.1 1 1
github.com/zyvorai/transiva/daemon/exporters/ctl_exporter.go:184.2,184.34 1 4
github.com/zyvorai/transiva/daemon/exporters/ctl_exporter.go:185.3,186.1 1 0
github.com/zyvorai/transiva/daemon/exporters/ctl_exporter.go:188.2,188.52 1 4
github.com/zyvorai/transiva/daemon/exporters/ctl_exporter.go:189.3,190.1 1 2
github.com/zyvorai/transiva/daemon/exporters/ctl_exporter.go:191.2,191.39 1 2
github.com/zyvorai/transiva/daemon/exporters/ctl_exporter.go:192.3,193.1 1 0
github.com/zyvorai/transiva/daemon/exporters/ctl_exporter.go:194.2,194.41 1 2
github.com/zyvorai/transiva/daemon/exporters/ctl_exporter.go:195.3,196.1 1 0
github.com/zyvorai/transiva/daemon/exporters/ctl_exporter.go:198.2,198.62 1 2
github.com/zyvorai/transiva/daemon/exporters/ctl_exporter.go:199.3,200.1 1 0
github.com/zyvorai/transiva/daemon/exporters/ctl_exporter.go:202.2,202.12 1 2
github.com/zyvorai/transiva/daemon/exporters/exporter.go:38.2,41.1 1 10
github.com/zyvorai/transiva/daemon/exporters/exporter.go:46.2,48.1 2 0
github.com/zyvorai/transiva/daemon/exporters/exporter.go:52.2,52.31 1 0
github.com/zyvorai/transiva/daemon/exporters/exporter.go:53.3,54.1 1 0
github.com/zyvorai/transiva/daemon/exporters/exporter.go:55.2,55.75 1 0
github.com/zyvorai/transiva/daemon/exporters/exporter.go:61.2,61.37 1 6
github.com/zyvorai/transiva/daemon/exporters/exporter.go:62.3,63.1 1 2
github.com/zyvorai/transiva/daemon/exporters/exporter.go:65.2,67.1 3 4
github.com/zyvorai/transiva/daemon/exporters/exporter.go:68.2,68.16 3 4
github.com/zyvorai/transiva/daemon/exporters/exporter.go:70.3,70.49 1 0
github.com/zyvorai/transiva/daemon/exporters/exporter.go:73.3,73.50 1 0
github.com/zyvorai/transiva/daemon/exporters/exporter.go:76.3,76.53 1 0
github.com/zyvorai/transiva/daemon/exporters/exporter.go:79.3,79.39 1 4
github.com/zyvorai/transiva/daemon/exporters/exporter.go:82.3,82.62 1 0
github.com/zyvorai/transiva/daemon/exporters/exporter.go:88.2,90.1 2 1
github.com/zyvorai/transiva/daemon/exporters/exporter.go:94.2,99.1 3 2
github.com/zyvorai/transiva/daemon/exporters/exporter.go:101.2,102.33 3 2
github.com/zyvorai/transiva/daemon/exporters/exporter.go:103.3,103.37 1 8
github.com/zyvorai/transiva/daemon/exporters/exporter.go:104.4,105.1 1 2
github.com/zyvorai/transiva/daemon/exporters/exporter.go:108.2,108.18 1 2
github.com/zyvorai/transiva/daemon/exporters/exporter.go:113.2,114.1 1 5
github.com/zyvorai/transiva/daemon/exporters/exporter.go:118.2,119.1 1 1
github.com/zyvorai/transiva/daemon/exporters/govc_exporter.go:27.2,30.1 1 5
github.com/zyvorai/transiva/daemon/exporters/govc_exporter.go:36.2,36.40 1 1
github.com/zyvorai/transiva/daemon/exporters/govc_exporter.go:37.3,38.1 1 1
github.com/zyvorai/transiva/daemon/exporters/govc_exporter.go:40.2,41.1 6 0
github.com/zyvorai/transiva/daemon/exporters/govc_exporter.go:43.2,47.1 6 0
github.com/zyvorai/transiva/daemon/exporters/govc_exporter.go:48.2,48.26 6 0
github.com/zyvorai/transiva/daemon/exporters/govc_exporter.go:49.3,50.1 1 0
github.com/zyvorai/transiva/daemon/exporters/govc_exporter.go:54.2,59.1 6 0
github.com/zyvorai/transiva/daemon/exporters/govc_exporter.go:66.2,68.1 6 0
github.com/zyvorai/transiva/daemon/exporters/govc_exporter.go:70.2,71.16 6 0
github.com/zyvorai/transiva/daemon/exporters/govc_exporter.go:72.3,73.1 1 0
github.com/zyvorai/transiva/daemon/exporters/govc_exporter.go:75.2,76.16 2 0
github.com/zyvorai/transiva/daemon/exporters/govc_exporter.go:77.3,78.1 1 0
github.com/zyvorai/transiva/daemon/exporters/govc_exporter.go:81.2,81.29 1 0
github.com/zyvorai/transiva/daemon/exporters/govc_exporter.go:82.3,86.1 1 0
github.com/zyvorai/transiva/daemon/exporters/govc_exporter.go:89.2,89.36 1 0
github.com/zyvorai/transiva/daemon/exporters/govc_exporter.go:90.3,91.1 1 0
github.com/zyvorai/transiva/daemon/exporters/govc_exporter.go:94.2,96.1 5 0
github.com/zyvorai/transiva/daemon/exporters/govc_exporter.go:98.2,100.1 5 0
github.com/zyvorai/transiva/daemon/exporters/govc_exporter.go:102.2,102.35 5 0
github.com/zyvorai/transiva/daemon/exporters/govc_exporter.go:103.3,104.1 1 0
github.com/zyvorai/transiva/daemon/exporters/govc_exporter.go:107.2,110.1 3 0
github.com/zyvorai/transiva/daemon/exporters/govc_exporter.go:113.2,114.1 3 0
github.com/zyvorai/transiva/daemon/exporters/govc_exporter.go:115.2,115.20 3 0
github.com/zyvorai/transiva/daemon/exporters/govc_exporter.go:120.2,121.21 2 0
github.com/zyvorai/transiva/daemon/exporters/govc_exporter.go:122.3,124.1 3 0
github.com/zyvorai/transiva/daemon/exporters/govc_exporter.go:125.3,125.30 3 0
github.com/zyvorai/transiva/daemon/exporters/govc_exporter.go:126.4,131.1 1 0
github.com/zyvorai/transiva/daemon/exporters/govc_exporter.go:137.2,138.21 2 3
github.com/zyvorai/transiva/daemon/exporters/govc_exporter.go:139.3,141.1 2 3
github.com/zyvorai/transiva/daemon/exporters/govc_exporter.go:146.2,147.1 1 1
github.com/zyvorai/transiva/daemon/exporters/govc_exporter.go:151.2,151.22 1 6
github.com/zyvorai/transiva/daemon/exporters/govc_exporter.go:152.3,153.1 1 2
github.com/zyvorai/transiva/daemon/exporters/govc_exporter.go:154.2,154.63 1 4
github.com/zyvorai/transiva/daemon/exporters/govc_exporter.go:155.3,156.1 1 0
github.com/zyvorai/transiva/daemon/exporters/govc_exporter.go:158.2,158.25 1 4
github.com/zyvorai/transiva/daemon/exporters/govc_exporter.go:159.3,160.1 1 1
github.com/zyvorai/transiva/daemon/exporters/govc_exporter.go:161.2,161.69 1 3
github.com/zyvorai/transiva/daemon/exporters/govc_exporter.go:162.3,163.1 1 0
github.com/zyvorai/transiva/daemon/exporters/govc_exporter.go:165.2,165.52 1 3
github.com/zyvorai/transiva/daemon/exporters/govc_exporter.go:166.3,167.1 1 2
github.com/zyvorai/transiva/daemon/exporters/govc_exporter.go:169.2,169.12 1 1
github.com/zyvorai/transiva/daemon/exporters/govc_exporter.go:177.2,177.35 1 7
github.com/zyvorai/transiva/daemon/exporters/govc_exporter.go:178.3,179.1 1 0
github.com/zyvorai/transiva/daemon/exporters/govc_exporter.go:180.2,180.35 1 7
github.com/zyvorai/transiva/daemon/exporters/govc_exporter.go:181.3,182.1 1 0
github.com/zyvorai/transiva/daemon/exporters/govc_exporter.go:183.2,183.26 1 7
github.com/zyvorai/transiva/daemon/exporters/govc_exporter.go:184.3,184.40 1 121
github.com/zyvorai/transiva/daemon/exporters/govc_exporter.go:185.4,186.1 1 0
github.com/zyvorai/transiva/daemon/exporters/govc_exporter.go:188.2,188.12 1 7
github.com/zyvorai/transiva/daemon/exporters/nutanix_exporter.go:27.2,31.1 1 1
github.com/zyvorai/transiva/daemon/exporters/nutanix_exporter.go:35.2,35.40 1 0
github.com/zyvorai/transiva/daemon/exporters/nutanix_exporter.go:36.3,37.1 1 0
github.com/zyvorai/transiva/daemon/exporters/nutanix_exporter.go:39.2,39.78 1 0
github.com/zyvorai/transiva/daemon/exporters/nutanix_exporter.go:40.3,41.1 1 0
github.com/zyvorai/transiva/daemon/exporters/nutanix_exporter.go:43.2,43.29 1 0
github.com/zyvorai/transiva/daemon/exporters/nutanix_exporter.go:44.3,49.1 1 0
github.com/zyvorai/transiva/daemon/exporters/nutanix_exporter.go:51.2,53.16 3 0
github.com/zyvorai/transiva/daemon/exporters/nutanix_exporter.go:54.3,55.1 1 0
github.com/zyvorai/transiva/daemon/exporters/nutanix_exporter.go:56.2,57.1 3 0
github.com/zyvorai/transiva/daemon/exporters/nutanix_exporter.go:58.2,59.29 3 0
github.com/zyvorai/transiva/daemon/exporters/nutanix_exporter.go:60.3,63.1 1 0
github.com/zyvorai/transiva/daemon/exporters/nutanix_exporter.go:66.2,67.16 2 0
github.com/zyvorai/transiva/daemon/exporters/nutanix_exporter.go:68.3,69.1 1 0
github.com/zyvorai/transiva/daemon/exporters/nutanix_exporter.go:71.2,71.29 1 0
github.com/zyvorai/transiva/daemon/exporters/nutanix_exporter.go:72.3,78.1 1 0
github.com/zyvorai/transiva/daemon/exporters/nutanix_exporter.go:80.2,89.1 3 0
github.com/zyvorai/transiva/daemon/exporters/nutanix_exporter.go:91.2,95.1 3 0
github.com/zyvorai/transiva/daemon/exporters/nutanix_exporter.go:96.2,96.23 3 0
github.com/zyvorai/transiva/daemon/exporters/nutanix_exporter.go:100.2,101.1 1 0
github.com/zyvorai/transiva/daemon/exporters/nutanix_exporter.go:104.2,104.22 1 2
github.com/zyvorai/transiva/daemon/exporters/nutanix_exporter.go:105.3,106.1 1 0
github.com/zyvorai/transiva/daemon/exporters/nutanix_exporter.go:107.2,108.21 2 2
github.com/zyvorai/transiva/daemon/exporters/nutanix_exporter.go:109.3,110.1 1 2
github.com/zyvorai/transiva/daemon/exporters/nutanix_exporter.go:111.2,111.21 1 2
github.com/zyvorai/transiva/daemon/exporters/nutanix_exporter.go:112.3,113.1 1 1
github.com/zyvorai/transiva/daemon/exporters/nutanix_exporter.go:114.2,114.62 1 1
github.com/zyvorai/transiva/daemon/exporters/nutanix_exporter.go:115.3,116.1 1 0
github.com/zyvorai/transiva/daemon/exporters/nutanix_exporter.go:117.2,117.12 1 1
github.com/zyvorai/transiva/daemon/exporters/nutanix_exporter.go:122.2,122.16 1 4
github.com/zyvorai/transiva/daemon/exporters/nutanix_exporter.go:123.3,124.1 1 0
github.com/zyvorai/transiva/daemon/exporters/nutanix_exporter.go:125.2,125.72 1 4
github.com/zyvorai/transiva/daemon/exporters/nutanix_exporter.go:126.3,127.1 1 1
github.com/zyvorai/transiva/daemon/exporters/nutanix_exporter.go:128.2,129.75 1 3
github.com/zyvorai/transiva/daemon/exporters/nutanix_exporter.go:130.3,131.1 1 1
github.com/zyvorai/transiva/daemon/exporters/nutanix_exporter.go:132.2,132.25 1 2
github.com/zyvorai/transiva/daemon/exporters/nutanix_exporter.go:133.3,133.112 1 1
github.com/zyvorai/transiva/daemon/exporters/nutanix_exporter.go:134.4,135.1 1 1
github.com/zyvorai/transiva/daemon/exporters/nutanix_exporter.go:137.2,137.14 1 1
github.com/zyvorai/transiva/daemon/exporters/nutanix_exporter.go:141.2,146.1 2 0
github.com/zyvorai/transiva/daemon/exporters/nutanix_exporter.go:148.2,148.22 2 0
github.com/zyvorai/transiva/daemon/exporters/nutanix_exporter.go:149.3,150.1 1 0
github.com/zyvorai/transiva/daemon/exporters/nutanix_exporter.go:151.2,151.30 1 0
github.com/zyvorai/transiva/daemon/exporters/nutanix_exporter.go:152.3,158.22 7 0
github.com/zyvorai/transiva/daemon/exporters/nutanix_exporter.go:159.4,160.1 1 0
github.com/zyvorai/transiva/daemon/exporters/nutanix_exporter.go:161.3,161.27 1 0
github.com/zyvorai/transiva/daemon/exporters/nutanix_exporter.go:162.4,163.1 1 0
github.com/zyvorai/transiva/daemon/exporters/nutanix_exporter.go:164.3,164.25 1 0
github.com/zyvorai/transiva/daemon/exporters/nutanix_exporter.go:165.4,166.1 1 0
github.com/zyvorai/transiva/daemon/exporters/nutanix_exporter.go:167.3,167.28 1 0
github.com/zyvorai/transiva/daemon/exporters/nutanix_exporter.go:168.4,169.1 1 0
github.com/zyvorai/transiva/daemon/exporters/nutanix_exporter.go:170.3,170.25 1 0
github.com/zyvorai/transiva/daemon/exporters/nutanix_exporter.go:171.4,172.1 1 0
github.com/zyvorai/transiva/daemon/exporters/nutanix_exporter.go:173.3,175.29 3 0
github.com/zyvorai/transiva/daemon/exporters/nutanix_exporter.go:176.4,177.1 1 0
github.com/zyvorai/transiva/daemon/exporters/nutanix_exporter.go:178.3,178.23 1 0
github.com/zyvorai/transiva/daemon/exporters/nutanix_exporter.go:179.4,180.1 1 0
github.com/zyvorai/transiva/daemon/exporters/nutanix_exporter.go:183.2,184.12 2 0
github.com/zyvorai/transiva/daemon/exporters/nutanix_exporter.go:188.2,188.25 1 0
github.com/zyvorai/transiva/daemon/exporters/nutanix_exporter.go:189.3,190.1 1 0
github.com/zyvorai/transiva/daemon/exporters/nutanix_exporter.go:192.2,193.21 2 0
github.com/zyvorai/transiva/daemon/exporters/nutanix_exporter.go:194.3,195.1 1 0
github.com/zyvorai/transiva/daemon/exporters/nutanix_exporter.go:196.2,196.21 1 0
github.com/zyvorai/transiva/daemon/exporters/nutanix_exporter.go:197.3,198.1 1 0
github.com/zyvorai/transiva/daemon/exporters/nutanix_exporter.go:199.2,199.22 1 0
github.com/zyvorai/transiva/daemon/exporters/nutanix_exporter.go:200.3,201.1 1 0
github.com/zyvorai/transiva/daemon/exporters/nutanix_exporter.go:202.2,202.24 1 0
github.com/zyvorai/transiva/daemon/exporters/nutanix_exporter.go:203.3,204.1 1 0
github.com/zyvorai/transiva/daemon/exporters/nutanix_exporter.go:205.2,205.54 1 0
github.com/zyvorai/transiva/daemon/exporters/nutanix_exporter.go:206.3,207.1 1 0
github.com/zyvorai/transiva/daemon/exporters/nutanix_exporter.go:209.2,209.25 1 0
github.com/zyvorai/transiva/daemon/exporters/nutanix_exporter.go:210.3,211.1 1 0
github.com/zyvorai/transiva/daemon/exporters/nutanix_exporter.go:212.2,212.103 1 0
github.com/zyvorai/transiva/daemon/exporters/nutanix_exporter.go:213.3,213.37 1 0
github.com/zyvorai/transiva/daemon/exporters/nutanix_exporter.go:214.4,215.1 1 0
github.com/zyvorai/transiva/daemon/exporters/nutanix_exporter.go:217.2,217.46 1 0
github.com/zyvorai/transiva/daemon/exporters/nutanix_exporter.go:218.3,219.1 1 0
github.com/zyvorai/transiva/daemon/exporters/nutanix_exporter.go:220.2,220.71 1 0
github.com/zyvorai/transiva/daemon/exporters/nutanix_exporter.go:221.3,222.1 1 0
github.com/zyvorai/transiva/daemon/exporters/nutanix_exporter.go:223.2,223.69 1 0
github.com/zyvorai/transiva/daemon/exporters/nutanix_exporter.go:224.3,225.1 1 0
github.com/zyvorai/transiva/daemon/exporters/nutanix_exporter.go:226.2,226.69 1 0
github.com/zyvorai/transiva/daemon/exporters/nutanix_exporter.go:227.3,228.1 1 0
github.com/zyvorai/transiva/daemon/exporters/nutanix_exporter.go:229.2,229.57 1 0
github.com/zyvorai/transiva/daemon/exporters/nutanix_exporter.go:230.3,231.1 1 0
github.com/zyvorai/transiva/daemon/exporters/nutanix_exporter.go:235.2,236.21 2 0
github.com/zyvorai/transiva/daemon/exporters/nutanix_exporter.go:237.3,238.1 1 0
github.com/zyvorai/transiva/daemon/exporters/nutanix_exporter.go:240.2,241.106 2 0
github.com/zyvorai/transiva/daemon/exporters/nutanix_exporter.go:242.3,243.1 1 0
github.com/zyvorai/transiva/daemon/exporters/nutanix_exporter.go:244.2,244.18 1 0
github.com/zyvorai/transiva/daemon/exporters/nutanix_exporter.go:245.3,246.1 1 0
github.com/zyvorai/transiva/daemon/exporters/nutanix_exporter.go:248.2,250.21 3 0
github.com/zyvorai/transiva/daemon/exporters/nutanix_exporter.go:251.3,252.1 1 0
github.com/zyvorai/transiva/daemon/exporters/nutanix_exporter.go:253.2,253.73 1 0
github.com/zyvorai/transiva/daemon/exporters/nutanix_exporter.go:254.3,255.1 1 0
github.com/zyvorai/transiva/daemon/exporters/nutanix_exporter.go:255.9,255.57 1 0
github.com/zyvorai/transiva/daemon/exporters/nutanix_exporter.go:256.3,257.1 1 0
github.com/zyvorai/transiva/daemon/exporters/nutanix_exporter.go:258.2,259.54 2 0
github.com/zyvorai/transiva/daemon/exporters/nutanix_exporter.go:260.3,261.1 1 0
github.com/zyvorai/transiva/daemon/exporters/nutanix_exporter.go:262.2,262.20 1 0
github.com/zyvorai/transiva/daemon/exporters/nutanix_exporter.go:263.3,264.1 1 0
github.com/zyvorai/transiva/daemon/exporters/nutanix_exporter.go:265.2,265.25 1 0
github.com/zyvorai/transiva/daemon/exporters/nutanix_exporter.go:266.3,266.43 1 0
github.com/zyvorai/transiva/daemon/exporters/nutanix_exporter.go:267.4,268.1 1 0
github.com/zyvorai/transiva/daemon/exporters/nutanix_exporter.go:269.3,269.52 1 0
github.com/zyvorai/transiva/daemon/exporters/nutanix_exporter.go:270.4,271.1 1 0
github.com/zyvorai/transiva/daemon/exporters/nutanix_exporter.go:272.3,272.41 1 0
github.com/zyvorai/transiva/daemon/exporters/nutanix_exporter.go:275.2,279.1 1 0
github.com/zyvorai/transiva/daemon/exporters/nutanix_exporter.go:288.2,288.23 1 0
github.com/zyvorai/transiva/daemon/exporters/nutanix_exporter.go:289.3,290.1 1 0
github.com/zyvorai/transiva/daemon/exporters/nutanix_exporter.go:291.2,296.4 1 0
github.com/zyvorai/transiva/daemon/exporters/nutanix_exporter.go:300.2,300.25 1 2
github.com/zyvorai/transiva/daemon/exporters/nutanix_exporter.go:301.3,301.44 1 1
github.com/zyvorai/transiva/daemon/exporters/nutanix_exporter.go:302.4,303.1 1 1
github.com/zyvorai/transiva/daemon/exporters/nutanix_exporter.go:305.2,305.87 1 1
github.com/zyvorai/transiva/daemon/exporters/nutanix_exporter.go:306.3,307.1 1 1
github.com/zyvorai/transiva/daemon/exporters/nutanix_exporter.go:308.2,308.107 1 0
github.com/zyvorai/transiva/daemon/exporters/nutanix_exporter.go:312.2,312.25 1 1
github.com/zyvorai/transiva/daemon/exporters/nutanix_exporter.go:314.3,314.18 1 1
github.com/zyvorai/transiva/daemon/exporters/nutanix_exporter.go:315.4,316.1 1 0
github.com/zyvorai/transiva/daemon/exporters/nutanix_exporter.go:317.3,317.34 1 1
github.com/zyvorai/transiva/daemon/exporters/nutanix_exporter.go:319.3,320.25 2 0
github.com/zyvorai/transiva/daemon/exporters/nutanix_exporter.go:321.4,322.25 2 0
github.com/zyvorai/transiva/daemon/exporters/nutanix_exporter.go:323.5,324.1 1 0
github.com/zyvorai/transiva/daemon/exporters/nutanix_exporter.go:325.4,325.17 1 0
github.com/zyvorai/transiva/daemon/exporters/nutanix_exporter.go:327.3,327.20 1 0
github.com/zyvorai/transiva/daemon/exporters/nutanix_exporter.go:328.4,329.1 1 0
github.com/zyvorai/transiva/daemon/exporters/nutanix_exporter.go:330.3,330.18 1 0
github.com/zyvorai/transiva/daemon/exporters/nutanix_exporter.go:332.3,333.26 2 0
github.com/zyvorai/transiva/daemon/exporters/nutanix_exporter.go:334.4,335.11 2 0
github.com/zyvorai/transiva/daemon/exporters/nutanix_exporter.go:336.5,337.1 1 0
github.com/zyvorai/transiva/daemon/exporters/nutanix_exporter.go:338.4,338.28 1 0
github.com/zyvorai/transiva/daemon/exporters/nutanix_exporter.go:340.3,340.38 1 0
github.com/zyvorai/transiva/daemon/exporters/nutanix_exporter.go:342.3,342.34 1 0
github.com/zyvorai/transiva/daemon/exporters/nutanix_exporter.go:344.3,344.54 1 0
github.com/zyvorai/transiva/daemon/exporters/nutanix_exporter.go:346.3,346.60 1 0
github.com/zyvorai/transiva/daemon/exporters/nutanix_exporter.go:351.2,351.17 1 0
github.com/zyvorai/transiva/daemon/exporters/nutanix_exporter.go:352.3,353.1 1 0
github.com/zyvorai/transiva/daemon/exporters/nutanix_exporter.go:354.2,355.9 2 0
github.com/zyvorai/transiva/daemon/exporters/nutanix_exporter.go:356.3,357.1 1 0
github.com/zyvorai/transiva/daemon/exporters/nutanix_exporter.go:358.2,359.14 2 0
github.com/zyvorai/transiva/daemon/exporters/nutanix_exporter.go:363.2,363.24 1 0
github.com/zyvorai/transiva/daemon/exporters/nutanix_exporter.go:364.3,365.1 1 0
github.com/zyvorai/transiva/daemon/exporters/nutanix_exporter.go:366.2,367.30 2 0
github.com/zyvorai/transiva/daemon/exporters/nutanix_exporter.go:368.3,369.1 1 0
github.com/zyvorai/transiva/daemon/exporters/nutanix_exporter.go:370.2,370.29 1 0
github.com/zyvorai/transiva/daemon/exporters/nutanix_exporter.go:371.3,372.1 1 0
github.com/zyvorai/transiva/daemon/exporters/nutanix_exporter.go:373.2,373.27 1 0
github.com/zyvorai/transiva/daemon/exporters/nutanix_exporter.go:374.3,375.1 1 0
github.com/zyvorai/transiva/daemon/exporters/nutanix_exporter.go:376.2,376.27 1 0
github.com/zyvorai/transiva/daemon/exporters/nutanix_exporter.go:377.3,378.1 1 0
github.com/zyvorai/transiva/daemon/exporters/nutanix_exporter.go:379.2,379.26 1 0
github.com/zyvorai/transiva/daemon/exporters/nutanix_exporter.go:380.3,381.1 1 0
github.com/zyvorai/transiva/daemon/exporters/nutanix_exporter.go:382.2,382.34 1 0
github.com/zyvorai/transiva/daemon/exporters/nutanix_exporter.go:383.3,384.1 1 0
github.com/zyvorai/transiva/daemon/exporters/nutanix_exporter.go:385.2,385.34 1 0
github.com/zyvorai/transiva/daemon/exporters/nutanix_exporter.go:386.3,387.1 1 0
github.com/zyvorai/transiva/daemon/exporters/nutanix_exporter.go:388.2,388.35 1 0
github.com/zyvorai/transiva/daemon/exporters/nutanix_exporter.go:389.3,390.1 1 0
github.com/zyvorai/transiva/daemon/exporters/nutanix_exporter.go:391.2,391.36 1 0
github.com/zyvorai/transiva/daemon/exporters/nutanix_exporter.go:392.3,393.1 1 0
github.com/zyvorai/transiva/daemon/exporters/nutanix_exporter.go:394.2,394.37 1 0
github.com/zyvorai/transiva/daemon/exporters/nutanix_exporter.go:395.3,396.1 1 0
github.com/zyvorai/transiva/daemon/exporters/ovftool_exporter.go:28.2,31.1 1 6
github.com/zyvorai/transiva/daemon/exporters/ovftool_exporter.go:37.2,37.40 1 1
github.com/zyvorai/transiva/daemon/exporters/ovftool_exporter.go:38.3,39.1 1 1
github.com/zyvorai/transiva/daemon/exporters/ovftool_exporter.go:41.2,42.1 5 0
github.com/zyvorai/transiva/daemon/exporters/ovftool_exporter.go:44.2,50.1 5 0
github.com/zyvorai/transiva/daemon/exporters/ovftool_exporter.go:52.2,53.1 5 0
github.com/zyvorai/transiva/daemon/exporters/ovftool_exporter.go:55.2,58.1 5 0
github.com/zyvorai/transiva/daemon/exporters/ovftool_exporter.go:60.2,60.18 5 0
github.com/zyvorai/transiva/daemon/exporters/ovftool_exporter.go:61.3,62.1 1 0
github.com/zyvorai/transiva/daemon/exporters/ovftool_exporter.go:65.2,66.1 4 0
github.com/zyvorai/transiva/daemon/exporters/ovftool_exporter.go:70.2,71.1 4 0
github.com/zyvorai/transiva/daemon/exporters/ovftool_exporter.go:73.2,74.16 4 0
github.com/zyvorai/transiva/daemon/exporters/ovftool_exporter.go:75.3,76.1 1 0
github.com/zyvorai/transiva/daemon/exporters/ovftool_exporter.go:78.2,79.16 2 0
github.com/zyvorai/transiva/daemon/exporters/ovftool_exporter.go:80.3,81.1 1 0
github.com/zyvorai/transiva/daemon/exporters/ovftool_exporter.go:84.2,84.29 1 0
github.com/zyvorai/transiva/daemon/exporters/ovftool_exporter.go:85.3,89.1 1 0
github.com/zyvorai/transiva/daemon/exporters/ovftool_exporter.go:92.2,92.36 1 0
github.com/zyvorai/transiva/daemon/exporters/ovftool_exporter.go:93.3,94.1 1 0
github.com/zyvorai/transiva/daemon/exporters/ovftool_exporter.go:97.2,99.1 5 0
github.com/zyvorai/transiva/daemon/exporters/ovftool_exporter.go:101.2,103.1 5 0
github.com/zyvorai/transiva/daemon/exporters/ovftool_exporter.go:105.2,105.35 5 0
github.com/zyvorai/transiva/daemon/exporters/ovftool_exporter.go:106.3,107.1 1 0
github.com/zyvorai/transiva/daemon/exporters/ovftool_exporter.go:110.2,113.1 3 0
github.com/zyvorai/transiva/daemon/exporters/ovftool_exporter.go:115.2,116.1 3 0
github.com/zyvorai/transiva/daemon/exporters/ovftool_exporter.go:117.2,117.20 3 0
github.com/zyvorai/transiva/daemon/exporters/ovftool_exporter.go:122.2,123.21 2 4
github.com/zyvorai/transiva/daemon/exporters/ovftool_exporter.go:124.3,126.1 3 5
github.com/zyvorai/transiva/daemon/exporters/ovftool_exporter.go:128.3,128.42 3 5
github.com/zyvorai/transiva/daemon/exporters/ovftool_exporter.go:129.4,130.23 2 1
github.com/zyvorai/transiva/daemon/exporters/ovftool_exporter.go:131.5,132.71 2 1
github.com/zyvorai/transiva/daemon/exporters/ovftool_exporter.go:133.6,133.33 1 1
github.com/zyvorai/transiva/daemon/exporters/ovftool_exporter.go:134.7,140.1 1 1
github.com/zyvorai/transiva/daemon/exporters/ovftool_exporter.go:146.3,146.104 1 5
github.com/zyvorai/transiva/daemon/exporters/ovftool_exporter.go:147.4,152.1 1 2
github.com/zyvorai/transiva/daemon/exporters/ovftool_exporter.go:158.2,159.21 2 3
github.com/zyvorai/transiva/daemon/exporters/ovftool_exporter.go:160.3,162.1 2 3
github.com/zyvorai/transiva/daemon/exporters/ovftool_exporter.go:167.2,168.1 1 1
github.com/zyvorai/transiva/daemon/exporters/ovftool_exporter.go:172.2,172.22 1 8
github.com/zyvorai/transiva/daemon/exporters/ovftool_exporter.go:173.3,174.1 1 2
github.com/zyvorai/transiva/daemon/exporters/ovftool_exporter.go:176.2,176.25 1 6
github.com/zyvorai/transiva/daemon/exporters/ovftool_exporter.go:177.3,178.1 1 1
github.com/zyvorai/transiva/daemon/exporters/ovftool_exporter.go:180.2,180.52 1 5
github.com/zyvorai/transiva/daemon/exporters/ovftool_exporter.go:181.3,182.1 1 2
github.com/zyvorai/transiva/daemon/exporters/ovftool_exporter.go:184.2,184.32 1 3
github.com/zyvorai/transiva/daemon/exporters/ovftool_exporter.go:185.3,186.1 1 1
github.com/zyvorai/transiva/daemon/exporters/ovftool_exporter.go:188.2,188.32 1 2
github.com/zyvorai/transiva/daemon/exporters/ovftool_exporter.go:189.3,190.1 1 1
github.com/zyvorai/transiva/daemon/exporters/ovftool_exporter.go:196.2,201.1 2 1
github.com/zyvorai/transiva/daemon/exporters/ovftool_exporter.go:202.2,202.32 2 1
github.com/zyvorai/transiva/daemon/exporters/ovftool_exporter.go:203.3,203.55 1 4
github.com/zyvorai/transiva/daemon/exporters/ovftool_exporter.go:204.4,205.1 1 0
github.com/zyvorai/transiva/daemon/exporters/ovftool_exporter.go:208.2,208.12 1 1
github.com/zyvorai/transiva/daemon/exporters/ovftool_exporter.go:214.2,214.33 1 4
github.com/zyvorai/transiva/daemon/exporters/ovftool_exporter.go:215.3,216.1 1 0
github.com/zyvorai/transiva/daemon/exporters/ovftool_exporter.go:217.2,217.24 1 4
github.com/zyvorai/transiva/daemon/exporters/ovftool_exporter.go:218.3,218.27 1 57
github.com/zyvorai/transiva/daemon/exporters/ovftool_exporter.go:219.4,220.1 1 0
github.com/zyvorai/transiva/daemon/exporters/ovftool_exporter.go:222.2,222.12 1 4
github.com/zyvorai/transiva/daemon/exporters/web_exporter.go:24.2,26.1 1 9
github.com/zyvorai/transiva/daemon/exporters/web_exporter.go:32.2,32.40 1 1
github.com/zyvorai/transiva/daemon/exporters/web_exporter.go:33.3,34.1 1 1
github.com/zyvorai/transiva/daemon/exporters/web_exporter.go:36.2,37.1 4 0
github.com/zyvorai/transiva/daemon/exporters/web_exporter.go:39.2,45.1 4 0
github.com/zyvorai/transiva/daemon/exporters/web_exporter.go:48.2,49.16 4 0
github.com/zyvorai/transiva/daemon/exporters/web_exporter.go:50.3,51.1 1 0
github.com/zyvorai/transiva/daemon/exporters/web_exporter.go:52.2,53.1 2 0
github.com/zyvorai/transiva/daemon/exporters/web_exporter.go:55.2,55.29 2 0
github.com/zyvorai/transiva/daemon/exporters/web_exporter.go:56.3,60.1 1 0
github.com/zyvorai/transiva/daemon/exporters/web_exporter.go:63.2,64.24 2 0
github.com/zyvorai/transiva/daemon/exporters/web_exporter.go:65.3,66.1 1 0
github.com/zyvorai/transiva/daemon/exporters/web_exporter.go:67.3,68.1 1 0
github.com/zyvorai/transiva/daemon/exporters/web_exporter.go:69.2,69.22 1 0
github.com/zyvorai/transiva/daemon/exporters/web_exporter.go:70.3,71.1 1 0
github.com/zyvorai/transiva/daemon/exporters/web_exporter.go:72.2,73.1 3 0
github.com/zyvorai/transiva/daemon/exporters/web_exporter.go:78.2,79.16 3 0
github.com/zyvorai/transiva/daemon/exporters/web_exporter.go:80.3,81.1 1 0
github.com/zyvorai/transiva/daemon/exporters/web_exporter.go:84.2,89.1 3 0
github.com/zyvorai/transiva/daemon/exporters/web_exporter.go:91.2,95.1 3 0
github.com/zyvorai/transiva/daemon/exporters/web_exporter.go:96.2,96.23 3 0
github.com/zyvorai/transiva/daemon/exporters/web_exporter.go:101.2,102.1 1 4
github.com/zyvorai/transiva/daemon/exporters/web_exporter.go:106.2,106.22 1 12
github.com/zyvorai/transiva/daemon/exporters/web_exporter.go:107.3,108.1 1 3
github.com/zyvorai/transiva/daemon/exporters/web_exporter.go:110.2,110.25 1 9
github.com/zyvorai/transiva/daemon/exporters/web_exporter.go:111.3,112.1 1 2
github.com/zyvorai/transiva/daemon/exporters/web_exporter.go:114.2,114.52 1 7
github.com/zyvorai/transiva/daemon/exporters/web_exporter.go:115.3,116.1 1 3
github.com/zyvorai/transiva/daemon/exporters/web_exporter.go:118.2,118.32 1 4
github.com/zyvorai/transiva/daemon/exporters/web_exporter.go:119.3,120.1 1 1
github.com/zyvorai/transiva/daemon/exporters/web_exporter.go:122.2,122.32 1 3
github.com/zyvorai/transiva/daemon/exporters/web_exporter.go:123.3,124.1 1 1
github.com/zyvorai/transiva/daemon/exporters/web_exporter.go:126.2,126.12 1 2
github.com/zyvorai/transiva/daemon/metrics/metrics.go:160.2,162.1 2 1
github.com/zyvorai/transiva/daemon/metrics/metrics.go:166.2,169.1 3 1
github.com/zyvorai/transiva/daemon/metrics/metrics.go:173.2,175.1 2 1
github.com/zyvorai/transiva/daemon/metrics/metrics.go:179.2,180.1 1 1
github.com/zyvorai/transiva/daemon/metrics/metrics.go:184.2,186.1 2 1
github.com/zyvorai/transiva/daemon/metrics/metrics.go:190.2,191.1 1 1
github.com/zyvorai/transiva/daemon/metrics/metrics.go:195.2,196.1 1 1
github.com/zyvorai/transiva/daemon/metrics/metrics.go:200.2,201.1 1 1
github.com/zyvorai/transiva/daemon/metrics/metrics.go:205.2,206.1 1 1
github.com/zyvorai/transiva/daemon/metrics/metrics.go:210.2,211.1 1 1
github.com/zyvorai/transiva/daemon/metrics/metrics.go:215.2,216.1 1 1
github.com/zyvorai/transiva/daemon/metrics/metrics.go:220.2,221.1 1 1
github.com/zyvorai/transiva/daemon/metrics/metrics.go:225.2,225.9 1 11
github.com/zyvorai/transiva/daemon/metrics/metrics.go:227.3,227.17 1 2
github.com/zyvorai/transiva/daemon/metrics/metrics.go:229.3,229.18 1 2
github.com/zyvorai/transiva/daemon/metrics/metrics.go:231.3,231.17 1 3
github.com/zyvorai/transiva/daemon/metrics/metrics.go:233.3,233.18 1 2
github.com/zyvorai/transiva/daemon/metrics/metrics.go:235.3,235.19 1 2
github.com/zyvorai/transiva/daemon/metrics/system.go:26.2,28.1 1 13
github.com/zyvorai/transiva/daemon/metrics/system.go:33.2,34.1 1 1010
github.com/zyvorai/transiva/daemon/metrics/system.go:38.2,39.1 1 4
github.com/zyvorai/transiva/daemon/metrics/system.go:43.2,44.1 1 1007
github.com/zyvorai/transiva/daemon/metrics/system.go:48.2,49.1 1 7
github.com/zyvorai/transiva/daemon/metrics/system.go:53.2,54.1 1 4
github.com/zyvorai/transiva/daemon/metrics/system.go:58.2,59.1 1 5
github.com/zyvorai/transiva/daemon/metrics/system.go:63.2,64.1 1 4
github.com/zyvorai/transiva/daemon/metrics/system.go:68.2,69.19 2 5
github.com/zyvorai/transiva/daemon/metrics/system.go:70.3,71.1 1 1
github.com/zyvorai/transiva/daemon/metrics/system.go:72.2,73.58 2 4
github.com/zyvorai/transiva/daemon/metrics/system.go:78.2,79.1 1 2
github.com/zyvorai/transiva/daemon/metrics/system.go:83.2,86.1 3 2
github.com/zyvorai/transiva/daemon/metrics/system.go:92.2,93.1 1 1
github.com/zyvorai/transiva/daemon/metrics/system.go:97.2,98.1 1 2
github.com/zyvorai/transiva/daemon/metrics/system.go:102.2,103.1 1 6
github.com/zyvorai/transiva/daemon/metrics/system.go:107.2,115.1 1 1
github.com/zyvorai/transiva/daemon/dashboard/custom_dashboards.go:27.2,27.36 1 0
github.com/zyvorai/transiva/daemon/dashboard/custom_dashboards.go:28.3,29.1 1 0
github.com/zyvorai/transiva/daemon/dashboard/custom_dashboards.go:30.2,30.12 1 0
github.com/zyvorai/transiva/daemon/dashboard/custom_dashboards.go:76.2,76.54 1 23
github.com/zyvorai/transiva/daemon/dashboard/custom_dashboards.go:77.3,78.1 1 0
github.com/zyvorai/transiva/daemon/dashboard/custom_dashboards.go:80.2,83.1 2 23
github.com/zyvorai/transiva/daemon/dashboard/custom_dashboards.go:86.2,86.49 2 23
github.com/zyvorai/transiva/daemon/dashboard/custom_dashboards.go:87.3,88.1 1 0
github.com/zyvorai/transiva/daemon/dashboard/custom_dashboards.go:91.2,91.34 1 23
github.com/zyvorai/transiva/daemon/dashboard/custom_dashboards.go:92.3,92.58 1 0
github.com/zyvorai/transiva/daemon/dashboard/custom_dashboards.go:93.4,94.1 1 0
github.com/zyvorai/transiva/daemon/dashboard/custom_dashboards.go:97.2,97.21 1 23
github.com/zyvorai/transiva/daemon/dashboard/custom_dashboards.go:102.2,103.16 2 23
github.com/zyvorai/transiva/daemon/dashboard/custom_dashboards.go:104.3,105.1 1 0
github.com/zyvorai/transiva/daemon/dashboard/custom_dashboards.go:107.2,107.29 1 23
github.com/zyvorai/transiva/daemon/dashboard/custom_dashboards.go:109.3,110.17 2 23
github.com/zyvorai/transiva/daemon/dashboard/custom_dashboards.go:111.4,111.12 1 0
github.com/zyvorai/transiva/daemon/dashboard/custom_dashboards.go:114.3,115.58 2 23
github.com/zyvorai/transiva/daemon/dashboard/custom_dashboards.go:116.4,116.12 1 0
github.com/zyvorai/transiva/daemon/dashboard/custom_dashboards.go:119.3,119.42 1 23
github.com/zyvorai/transiva/daemon/dashboard/custom_dashboards.go:122.2,122.12 1 23
github.com/zyvorai/transiva/daemon/dashboard/custom_dashboards.go:127.2,127.58 1 0
github.com/zyvorai/transiva/daemon/dashboard/custom_dashboards.go:128.3,129.1 1 0
github.com/zyvorai/transiva/daemon/dashboard/custom_dashboards.go:131.2,132.16 2 0
github.com/zyvorai/transiva/daemon/dashboard/custom_dashboards.go:133.3,134.1 1 0
github.com/zyvorai/transiva/daemon/dashboard/custom_dashboards.go:136.2,137.43 2 0
github.com/zyvorai/transiva/daemon/dashboard/custom_dashboards.go:142.2,210.1 5 0
github.com/zyvorai/transiva/daemon/dashboard/custom_dashboards.go:212.2,215.1 5 0
github.com/zyvorai/transiva/daemon/dashboard/custom_dashboards.go:216.2,217.1 5 0
github.com/zyvorai/transiva/daemon/dashboard/custom_dashboards.go:221.2,223.1 4 0
github.com/zyvorai/transiva/daemon/dashboard/custom_dashboards.go:224.2,225.9 4 0
github.com/zyvorai/transiva/daemon/dashboard/custom_dashboards.go:226.3,227.1 1 0
github.com/zyvorai/transiva/daemon/dashboard/custom_dashboards.go:229.2,229.23 1 0
github.com/zyvorai/transiva/daemon/dashboard/custom_dashboards.go:234.2,236.1 4 0
github.com/zyvorai/transiva/daemon/dashboard/custom_dashboards.go:237.2,238.41 4 0
github.com/zyvorai/transiva/daemon/dashboard/custom_dashboards.go:239.3,240.1 1 0
github.com/zyvorai/transiva/daemon/dashboard/custom_dashboards.go:242.2,242.19 1 0
github.com/zyvorai/transiva/daemon/dashboard/custom_dashboards.go:247.2,247.24 1 0
github.com/zyvorai/transiva/daemon/dashboard/custom_dashboards.go:248.3,249.1 1 0
github.com/zyvorai/transiva/daemon/dashboard/custom_dashboards.go:251.2,253.1 6 0
github.com/zyvorai/transiva/daemon/dashboard/custom_dashboards.go:254.2,257.1 6 0
github.com/zyvorai/transiva/daemon/dashboard/custom_dashboards.go:258.2,258.35 6 0
github.com/zyvorai/transiva/daemon/dashboard/custom_dashboards.go:263.2,265.1 4 0
github.com/zyvorai/transiva/daemon/dashboard/custom_dashboards.go:266.2,267.9 4 0
github.com/zyvorai/transiva/daemon/dashboard/custom_dashboards.go:268.3,269.1 1 0
github.com/zyvorai/transiva/daemon/dashboard/custom_dashboards.go:272.2,275.1 5 0
github.com/zyvorai/transiva/daemon/dashboard/custom_dashboards.go:276.2,277.1 5 0
github.com/zyvorai/transiva/daemon/dashboard/custom_dashboards.go:278.2,278.35 5 0
github.com/zyvorai/transiva/daemon/dashboard/custom_dashboards.go:283.2,285.1 3 0
github.com/zyvorai/transiva/daemon/dashboard/custom_dashboards.go:286.2,286.36 3 0
github.com/zyvorai/transiva/daemon/dashboard/custom_dashboards.go:287.3,288.1 1 0
github.com/zyvorai/transiva/daemon/dashboard/custom_dashboards.go:291.2,291.21 1 0
github.com/zyvorai/transiva/daemon/dashboard/custom_dashboards.go:292.3,293.1 1 0
github.com/zyvorai/transiva/daemon/dashboard/custom_dashboards.go:295.2,295.48 1 0
github.com/zyvorai/transiva/daemon/dashboard/custom_dashboards.go:296.3,297.1 1 0
github.com/zyvorai/transiva/daemon/dashboard/custom_dashboards.go:299.2,300.1 3 0
github.com/zyvorai/transiva/daemon/dashboard/custom_dashboards.go:302.2,303.1 3 0
github.com/zyvorai/transiva/daemon/dashboard/custom_dashboards.go:304.2,304.28 3 0
github.com/zyvorai/transiva/daemon/dashboard/custom_dashboards.go:309.2,309.44 1 1
github.com/zyvorai/transiva/daemon/dashboard/custom_dashboards.go:311.3,311.59 1 1
github.com/zyvorai/transiva/daemon/dashboard/custom_dashboards.go:312.4,314.64 3 0
github.com/zyvorai/transiva/daemon/dashboard/custom_dashboards.go:315.5,316.1 1 0
github.com/zyvorai/transiva/daemon/dashboard/custom_dashboards.go:320.3,320.60 1 1
github.com/zyvorai/transiva/daemon/dashboard/custom_dashboards.go:321.4,322.69 2 0
github.com/zyvorai/transiva/daemon/dashboard/custom_dashboards.go:323.5,325.1 2 0
github.com/zyvorai/transiva/daemon/dashboard/custom_dashboards.go:327.4,327.62 1 0
github.com/zyvorai/transiva/daemon/dashboard/custom_dashboards.go:328.5,330.1 2 0
github.com/zyvorai/transiva/daemon/dashboard/custom_dashboards.go:332.4,334.63 3 0
github.com/zyvorai/transiva/daemon/dashboard/custom_dashboards.go:335.5,336.1 1 0
github.com/zyvorai/transiva/daemon/dashboard/custom_dashboards.go:340.3,340.39 1 1
github.com/zyvorai/transiva/daemon/dashboard/custom_dashboards.go:342.4,342.60 1 1
github.com/zyvorai/transiva/daemon/dashboard/custom_dashboards.go:343.5,345.19 3 0
github.com/zyvorai/transiva/daemon/dashboard/custom_dashboards.go:346.6,348.1 2 0
github.com/zyvorai/transiva/daemon/dashboard/custom_dashboards.go:350.5,351.64 2 0
github.com/zyvorai/transiva/daemon/dashboard/custom_dashboards.go:352.6,353.1 1 0
github.com/zyvorai/transiva/daemon/dashboard/custom_dashboards.go:357.4,357.60 1 1
github.com/zyvorai/transiva/daemon/dashboard/custom_dashboards.go:358.5,360.70 3 0
github.com/zyvorai/transiva/daemon/dashboard/custom_dashboards.go:361.6,363.1 2 0
github.com/zyvorai/transiva/daemon/dashboard/custom_dashboards.go:365.5,365.67 1 0
github.com/zyvorai/transiva/daemon/dashboard/custom_dashboards.go:366.6,368.1 2 0
github.com/zyvorai/transiva/daemon/dashboard/custom_dashboards.go:370.5,371.64 2 0
github.com/zyvorai/transiva/daemon/dashboard/custom_dashboards.go:372.6,373.1 1 0
github.com/zyvorai/transiva/daemon/dashboard/custom_dashboards.go:377.4,377.63 1 1
github.com/zyvorai/transiva/daemon/dashboard/custom_dashboards.go:378.5,379.55 2 0
github.com/zyvorai/transiva/daemon/dashboard/custom_dashboards.go:380.6,382.1 2 0
github.com/zyvorai/transiva/daemon/dashboard/custom_dashboards.go:384.5,384.40 1 0
github.com/zyvorai/transiva/daemon/dashboard/custom_dashboards.go:388.4,388.66 1 1
github.com/zyvorai/transiva/daemon/dashboard/custom_dashboards.go:389.5,391.19 3 0
github.com/zyvorai/transiva/daemon/dashboard/custom_dashboards.go:392.6,394.1 2 0
github.com/zyvorai/transiva/daemon/dashboard/custom_dashboards.go:397.5,401.1 5 0
github.com/zyvorai/transiva/daemon/dashboard/custom_dashboards.go:402.5,402.59 5 0
github.com/zyvorai/transiva/daemon/dashboard/custom_dashboards.go:403.6,405.1 2 0
github.com/zyvorai/transiva/daemon/dashboard/custom_dashboards.go:407.5,409.60 3 0
github.com/zyvorai/transiva/daemon/dashboard/custom_dashboards.go:410.6,411.1 1 0
github.com/zyvorai/transiva/daemon/dashboard/dashboard.go:41.2,46.1 1 24
github.com/zyvorai/transiva/daemon/dashboard/dashboard.go:112.2,112.19 1 23
github.com/zyvorai/transiva/daemon/dashboard/dashboard.go:113.3,114.1 1 1
github.com/zyvorai/transiva/daemon/dashboard/dashboard.go:117.2,118.16 2 23
github.com/zyvorai/transiva/daemon/dashboard/dashboard.go:119.3,120.1 1 0
github.com/zyvorai/transiva/daemon/dashboard/dashboard.go:123.2,124.16 2 23
github.com/zyvorai/transiva/daemon/dashboard/dashboard.go:126.3,127.1 1 0
github.com/zyvorai/transiva/daemon/dashboard/dashboard.go:129.2,135.44 1 23
github.com/zyvorai/transiva/daemon/dashboard/dashboard.go:136.5,137.1 1 3
github.com/zyvorai/transiva/daemon/dashboard/dashboard.go:154.2,154.23 1 2
github.com/zyvorai/transiva/daemon/dashboard/dashboard.go:155.3,156.1 1 1
github.com/zyvorai/transiva/daemon/dashboard/dashboard.go:159.2,160.1 4 1
github.com/zyvorai/transiva/daemon/dashboard/dashboard.go:162.2,163.1 4 1
github.com/zyvorai/transiva/daemon/dashboard/dashboard.go:165.2,166.16 4 1
github.com/zyvorai/transiva/daemon/dashboard/dashboard.go:167.3,168.1 2 1
github.com/zyvorai/transiva/daemon/dashboard/dashboard.go:169.3,170.1 2 1
github.com/zyvorai/transiva/daemon/dashboard/dashboard.go:173.2,174.1 12 1
github.com/zyvorai/transiva/daemon/dashboard/dashboard.go:176.2,181.1 12 1
github.com/zyvorai/transiva/daemon/dashboard/dashboard.go:183.2,184.1 12 1
github.com/zyvorai/transiva/daemon/dashboard/dashboard.go:186.2,190.1 12 1
github.com/zyvorai/transiva/daemon/dashboard/dashboard.go:192.2,192.37 12 1
github.com/zyvorai/transiva/daemon/dashboard/dashboard.go:194.3,197.1 4 1
github.com/zyvorai/transiva/daemon/dashboard/dashboard.go:199.3,199.23 4 1
github.com/zyvorai/transiva/daemon/dashboard/dashboard.go:200.4,201.1 1 1
github.com/zyvorai/transiva/daemon/dashboard/dashboard.go:204.3,204.29 1 1
github.com/zyvorai/transiva/daemon/dashboard/dashboard.go:205.4,206.1 1 1
github.com/zyvorai/transiva/daemon/dashboard/dashboard.go:210.2,211.1 4 1
github.com/zyvorai/transiva/daemon/dashboard/dashboard.go:212.2,217.1 4 1
github.com/zyvorai/transiva/daemon/dashboard/dashboard.go:220.2,220.12 4 1
github.com/zyvorai/transiva/daemon/dashboard/dashboard.go:221.3,221.80 1 1
github.com/zyvorai/transiva/daemon/dashboard/dashboard.go:222.4,223.1 1 0
github.com/zyvorai/transiva/daemon/dashboard/dashboard.go:227.2,228.46 2 1
github.com/zyvorai/transiva/daemon/dashboard/dashboard.go:233.2,233.23 1 2
github.com/zyvorai/transiva/daemon/dashboard/dashboard.go:234.3,236.1 2 1
github.com/zyvorai/transiva/daemon/dashboard/dashboard.go:238.2,238.74 1 1
github.com/zyvorai/transiva/daemon/dashboard/dashboard.go:239.3,240.1 1 0
github.com/zyvorai/transiva/daemon/dashboard/dashboard.go:245.2,245.72 1 0
github.com/zyvorai/transiva/daemon/dashboard/dashboard.go:246.3,247.1 1 0
github.com/zyvorai/transiva/daemon/dashboard/dashboard.go:252.2,252.79 1 0
github.com/zyvorai/transiva/daemon/dashboard/dashboard.go:253.3,254.1 1 0
github.com/zyvorai/transiva/daemon/dashboard/dashboard.go:259.2,259.76 1 0
github.com/zyvorai/transiva/daemon/dashboard/dashboard.go:260.3,261.1 1 0
github.com/zyvorai/transiva/daemon/dashboard/dashboard.go:266.2,269.1 5 1
github.com/zyvorai/transiva/daemon/dashboard/dashboard.go:270.2,271.59 5 1
github.com/zyvorai/transiva/daemon/dashboard/dashboard.go:272.3,273.1 1 0
github.com/zyvorai/transiva/daemon/dashboard/dashboard.go:278.2,281.1 5 1
github.com/zyvorai/transiva/daemon/dashboard/dashboard.go:282.2,283.56 5 1
github.com/zyvorai/transiva/daemon/dashboard/dashboard.go:284.3,285.1 1 0
github.com/zyvorai/transiva/daemon/dashboard/dashboard.go:291.2,292.1 4 2
github.com/zyvorai/transiva/daemon/dashboard/dashboard.go:293.2,295.1 4 2
github.com/zyvorai/transiva/daemon/dashboard/dashboard.go:296.2,296.43 4 2
github.com/zyvorai/transiva/daemon/dashboard/dashboard.go:297.3,297.22 1 1
github.com/zyvorai/transiva/daemon/dashboard/dashboard.go:298.4,299.57 2 1
github.com/zyvorai/transiva/daemon/dashboard/dashboard.go:300.5,301.1 1 0
github.com/zyvorai/transiva/daemon/dashboard/dashboard.go:302.4,302.10 1 1
github.com/zyvorai/transiva/daemon/dashboard/dashboard.go:306.2,306.21 1 1
github.com/zyvorai/transiva/daemon/dashboard/dashboard.go:312.2,315.1 4 3
github.com/zyvorai/transiva/daemon/dashboard/dashboard.go:316.2,316.40 4 3
github.com/zyvorai/transiva/daemon/dashboard/dashboard.go:317.3,319.1 2 0
github.com/zyvorai/transiva/daemon/dashboard/dashboard.go:322.2,323.16 2 3
github.com/zyvorai/transiva/daemon/dashboard/dashboard.go:324.3,326.1 2 0
github.com/zyvorai/transiva/daemon/dashboard/dashboard.go:329.2,333.1 11 3
github.com/zyvorai/transiva/daemon/dashboard/dashboard.go:335.2,341.21 11 3
github.com/zyvorai/transiva/daemon/dashboard/dashboard.go:342.3,346.40 5 0
github.com/zyvorai/transiva/daemon/dashboard/dashboard.go:347.4,348.1 1 0
github.com/zyvorai/transiva/daemon/dashboard/dashboard.go:349.3,349.9 1 0
github.com/zyvorai/transiva/daemon/dashboard/dashboard.go:353.2,353.25 1 3
github.com/zyvorai/transiva/daemon/dashboard/dashboard.go:358.2,358.15 1 3
github.com/zyvorai/transiva/daemon/dashboard/dashboard.go:359.3,362.38 4 3
github.com/zyvorai/transiva/daemon/dashboard/dashboard.go:363.4,364.1 1 0
github.com/zyvorai/transiva/daemon/dashboard/dashboard.go:367.2,367.6 1 3
github.com/zyvorai/transiva/daemon/dashboard/dashboard.go:368.3,369.17 2 3
github.com/zyvorai/transiva/daemon/dashboard/dashboard.go:370.4,370.9 1 3
github.com/zyvorai/transiva/daemon/dashboard/dashboard.go:377.2,377.32 1 3
github.com/zyvorai/transiva/daemon/dashboard/dashboard.go:378.3,380.37 3 8
github.com/zyvorai/transiva/daemon/dashboard/dashboard.go:381.4,382.1 1 4
github.com/zyvorai/transiva/daemon/dashboard/dashboard.go:383.3,384.1 3 8
github.com/zyvorai/transiva/daemon/dashboard/dashboard.go:385.3,386.35 3 8
github.com/zyvorai/transiva/daemon/dashboard/dashboard.go:387.4,390.18 4 4
github.com/zyvorai/transiva/daemon/dashboard/dashboard.go:391.5,391.44 1 0
github.com/zyvorai/transiva/daemon/dashboard/dashboard.go:392.6,393.1 1 0
github.com/zyvorai/transiva/daemon/dashboard/dashboard.go:394.5,394.32 1 0
github.com/zyvorai/transiva/daemon/dashboard/dashboard.go:398.3,398.20 1 8
github.com/zyvorai/transiva/daemon/dashboard/dashboard.go:399.4,400.32 2 0
github.com/zyvorai/transiva/daemon/dashboard/dashboard.go:401.5,402.1 1 0
github.com/zyvorai/transiva/daemon/dashboard/dashboard.go:403.4,403.24 1 0
github.com/zyvorai/transiva/daemon/dashboard/dashboard.go:410.2,412.1 3 2
github.com/zyvorai/transiva/daemon/dashboard/dashboard.go:413.2,413.6 3 2
github.com/zyvorai/transiva/daemon/dashboard/dashboard.go:414.3,414.10 1 9
github.com/zyvorai/transiva/daemon/dashboard/dashboard.go:416.4,416.10 1 2
github.com/zyvorai/transiva/daemon/dashboard/dashboard.go:419.4,420.1 5 7
github.com/zyvorai/transiva/daemon/dashboard/dashboard.go:422.4,425.1 5 7
github.com/zyvorai/transiva/daemon/dashboard/dashboard.go:426.4,426.18 5 7
github.com/zyvorai/transiva/daemon/dashboard/dashboard.go:427.5,427.12 1 7
github.com/zyvorai/transiva/daemon/dashboard/dashboard.go:428.30,428.30 0 7
github.com/zyvorai/transiva/daemon/dashboard/dashboard.go:429.13,429.13 0 0
github.com/zyvorai/transiva/daemon/dashboard/dashboard.go:439.2,441.1 6 8
github.com/zyvorai/transiva/daemon/dashboard/dashboard.go:443.2,444.1 6 8
github.com/zyvorai/transiva/daemon/dashboard/dashboard.go:449.2,452.1 6 8
github.com/zyvorai/transiva/daemon/dashboard/dashboard.go:456.2,458.1 7 3
github.com/zyvorai/transiva/daemon/dashboard/dashboard.go:459.2,464.1 7 3
github.com/zyvorai/transiva/daemon/dashboard/dashboard.go:468.2,470.1 4 63
github.com/zyvorai/transiva/daemon/dashboard/dashboard.go:472.2,473.1 4 63
github.com/zyvorai/transiva/daemon/dashboard/dashboard.go:475.2,475.36 4 63
github.com/zyvorai/transiva/daemon/dashboard/dashboard.go:476.3,477.1 1 10
github.com/zyvorai/transiva/daemon/dashboard/dashboard.go:480.2,480.36 1 63
github.com/zyvorai/transiva/daemon/dashboard/dashboard.go:481.3,482.1 1 0
github.com/zyvorai/transiva/daemon/dashboard/dashboard.go:483.2,483.41 1 63
github.com/zyvorai/transiva/daemon/dashboard/dashboard.go:488.2,490.1 5 1
github.com/zyvorai/transiva/daemon/dashboard/dashboard.go:491.2,494.1 5 1
github.com/zyvorai/transiva/daemon/dashboard/dashboard.go:498.2,500.1 5 1
github.com/zyvorai/transiva/daemon/dashboard/dashboard.go:501.2,504.1 5 1
github.com/zyvorai/transiva/daemon/dashboard/dashboard.go:508.2,510.1 5 26
github.com/zyvorai/transiva/daemon/dashboard/dashboard.go:511.2,516.1 5 26
github.com/zyvorai/transiva/daemon/dashboard/dashboard.go:518.2,519.1 5 26
github.com/zyvorai/transiva/daemon/dashboard/dashboard.go:521.2,521.32 5 26
github.com/zyvorai/transiva/daemon/dashboard/dashboard.go:522.3,523.1 1 5
github.com/zyvorai/transiva/daemon/dashboard/dashboard.go:528.2,530.1 3 1
github.com/zyvorai/transiva/daemon/dashboard/dashboard.go:531.2,532.1 3 1
github.com/zyvorai/transiva/daemon/dashboard/dashboard.go:536.2,539.1 3 1
github.com/zyvorai/transiva/daemon/dashboard/k8s_client.go:25.2,26.16 2 0
github.com/zyvorai/transiva/daemon/dashboard/k8s_client.go:27.3,28.1 1 0
github.com/zyvorai/transiva/daemon/dashboard/k8s_client.go:30.2,33.8 1 0
github.com/zyvorai/transiva/daemon/dashboard/k8s_client.go:80.2,80.23 1 0
github.com/zyvorai/transiva/daemon/dashboard/k8s_client.go:81.3,82.1 1 0
github.com/zyvorai/transiva/daemon/dashboard/k8s_client.go:83.2,83.95 1 0
github.com/zyvorai/transiva/daemon/dashboard/k8s_client.go:88.2,89.1 1 0
github.com/zyvorai/transiva/daemon/dashboard/k8s_client.go:93.2,93.23 1 0
github.com/zyvorai/transiva/daemon/dashboard/k8s_client.go:94.3,95.1 1 0
github.com/zyvorai/transiva/daemon/dashboard/k8s_client.go:96.2,96.96 1 0
github.com/zyvorai/transiva/daemon/dashboard/k8s_client.go:101.2,101.23 1 0
github.com/zyvorai/transiva/daemon/dashboard/k8s_client.go:102.3,103.1 1 0
github.com/zyvorai/transiva/daemon/dashboard/k8s_client.go:104.2,104.100 1 0
github.com/zyvorai/transiva/daemon/dashboard/k8s_client.go:109.2,110.1 1 0
github.com/zyvorai/transiva/daemon/dashboard/k8s_client.go:114.2,114.23 1 0
github.com/zyvorai/transiva/daemon/dashboard/k8s_client.go:115.3,116.1 1 0
github.com/zyvorai/transiva/daemon/dashboard/k8s_client.go:117.2,117.101 1 0
github.com/zyvorai/transiva/daemon/dashboard/k8s_client.go:122.2,122.23 1 0
github.com/zyvorai/transiva/daemon/dashboard/k8s_client.go:123.3,124.1 1 0
github.com/zyvorai/transiva/daemon/dashboard/k8s_client.go:125.2,125.96 1 0
github.com/zyvorai/transiva/daemon/dashboard/k8s_client.go:130.2,131.1 1 0
github.com/zyvorai/transiva/daemon/dashboard/k8s_client.go:135.2,135.23 1 0
github.com/zyvorai/transiva/daemon/dashboard/k8s_client.go:136.3,137.1 1 0
github.com/zyvorai/transiva/daemon/dashboard/k8s_client.go:138.2,138.97 1 0
github.com/zyvorai/transiva/daemon/dashboard/k8s_client.go:143.2,145.1 3 0
github.com/zyvorai/transiva/daemon/dashboard/k8s_client.go:146.2,146.43 3 0
github.com/zyvorai/transiva/daemon/dashboard/k8s_client.go:147.3,148.1 1 0
github.com/zyvorai/transiva/daemon/dashboard/k8s_client.go:149.3,150.1 1 0
github.com/zyvorai/transiva/daemon/dashboard/k8s_client.go:152.2,152.16 1 0
github.com/zyvorai/transiva/daemon/dashboard/k8s_client.go:153.3,154.1 1 0
github.com/zyvorai/transiva/daemon/dashboard/k8s_client.go:156.2,157.34 2 0
github.com/zyvorai/transiva/daemon/dashboard/k8s_client.go:158.3,159.1 1 0
github.com/zyvorai/transiva/daemon/dashboard/k8s_client.go:160.2,160.20 1 0
github.com/zyvorai/transiva/daemon/dashboard/k8s_client.go:165.2,166.1 1 0
github.com/zyvorai/transiva/daemon/dashboard/k8s_client.go:170.2,172.1 3 0
github.com/zyvorai/transiva/daemon/dashboard/k8s_client.go:173.2,173.43 3 0
github.com/zyvorai/transiva/daemon/dashboard/k8s_client.go:174.3,175.1 1 0
github.com/zyvorai/transiva/daemon/dashboard/k8s_client.go:176.3,177.1 1 0
github.com/zyvorai/transiva/daemon/dashboard/k8s_client.go:179.2,179.16 1 0
github.com/zyvorai/transiva/daemon/dashboard/k8s_client.go:180.3,181.1 1 0
github.com/zyvorai/transiva/daemon/dashboard/k8s_client.go:183.2,184.34 2 0
github.com/zyvorai/transiva/daemon/dashboard/k8s_client.go:185.3,186.1 1 0
github.com/zyvorai/transiva/daemon/dashboard/k8s_client.go:187.2,187.20 1 0
github.com/zyvorai/transiva/daemon/dashboard/k8s_client.go:192.2,193.1 1 0
github.com/zyvorai/transiva/daemon/dashboard/k8s_client.go:197.2,199.1 3 0
github.com/zyvorai/transiva/daemon/dashboard/k8s_client.go:200.2,200.43 3 0
github.com/zyvorai/transiva/daemon/dashboard/k8s_client.go:201.3,202.1 1 0
github.com/zyvorai/transiva/daemon/dashboard/k8s_client.go:203.3,204.1 1 0
github.com/zyvorai/transiva/daemon/dashboard/k8s_client.go:206.2,206.16 1 0
github.com/zyvorai/transiva/daemon/dashboard/k8s_client.go:207.3,208.1 1 0
github.com/zyvorai/transiva/daemon/dashboard/k8s_client.go:210.2,211.34 2 0
github.com/zyvorai/transiva/daemon/dashboard/k8s_client.go:212.3,213.1 1 0
github.com/zyvorai/transiva/daemon/dashboard/k8s_client.go:214.2,214.20 1 0
github.com/zyvorai/transiva/daemon/dashboard/k8s_client.go:219.2,220.1 1 0
github.com/zyvorai/transiva/daemon/dashboard/k8s_client.go:226.2,227.31 2 0
github.com/zyvorai/transiva/daemon/dashboard/k8s_client.go:228.3,228.25 1 0
github.com/zyvorai/transiva/daemon/dashboard/k8s_client.go:229.4,229.53 1 0
github.com/zyvorai/transiva/daemon/dashboard/k8s_client.go:230.5,231.1 1 0
github.com/zyvorai/transiva/daemon/dashboard/k8s_client.go:232.4,232.14 1 0
github.com/zyvorai/transiva/daemon/dashboard/k8s_client.go:234.3,234.62 1 0
github.com/zyvorai/transiva/daemon/dashboard/k8s_client.go:235.4,236.1 1 0
github.com/zyvorai/transiva/daemon/dashboard/k8s_client.go:237.4,238.1 1 0
github.com/zyvorai/transiva/daemon/dashboard/k8s_client.go:240.2,240.12 1 0
github.com/zyvorai/transiva/daemon/dashboard/k8s_client.go:245.2,246.31 2 0
github.com/zyvorai/transiva/daemon/dashboard/k8s_client.go:247.3,247.25 1 0
github.com/zyvorai/transiva/daemon/dashboard/k8s_client.go:248.4,248.46 1 0
github.com/zyvorai/transiva/daemon/dashboard/k8s_client.go:249.5,250.1 1 0
github.com/zyvorai/transiva/daemon/dashboard/k8s_client.go:251.4,251.13 1 0
github.com/zyvorai/transiva/daemon/dashboard/k8s_client.go:253.3,253.62 1 0
github.com/zyvorai/transiva/daemon/dashboard/k8s_client.go:254.4,255.1 1 0
github.com/zyvorai/transiva/daemon/dashboard/k8s_client.go:256.4,257.1 1 0
github.com/zyvorai/transiva/daemon/dashboard/k8s_client.go:259.2,259.11 1 0
github.com/zyvorai/transiva/daemon/dashboard/k8s_client.go:264.2,265.31 2 0
github.com/zyvorai/transiva/daemon/dashboard/k8s_client.go:266.3,266.25 1 0
github.com/zyvorai/transiva/daemon/dashboard/k8s_client.go:267.4,267.40 1 0
github.com/zyvorai/transiva/daemon/dashboard/k8s_client.go:269.5,269.15 1 0
github.com/zyvorai/transiva/daemon/dashboard/k8s_client.go:271.5,271.22 1 0
github.com/zyvorai/transiva/daemon/dashboard/k8s_client.go:273.5,273.22 1 0
github.com/zyvorai/transiva/daemon/dashboard/k8s_client.go:275.5,275.13 1 0
github.com/zyvorai/transiva/daemon/dashboard/k8s_client.go:278.3,278.62 1 0
github.com/zyvorai/transiva/daemon/dashboard/k8s_client.go:279.4,280.1 1 0
github.com/zyvorai/transiva/daemon/dashboard/k8s_client.go:281.4,282.1 1 0
github.com/zyvorai/transiva/daemon/dashboard/k8s_client.go:284.2,284.10 1 0
github.com/zyvorai/transiva/daemon/dashboard/k8s_client.go:289.2,290.31 2 0
github.com/zyvorai/transiva/daemon/dashboard/k8s_client.go:291.3,291.25 1 0
github.com/zyvorai/transiva/daemon/dashboard/k8s_client.go:292.4,292.40 1 0
github.com/zyvorai/transiva/daemon/dashboard/k8s_client.go:294.5,294.15 1 0
github.com/zyvorai/transiva/daemon/dashboard/k8s_client.go:296.5,296.24 1 0
github.com/zyvorai/transiva/daemon/dashboard/k8s_client.go:298.5,298.24 1 0
github.com/zyvorai/transiva/daemon/dashboard/k8s_client.go:300.5,300.15 1 0
github.com/zyvorai/transiva/daemon/dashboard/k8s_client.go:303.3,303.62 1 0
github.com/zyvorai/transiva/daemon/dashboard/k8s_client.go:304.4,305.1 1 0
github.com/zyvorai/transiva/daemon/dashboard/k8s_client.go:306.4,307.1 1 0
github.com/zyvorai/transiva/daemon/dashboard/k8s_client.go:309.2,309.12 1 0
github.com/zyvorai/transiva/daemon/dashboard/k8s_client.go:314.2,315.31 2 0
github.com/zyvorai/transiva/daemon/dashboard/k8s_client.go:316.3,316.25 1 0
github.com/zyvorai/transiva/daemon/dashboard/k8s_client.go:317.4,317.44 1 0
github.com/zyvorai/transiva/daemon/dashboard/k8s_client.go:318.5,319.1 1 0
github.com/zyvorai/transiva/daemon/dashboard/k8s_client.go:320.4,320.16 1 0
github.com/zyvorai/transiva/daemon/dashboard/k8s_client.go:322.3,322.62 1 0
github.com/zyvorai/transiva/daemon/dashboard/k8s_client.go:323.4,324.1 1 0
github.com/zyvorai/transiva/daemon/dashboard/k8s_client.go:325.4,326.1 1 0
github.com/zyvorai/transiva/daemon/dashboard/k8s_client.go:328.2,328.14 1 0
github.com/zyvorai/transiva/daemon/dashboard/k8s_client.go:333.2,334.31 2 0
github.com/zyvorai/transiva/daemon/dashboard/k8s_client.go:335.3,335.25 1 0
github.com/zyvorai/transiva/daemon/dashboard/k8s_client.go:336.4,336.62 1 0
github.com/zyvorai/transiva/daemon/dashboard/k8s_client.go:337.5,338.1 1 0
github.com/zyvorai/transiva/daemon/dashboard/k8s_client.go:339.4,339.14 1 0
github.com/zyvorai/transiva/daemon/dashboard/k8s_client.go:341.3,341.62 1 0
github.com/zyvorai/transiva/daemon/dashboard/k8s_client.go:342.4,343.1 1 0
github.com/zyvorai/transiva/daemon/dashboard/k8s_client.go:344.4,345.1 1 0
github.com/zyvorai/transiva/daemon/dashboard/k8s_client.go:347.2,347.12 1 0
github.com/zyvorai/transiva/daemon/dashboard/k8s_dashboard.go:26.2,26.23 1 0
github.com/zyvorai/transiva/daemon/dashboard/k8s_dashboard.go:27.3,28.1 1 0
github.com/zyvorai/transiva/daemon/dashboard/k8s_dashboard.go:29.2,29.23 1 0
github.com/zyvorai/transiva/daemon/dashboard/k8s_dashboard.go:30.3,31.1 1 0
github.com/zyvorai/transiva/daemon/dashboard/k8s_dashboard.go:32.2,32.17 1 0
github.com/zyvorai/transiva/daemon/dashboard/k8s_dashboard.go:252.2,296.1 4 1
github.com/zyvorai/transiva/daemon/dashboard/k8s_dashboard.go:299.2,300.1 4 1
github.com/zyvorai/transiva/daemon/dashboard/k8s_dashboard.go:303.2,304.16 4 1
github.com/zyvorai/transiva/daemon/dashboard/k8s_dashboard.go:306.3,308.1 2 0
github.com/zyvorai/transiva/daemon/dashboard/k8s_dashboard.go:309.2,310.1 4 1
github.com/zyvorai/transiva/daemon/dashboard/k8s_dashboard.go:312.2,314.1 4 1
github.com/zyvorai/transiva/daemon/dashboard/k8s_dashboard.go:316.2,316.57 4 1
github.com/zyvorai/transiva/daemon/dashboard/k8s_dashboard.go:318.3,319.1 1 1
github.com/zyvorai/transiva/daemon/dashboard/k8s_dashboard.go:322.2,322.58 1 1
github.com/zyvorai/transiva/daemon/dashboard/k8s_dashboard.go:323.3,324.1 1 0
github.com/zyvorai/transiva/daemon/dashboard/k8s_dashboard.go:326.2,326.21 1 1
github.com/zyvorai/transiva/daemon/dashboard/k8s_dashboard.go:333.2,335.1 4 0
github.com/zyvorai/transiva/daemon/dashboard/k8s_dashboard.go:337.2,341.1 4 0
github.com/zyvorai/transiva/daemon/dashboard/k8s_dashboard.go:342.2,342.45 4 0
github.com/zyvorai/transiva/daemon/dashboard/k8s_dashboard.go:343.3,344.1 1 0
github.com/zyvorai/transiva/daemon/dashboard/k8s_dashboard.go:347.2,347.25 1 0
github.com/zyvorai/transiva/daemon/dashboard/k8s_dashboard.go:348.3,363.1 2 0
github.com/zyvorai/transiva/daemon/dashboard/k8s_dashboard.go:364.3,364.43 2 0
github.com/zyvorai/transiva/daemon/dashboard/k8s_dashboard.go:365.4,366.1 1 0
github.com/zyvorai/transiva/daemon/dashboard/k8s_dashboard.go:369.2,369.12 1 0
github.com/zyvorai/transiva/daemon/dashboard/k8s_dashboard.go:374.2,376.1 4 0
github.com/zyvorai/transiva/daemon/dashboard/k8s_dashboard.go:378.2,379.45 4 0
github.com/zyvorai/transiva/daemon/dashboard/k8s_dashboard.go:380.3,381.1 1 0
github.com/zyvorai/transiva/daemon/dashboard/k8s_dashboard.go:384.2,405.1 2 0
github.com/zyvorai/transiva/daemon/dashboard/k8s_dashboard.go:407.2,407.27 2 0
github.com/zyvorai/transiva/daemon/dashboard/k8s_dashboard.go:408.3,408.43 1 0
github.com/zyvorai/transiva/daemon/dashboard/k8s_dashboard.go:409.4,410.1 1 0
github.com/zyvorai/transiva/daemon/dashboard/k8s_dashboard.go:413.2,413.12 1 0
github.com/zyvorai/transiva/daemon/dashboard/k8s_dashboard.go:418.2,420.1 3 1
github.com/zyvorai/transiva/daemon/dashboard/k8s_dashboard.go:421.2,421.22 3 1
github.com/zyvorai/transiva/daemon/dashboard/k8s_dashboard.go:422.3,423.1 1 0
github.com/zyvorai/transiva/daemon/dashboard/k8s_dashboard.go:425.3,426.17 2 1
github.com/zyvorai/transiva/daemon/dashboard/k8s_dashboard.go:428.4,431.1 3 1
github.com/zyvorai/transiva/daemon/dashboard/k8s_dashboard.go:434.2,434.16 1 1
github.com/zyvorai/transiva/daemon/dashboard/k8s_dashboard.go:435.3,436.1 1 1
github.com/zyvorai/transiva/daemon/dashboard/k8s_dashboard.go:438.2,439.16 2 0
github.com/zyvorai/transiva/daemon/dashboard/k8s_dashboard.go:440.3,441.1 1 0
github.com/zyvorai/transiva/daemon/dashboard/k8s_dashboard.go:443.2,445.1 4 0
github.com/zyvorai/transiva/daemon/dashboard/k8s_dashboard.go:447.2,448.16 4 0
github.com/zyvorai/transiva/daemon/dashboard/k8s_dashboard.go:449.3,450.1 1 0
github.com/zyvorai/transiva/daemon/dashboard/k8s_dashboard.go:451.2,452.1 2 0
github.com/zyvorai/transiva/daemon/dashboard/k8s_dashboard.go:454.2,454.67 2 0
github.com/zyvorai/transiva/daemon/dashboard/k8s_dashboard.go:455.3,456.1 1 0
github.com/zyvorai/transiva/daemon/dashboard/k8s_dashboard.go:458.2,459.12 2 0
github.com/zyvorai/transiva/daemon/dashboard/k8s_dashboard.go:464.2,464.25 1 0
github.com/zyvorai/transiva/daemon/dashboard/k8s_dashboard.go:465.3,466.1 1 0
github.com/zyvorai/transiva/daemon/dashboard/k8s_dashboard.go:468.2,470.1 4 0
github.com/zyvorai/transiva/daemon/dashboard/k8s_dashboard.go:472.2,473.16 4 0
github.com/zyvorai/transiva/daemon/dashboard/k8s_dashboard.go:474.3,475.1 1 0
github.com/zyvorai/transiva/daemon/dashboard/k8s_dashboard.go:478.2,479.16 2 0
github.com/zyvorai/transiva/daemon/dashboard/k8s_dashboard.go:480.3,481.1 1 0
github.com/zyvorai/transiva/daemon/dashboard/k8s_dashboard.go:484.2,485.16 2 0
github.com/zyvorai/transiva/daemon/dashboard/k8s_dashboard.go:486.3,487.1 1 0
github.com/zyvorai/transiva/daemon/dashboard/k8s_dashboard.go:490.2,493.39 2 0
github.com/zyvorai/transiva/daemon/dashboard/k8s_dashboard.go:494.3,496.34 3 0
github.com/zyvorai/transiva/daemon/dashboard/k8s_dashboard.go:497.4,497.37 1 0
github.com/zyvorai/transiva/daemon/dashboard/k8s_dashboard.go:498.5,499.10 2 0
github.com/zyvorai/transiva/daemon/dashboard/k8s_dashboard.go:502.3,502.17 1 0
github.com/zyvorai/transiva/daemon/dashboard/k8s_dashboard.go:503.4,504.1 1 0
github.com/zyvorai/transiva/daemon/dashboard/k8s_dashboard.go:505.4,506.1 1 0
github.com/zyvorai/transiva/daemon/dashboard/k8s_dashboard.go:508.3,510.1 2 0
github.com/zyvorai/transiva/daemon/dashboard/k8s_dashboard.go:512.2,512.12 1 0
github.com/zyvorai/transiva/daemon/dashboard/k8s_dashboard.go:518.2,519.1 3 1
github.com/zyvorai/transiva/daemon/dashboard/k8s_dashboard.go:521.2,522.1 3 1
github.com/zyvorai/transiva/daemon/dashboard/k8s_dashboard.go:523.2,524.1 3 1
github.com/zyvorai/transiva/daemon/dashboard/k8s_dashboard.go:528.2,530.1 7 1
github.com/zyvorai/transiva/daemon/dashboard/k8s_dashboard.go:532.2,534.1 7 1
github.com/zyvorai/transiva/daemon/dashboard/k8s_dashboard.go:536.2,538.1 7 1
github.com/zyvorai/transiva/daemon/dashboard/k8s_dashboard.go:539.2,539.6 7 1
github.com/zyvorai/transiva/daemon/dashboard/k8s_dashboard.go:540.3,540.10 1 1
github.com/zyvorai/transiva/daemon/dashboard/k8s_dashboard.go:542.4,542.10 1 1
github.com/zyvorai/transiva/daemon/dashboard/k8s_dashboard.go:545.4,545.58 1 0
github.com/zyvorai/transiva/daemon/dashboard/k8s_dashboard.go:546.5,547.1 1 0
github.com/zyvorai/transiva/daemon/dashboard/k8s_dashboard.go:550.4,550.27 1 0
github.com/zyvorai/transiva/daemon/dashboard/k8s_dashboard.go:551.5,551.13 1 0
github.com/zyvorai/transiva/daemon/dashboard/k8s_dashboard.go:554.4,554.29 1 0
github.com/zyvorai/transiva/daemon/dashboard/k8s_dashboard.go:558.4,558.65 1 0
github.com/zyvorai/transiva/daemon/dashboard/k8s_dashboard.go:559.5,560.75 2 0
github.com/zyvorai/transiva/daemon/dashboard/k8s_dashboard.go:561.6,562.1 1 0
github.com/zyvorai/transiva/daemon/dashboard/k8s_dashboard.go:563.5,563.30 1 0
github.com/zyvorai/transiva/daemon/dashboard/k8s_dashboard.go:568.4,568.65 1 0
github.com/zyvorai/transiva/daemon/dashboard/k8s_dashboard.go:569.5,569.62 1 0
github.com/zyvorai/transiva/daemon/dashboard/k8s_dashboard.go:570.6,571.1 1 0
github.com/zyvorai/transiva/daemon/dashboard/k8s_dashboard.go:579.2,581.1 4 0
github.com/zyvorai/transiva/daemon/dashboard/k8s_dashboard.go:582.2,583.1 4 0
github.com/zyvorai/transiva/daemon/dashboard/k8s_dashboard.go:585.2,585.50 4 0
github.com/zyvorai/transiva/daemon/dashboard/k8s_dashboard.go:586.3,587.1 1 0
github.com/zyvorai/transiva/daemon/dashboard/k8s_dashboard.go:590.2,590.29 1 0
github.com/zyvorai/transiva/daemon/dashboard/k8s_dashboard.go:591.3,592.1 1 0
github.com/zyvorai/transiva/daemon/dashboard/k8s_dashboard.go:595.2,596.1 4 0
github.com/zyvorai/transiva/daemon/dashboard/k8s_dashboard.go:598.2,599.1 4 0
github.com/zyvorai/transiva/daemon/dashboard/k8s_dashboard.go:601.2,602.1 4 0
github.com/zyvorai/transiva/daemon/dashboard/k8s_dashboard.go:604.2,604.49 4 0
github.com/zyvorai/transiva/daemon/dashboard/k8s_dashboard.go:605.3,606.1 1 0
github.com/zyvorai/transiva/daemon/dashboard/k8s_dashboard.go:609.2,609.57 1 0
github.com/zyvorai/transiva/daemon/dashboard/k8s_dashboard.go:610.3,611.1 1 0
github.com/zyvorai/transiva/daemon/dashboard/k8s_dashboard.go:614.2,614.57 1 0
github.com/zyvorai/transiva/daemon/dashboard/k8s_dashboard.go:615.3,616.1 1 0
github.com/zyvorai/transiva/daemon/dashboard/k8s_dashboard.go:619.2,620.1 2 0
github.com/zyvorai/transiva/daemon/dashboard/k8s_dashboard.go:622.2,622.30 2 0
github.com/zyvorai/transiva/daemon/dashboard/k8s_dashboard.go:627.2,628.16 2 0
github.com/zyvorai/transiva/daemon/dashboard/k8s_dashboard.go:630.3,631.1 1 0
github.com/zyvorai/transiva/daemon/dashboard/k8s_dashboard.go:634.2,636.1 3 0
github.com/zyvorai/transiva/daemon/dashboard/k8s_dashboard.go:637.2,638.1 3 0
github.com/zyvorai/transiva/daemon/dashboard/k8s_dashboard.go:639.2,639.40 3 0
github.com/zyvorai/transiva/daemon/dashboard/k8s_dashboard.go:640.3,641.1 3 0
github.com/zyvorai/transiva/daemon/dashboard/k8s_dashboard.go:643.3,644.18 3 0
github.com/zyvorai/transiva/daemon/dashboard/k8s_dashboard.go:645.4,645.12 1 0
github.com/zyvorai/transiva/daemon/dashboard/k8s_dashboard.go:649.3,651.1 4 0
github.com/zyvorai/transiva/daemon/dashboard/k8s_dashboard.go:653.3,654.16 4 0
github.com/zyvorai/transiva/daemon/dashboard/k8s_dashboard.go:656.4,656.38 1 0
github.com/zyvorai/transiva/daemon/dashboard/k8s_dashboard.go:658.4,658.38 1 0
github.com/zyvorai/transiva/daemon/dashboard/k8s_dashboard.go:660.4,660.40 1 0
github.com/zyvorai/transiva/daemon/dashboard/k8s_dashboard.go:662.4,662.37 1 0
github.com/zyvorai/transiva/daemon/dashboard/k8s_dashboard.go:666.3,667.21 2 0
github.com/zyvorai/transiva/daemon/dashboard/k8s_dashboard.go:668.4,669.1 1 0
github.com/zyvorai/transiva/daemon/dashboard/k8s_dashboard.go:672.3,682.1 3 0
github.com/zyvorai/transiva/daemon/dashboard/k8s_dashboard.go:685.3,686.25 3 0
github.com/zyvorai/transiva/daemon/dashboard/k8s_dashboard.go:687.4,689.1 2 0
github.com/zyvorai/transiva/daemon/dashboard/k8s_dashboard.go:692.3,692.95 1 0
github.com/zyvorai/transiva/daemon/dashboard/k8s_dashboard.go:693.4,693.68 1 0
github.com/zyvorai/transiva/daemon/dashboard/k8s_dashboard.go:694.5,695.1 1 0
github.com/zyvorai/transiva/daemon/dashboard/k8s_dashboard.go:698.3,698.94 1 0
github.com/zyvorai/transiva/daemon/dashboard/k8s_dashboard.go:699.4,699.70 1 0
github.com/zyvorai/transiva/daemon/dashboard/k8s_dashboard.go:700.5,702.1 2 0
github.com/zyvorai/transiva/daemon/dashboard/k8s_dashboard.go:703.10,703.32 1 0
github.com/zyvorai/transiva/daemon/dashboard/k8s_dashboard.go:704.4,705.1 1 0
github.com/zyvorai/transiva/daemon/dashboard/k8s_dashboard.go:708.3,708.24 1 0
github.com/zyvorai/transiva/daemon/dashboard/k8s_dashboard.go:709.4,709.89 1 0
github.com/zyvorai/transiva/daemon/dashboard/k8s_dashboard.go:710.5,710.88 1 0
github.com/zyvorai/transiva/daemon/dashboard/k8s_dashboard.go:711.6,712.1 1 0
github.com/zyvorai/transiva/daemon/dashboard/k8s_dashboard.go:716.3,716.80 1 0
github.com/zyvorai/transiva/daemon/dashboard/k8s_dashboard.go:720.2,720.43 1 0
github.com/zyvorai/transiva/daemon/dashboard/k8s_dashboard.go:721.3,722.1 1 0
github.com/zyvorai/transiva/daemon/dashboard/k8s_dashboard.go:727.2,728.16 2 0
github.com/zyvorai/transiva/daemon/dashboard/k8s_dashboard.go:729.3,730.1 1 0
github.com/zyvorai/transiva/daemon/dashboard/k8s_dashboard.go:733.2,735.1 3 0
github.com/zyvorai/transiva/daemon/dashboard/k8s_dashboard.go:736.2,737.1 3 0
github.com/zyvorai/transiva/daemon/dashboard/k8s_dashboard.go:738.2,738.39 3 0
github.com/zyvorai/transiva/daemon/dashboard/k8s_dashboard.go:739.3,740.1 4 0
github.com/zyvorai/transiva/daemon/dashboard/k8s_dashboard.go:742.3,743.1 4 0
github.com/zyvorai/transiva/daemon/dashboard/k8s_dashboard.go:744.3,745.17 4 0
github.com/zyvorai/transiva/daemon/dashboard/k8s_dashboard.go:746.4,747.1 1 0
github.com/zyvorai/transiva/daemon/dashboard/k8s_dashboard.go:750.3,751.21 2 0
github.com/zyvorai/transiva/daemon/dashboard/k8s_dashboard.go:752.4,753.1 1 0
github.com/zyvorai/transiva/daemon/dashboard/k8s_dashboard.go:756.3,769.1 2 0
github.com/zyvorai/transiva/daemon/dashboard/k8s_dashboard.go:772.3,772.100 2 0
github.com/zyvorai/transiva/daemon/dashboard/k8s_dashboard.go:773.4,773.72 1 0
github.com/zyvorai/transiva/daemon/dashboard/k8s_dashboard.go:774.5,775.1 1 0
github.com/zyvorai/transiva/daemon/dashboard/k8s_dashboard.go:778.3,778.100 1 0
github.com/zyvorai/transiva/daemon/dashboard/k8s_dashboard.go:779.4,779.72 1 0
github.com/zyvorai/transiva/daemon/dashboard/k8s_dashboard.go:780.5,781.1 1 0
github.com/zyvorai/transiva/daemon/dashboard/k8s_dashboard.go:784.3,784.86 1 0
github.com/zyvorai/transiva/daemon/dashboard/k8s_dashboard.go:790.2,791.16 2 0
github.com/zyvorai/transiva/daemon/dashboard/k8s_dashboard.go:792.3,793.1 1 0
github.com/zyvorai/transiva/daemon/dashboard/k8s_dashboard.go:796.2,798.1 3 0
github.com/zyvorai/transiva/daemon/dashboard/k8s_dashboard.go:799.2,800.1 3 0
github.com/zyvorai/transiva/daemon/dashboard/k8s_dashboard.go:801.2,801.41 3 0
github.com/zyvorai/transiva/daemon/dashboard/k8s_dashboard.go:802.3,803.1 4 0
github.com/zyvorai/transiva/daemon/dashboard/k8s_dashboard.go:804.3,805.1 4 0
github.com/zyvorai/transiva/daemon/dashboard/k8s_dashboard.go:806.3,807.16 4 0
github.com/zyvorai/transiva/daemon/dashboard/k8s_dashboard.go:809.4,809.39 1 0
github.com/zyvorai/transiva/daemon/dashboard/k8s_dashboard.go:811.4,811.39 1 0
github.com/zyvorai/transiva/daemon/dashboard/k8s_dashboard.go:813.4,813.41 1 0
github.com/zyvorai/transiva/daemon/dashboard/k8s_dashboard.go:815.4,815.38 1 0
github.com/zyvorai/transiva/daemon/dashboard/k8s_dashboard.go:819.3,820.21 2 0
github.com/zyvorai/transiva/daemon/dashboard/k8s_dashboard.go:821.4,822.1 1 0
github.com/zyvorai/transiva/daemon/dashboard/k8s_dashboard.go:825.3,834.1 2 0
github.com/zyvorai/transiva/daemon/dashboard/k8s_dashboard.go:837.3,837.95 2 0
github.com/zyvorai/transiva/daemon/dashboard/k8s_dashboard.go:838.4,838.68 1 0
github.com/zyvorai/transiva/daemon/dashboard/k8s_dashboard.go:839.5,840.1 1 0
github.com/zyvorai/transiva/daemon/dashboard/k8s_dashboard.go:843.3,843.94 1 0
github.com/zyvorai/transiva/daemon/dashboard/k8s_dashboard.go:844.4,844.70 1 0
github.com/zyvorai/transiva/daemon/dashboard/k8s_dashboard.go:845.5,847.1 2 0
github.com/zyvorai/transiva/daemon/dashboard/k8s_dashboard.go:848.10,848.32 1 0
github.com/zyvorai/transiva/daemon/dashboard/k8s_dashboard.go:849.4,850.1 1 0
github.com/zyvorai/transiva/daemon/dashboard/k8s_dashboard.go:853.3,853.24 1 0
github.com/zyvorai/transiva/daemon/dashboard/k8s_dashboard.go:854.4,855.89 2 0
github.com/zyvorai/transiva/daemon/dashboard/k8s_dashboard.go:856.5,856.88 1 0
github.com/zyvorai/transiva/daemon/dashboard/k8s_dashboard.go:857.6,858.1 1 0
github.com/zyvorai/transiva/daemon/dashboard/k8s_dashboard.go:862.3,862.83 1 0
github.com/zyvorai/transiva/daemon/dashboard/k8s_dashboard.go:866.2,866.44 1 0
github.com/zyvorai/transiva/daemon/dashboard/k8s_dashboard.go:867.3,868.1 1 0
github.com/zyvorai/transiva/daemon/dashboard/k8s_dashboard.go:873.2,874.1 7 0
github.com/zyvorai/transiva/daemon/dashboard/k8s_dashboard.go:876.2,881.1 7 0
github.com/zyvorai/transiva/daemon/dashboard/k8s_dashboard.go:882.2,882.53 7 0
github.com/zyvorai/transiva/daemon/dashboard/k8s_dashboard.go:883.3,883.25 1 0
github.com/zyvorai/transiva/daemon/dashboard/k8s_dashboard.go:884.4,885.34 2 0
github.com/zyvorai/transiva/daemon/dashboard/k8s_dashboard.go:886.5,887.1 1 0
github.com/zyvorai/transiva/daemon/dashboard/k8s_dashboard.go:894.2,894.34 1 0
github.com/zyvorai/transiva/daemon/dashboard/k8s_dashboard.go:895.3,897.1 4 0
github.com/zyvorai/transiva/daemon/dashboard/k8s_dashboard.go:900.3,901.45 4 0
github.com/zyvorai/transiva/daemon/dashboard/k8s_dashboard.go:902.4,904.1 2 0
github.com/zyvorai/transiva/daemon/dashboard/k8s_dashboard.go:907.2,907.30 1 0
github.com/zyvorai/transiva/daemon/dashboard/k8s_dashboard.go:908.3,909.1 1 0
github.com/zyvorai/transiva/daemon/dashboard/k8s_dashboard.go:914.2,915.1 6 0
github.com/zyvorai/transiva/daemon/dashboard/k8s_dashboard.go:917.2,921.1 6 0
github.com/zyvorai/transiva/daemon/dashboard/k8s_dashboard.go:922.2,922.53 6 0
github.com/zyvorai/transiva/daemon/dashboard/k8s_dashboard.go:923.3,923.22 1 0
github.com/zyvorai/transiva/daemon/dashboard/k8s_dashboard.go:924.4,925.1 5 0
github.com/zyvorai/transiva/daemon/dashboard/k8s_dashboard.go:927.4,930.1 5 0
github.com/zyvorai/transiva/daemon/dashboard/k8s_dashboard.go:932.4,932.45 5 0
github.com/zyvorai/transiva/daemon/dashboard/k8s_dashboard.go:933.5,935.1 2 0
github.com/zyvorai/transiva/daemon/dashboard/k8s_dashboard.go:939.2,939.42 1 0
github.com/zyvorai/transiva/daemon/dashboard/k8s_dashboard.go:940.3,941.1 1 0
github.com/zyvorai/transiva/daemon/dashboard/k8s_dashboard.go:947.2,955.1 22 0
github.com/zyvorai/transiva/daemon/dashboard/k8s_dashboard.go:957.2,962.1 22 0
github.com/zyvorai/transiva/daemon/dashboard/k8s_dashboard.go:964.2,966.1 22 0
github.com/zyvorai/transiva/daemon/dashboard/k8s_dashboard.go:968.2,972.1 22 0
github.com/zyvorai/transiva/daemon/dashboard/k8s_dashboard.go:974.2,976.1 22 0
github.com/zyvorai/transiva/daemon/dashboard/k8s_dashboard.go:978.2,979.1 22 0
github.com/zyvorai/transiva/daemon/dashboard/k8s_dashboard.go:983.2,986.1 6 0
github.com/zyvorai/transiva/daemon/dashboard/k8s_dashboard.go:988.2,990.1 6 0
github.com/zyvorai/transiva/daemon/dashboard/k8s_dashboard.go:991.2,991.16 6 0
github.com/zyvorai/transiva/daemon/dashboard/k8s_dashboard.go:993.3,993.25 1 0
github.com/zyvorai/transiva/daemon/dashboard/k8s_dashboard.go:994.4,995.1 1 0
github.com/zyvorai/transiva/daemon/dashboard/k8s_dashboard.go:996.3,997.54 2 0
github.com/zyvorai/transiva/daemon/dashboard/k8s_dashboard.go:998.4,999.1 1 0
github.com/zyvorai/transiva/daemon/dashboard/k8s_dashboard.go:1002.3,1003.60 2 0
github.com/zyvorai/transiva/daemon/dashboard/k8s_dashboard.go:1004.4,1005.1 1 0
github.com/zyvorai/transiva/daemon/dashboard/k8s_dashboard.go:1011.2,1014.1 5 0
github.com/zyvorai/transiva/daemon/dashboard/k8s_dashboard.go:1015.2,1016.59 5 0
github.com/zyvorai/transiva/daemon/dashboard/k8s_dashboard.go:1017.3,1018.1 1 0
github.com/zyvorai/transiva/daemon/dashboard/k8s_dashboard.go:1023.2,1024.1 4 0
github.com/zyvorai/transiva/daemon/dashboard/k8s_dashboard.go:1025.2,1027.1 4 0
github.com/zyvorai/transiva/daemon/dashboard/k8s_dashboard.go:1028.2,1028.53 4 0
github.com/zyvorai/transiva/daemon/dashboard/k8s_dashboard.go:1029.3,1029.26 1 0
github.com/zyvorai/transiva/daemon/dashboard/k8s_dashboard.go:1030.4,1031.60 2 0
github.com/zyvorai/transiva/daemon/dashboard/k8s_dashboard.go:1032.5,1033.1 1 0
github.com/zyvorai/transiva/daemon/dashboard/k8s_dashboard.go:1034.4,1034.10 1 0
github.com/zyvorai/transiva/daemon/dashboard/k8s_dashboard.go:1038.2,1038.21 1 0
github.com/zyvorai/transiva/daemon/dashboard/k8s_dashboard.go:1043.2,1046.1 5 0
github.com/zyvorai/transiva/daemon/dashboard/k8s_dashboard.go:1047.2,1048.61 5 0
github.com/zyvorai/transiva/daemon/dashboard/k8s_dashboard.go:1049.3,1050.1 1 0
github.com/zyvorai/transiva/daemon/dashboard/k8s_dashboard.go:1055.2,1058.1 5 0
github.com/zyvorai/transiva/daemon/dashboard/k8s_dashboard.go:1059.2,1060.60 5 0
github.com/zyvorai/transiva/daemon/dashboard/k8s_dashboard.go:1061.3,1062.1 1 0
github.com/zyvorai/transiva/daemon/dashboard/k8s_dashboard.go:1067.2,1070.1 5 0
github.com/zyvorai/transiva/daemon/dashboard/k8s_dashboard.go:1071.2,1072.57 5 0
github.com/zyvorai/transiva/daemon/dashboard/k8s_dashboard.go:1073.3,1074.1 1 0
github.com/zyvorai/transiva/daemon/dashboard/k8s_dashboard.go:1079.2,1082.1 5 0
github.com/zyvorai/transiva/daemon/dashboard/k8s_dashboard.go:1083.2,1084.56 5 0
github.com/zyvorai/transiva/daemon/dashboard/k8s_dashboard.go:1085.3,1086.1 1 0
github.com/zyvorai/transiva/daemon/dashboard/k8s_dashboard.go:1091.2,1094.1 5 0
github.com/zyvorai/transiva/daemon/dashboard/k8s_dashboard.go:1095.2,1096.57 5 0
github.com/zyvorai/transiva/daemon/dashboard/k8s_dashboard.go:1097.3,1098.1 1 0
github.com/zyvorai/transiva/daemon/dashboard/k8s_dashboard.go:1103.2,1106.1 6 0
github.com/zyvorai/transiva/daemon/dashboard/k8s_dashboard.go:1108.2,1110.1 6 0
github.com/zyvorai/transiva/daemon/dashboard/k8s_dashboard.go:1111.2,1111.16 6 0
github.com/zyvorai/transiva/daemon/dashboard/k8s_dashboard.go:1113.3,1113.25 1 0
github.com/zyvorai/transiva/daemon/dashboard/k8s_dashboard.go:1114.4,1115.1 1 0
github.com/zyvorai/transiva/daemon/dashboard/k8s_dashboard.go:1116.3,1117.45 2 0
github.com/zyvorai/transiva/daemon/dashboard/k8s_dashboard.go:1118.4,1119.1 1 0
github.com/zyvorai/transiva/daemon/dashboard/k8s_dashboard.go:1122.3,1123.56 2 0
github.com/zyvorai/transiva/daemon/dashboard/k8s_dashboard.go:1124.4,1125.1 1 0
github.com/zyvorai/transiva/daemon/dashboard/k8s_dashboard.go:1132.2,1134.21 3 0
github.com/zyvorai/transiva/daemon/dashboard/k8s_dashboard.go:1135.3,1137.1 2 0
github.com/zyvorai/transiva/daemon/dashboard/k8s_dashboard.go:1138.2,1140.1 5 0
github.com/zyvorai/transiva/daemon/dashboard/k8s_dashboard.go:1141.2,1143.1 5 0
github.com/zyvorai/transiva/daemon/dashboard/k8s_dashboard.go:1145.2,1145.46 5 0
github.com/zyvorai/transiva/daemon/dashboard/k8s_dashboard.go:1146.3,1146.51 1 0
github.com/zyvorai/transiva/daemon/dashboard/k8s_dashboard.go:1147.4,1148.56 2 0
github.com/zyvorai/transiva/daemon/dashboard/k8s_dashboard.go:1149.5,1150.1 1 0
github.com/zyvorai/transiva/daemon/dashboard/k8s_dashboard.go:1151.4,1151.10 1 0
github.com/zyvorai/transiva/daemon/dashboard/k8s_dashboard.go:1156.2,1156.46 1 0
github.com/zyvorai/transiva/daemon/dashboard/k8s_dashboard.go:1157.3,1157.51 1 0
github.com/zyvorai/transiva/daemon/dashboard/k8s_dashboard.go:1158.4,1159.56 2 0
github.com/zyvorai/transiva/daemon/dashboard/k8s_dashboard.go:1160.5,1161.1 1 0
github.com/zyvorai/transiva/daemon/dashboard/k8s_dashboard.go:1162.4,1162.10 1 0
github.com/zyvorai/transiva/daemon/dashboard/k8s_dashboard.go:1166.2,1166.21 1 0
github.com/zyvorai/transiva/daemon/dashboard/k8s_dashboard.go:1171.2,1178.1 5 0
github.com/zyvorai/transiva/daemon/dashboard/k8s_dashboard.go:1179.2,1180.1 5 0
github.com/zyvorai/transiva/daemon/dashboard/k8s_dashboard.go:1181.2,1182.59 5 0
github.com/zyvorai/transiva/daemon/dashboard/k8s_dashboard.go:1183.3,1184.1 1 0
github.com/zyvorai/transiva/daemon/dashboard/k8s_dashboard.go:1189.2,1192.1 5 0
github.com/zyvorai/transiva/daemon/dashboard/k8s_dashboard.go:1193.2,1194.61 5 0
github.com/zyvorai/transiva/daemon/dashboard/k8s_dashboard.go:1195.3,1196.1 1 0
github.com/zyvorai/transiva/daemon/dashboard/k8s_dashboard.go:1201.2,1204.1 5 0
github.com/zyvorai/transiva/daemon/dashboard/k8s_dashboard.go:1205.2,1206.61 5 0
github.com/zyvorai/transiva/daemon/dashboard/k8s_dashboard.go:1207.3,1208.1 1 0
github.com/zyvorai/transiva/daemon/dashboard/k8s_dashboard.go:1213.2,1213.29 1 0
github.com/zyvorai/transiva/daemon/dashboard/k8s_dashboard.go:1214.3,1215.1 1 0
github.com/zyvorai/transiva/daemon/dashboard/k8s_dashboard.go:1217.2,1218.16 2 0
github.com/zyvorai/transiva/daemon/dashboard/k8s_dashboard.go:1219.3,1220.1 1 0
github.com/zyvorai/transiva/daemon/dashboard/k8s_dashboard.go:1223.2,1225.1 4 0
github.com/zyvorai/transiva/daemon/dashboard/k8s_dashboard.go:1226.2,1228.1 4 0
github.com/zyvorai/transiva/daemon/dashboard/k8s_dashboard.go:1229.2,1229.26 4 0
github.com/zyvorai/transiva/daemon/dashboard/k8s_dashboard.go:1230.3,1232.1 4 0
github.com/zyvorai/transiva/daemon/dashboard/k8s_dashboard.go:1234.3,1235.16 4 0
github.com/zyvorai/transiva/daemon/dashboard/k8s_dashboard.go:1237.4,1237.43 1 0
github.com/zyvorai/transiva/daemon/dashboard/k8s_dashboard.go:1239.4,1239.43 1 0
github.com/zyvorai/transiva/daemon/dashboard/k8s_dashboard.go:1241.4,1241.44 1 0
github.com/zyvorai/transiva/daemon/dashboard/k8s_dashboard.go:1243.4,1243.45 1 0
github.com/zyvorai/transiva/daemon/dashboard/k8s_dashboard.go:1245.4,1245.42 1 0
github.com/zyvorai/transiva/daemon/dashboard/k8s_dashboard.go:1249.3,1249.21 1 0
github.com/zyvorai/transiva/daemon/dashboard/k8s_dashboard.go:1250.4,1251.1 1 0
github.com/zyvorai/transiva/daemon/dashboard/k8s_dashboard.go:1254.3,1262.1 2 0
github.com/zyvorai/transiva/daemon/dashboard/k8s_dashboard.go:1265.3,1265.79 2 0
github.com/zyvorai/transiva/daemon/dashboard/k8s_dashboard.go:1266.4,1267.31 2 0
github.com/zyvorai/transiva/daemon/dashboard/k8s_dashboard.go:1268.5,1268.37 1 0
github.com/zyvorai/transiva/daemon/dashboard/k8s_dashboard.go:1269.6,1270.1 1 0
github.com/zyvorai/transiva/daemon/dashboard/k8s_dashboard.go:1275.3,1275.67 1 0
github.com/zyvorai/transiva/daemon/dashboard/k8s_dashboard.go:1276.4,1277.1 1 0
github.com/zyvorai/transiva/daemon/dashboard/k8s_dashboard.go:1278.3,1278.76 1 0
github.com/zyvorai/transiva/daemon/dashboard/k8s_dashboard.go:1279.4,1280.1 1 0
github.com/zyvorai/transiva/daemon/dashboard/k8s_dashboard.go:1283.3,1283.80 1 0
github.com/zyvorai/transiva/daemon/dashboard/k8s_dashboard.go:1284.4,1285.1 1 0
github.com/zyvorai/transiva/daemon/dashboard/k8s_dashboard.go:1288.3,1288.77 1 0
github.com/zyvorai/transiva/daemon/dashboard/k8s_dashboard.go:1289.4,1289.56 1 0
github.com/zyvorai/transiva/daemon/dashboard/k8s_dashboard.go:1290.5,1291.1 1 0
github.com/zyvorai/transiva/daemon/dashboard/k8s_dashboard.go:1292.4,1292.65 1 0
github.com/zyvorai/transiva/daemon/dashboard/k8s_dashboard.go:1293.5,1294.1 1 0
github.com/zyvorai/transiva/daemon/dashboard/k8s_dashboard.go:1298.3,1298.95 1 0
github.com/zyvorai/transiva/daemon/dashboard/k8s_dashboard.go:1299.4,1299.68 1 0
github.com/zyvorai/transiva/daemon/dashboard/k8s_dashboard.go:1300.5,1301.1 1 0
github.com/zyvorai/transiva/daemon/dashboard/k8s_dashboard.go:1303.3,1303.79 1 0
github.com/zyvorai/transiva/daemon/dashboard/k8s_dashboard.go:1304.4,1304.65 1 0
github.com/zyvorai/transiva/daemon/dashboard/k8s_dashboard.go:1305.5,1306.1 1 0
github.com/zyvorai/transiva/daemon/dashboard/k8s_dashboard.go:1310.3,1310.84 1 0
github.com/zyvorai/transiva/daemon/dashboard/k8s_dashboard.go:1311.4,1312.36 2 0
github.com/zyvorai/transiva/daemon/dashboard/k8s_dashboard.go:1313.5,1313.57 1 0
github.com/zyvorai/transiva/daemon/dashboard/k8s_dashboard.go:1314.6,1319.1 2 0
github.com/zyvorai/transiva/daemon/dashboard/k8s_dashboard.go:1320.6,1320.81 2 0
github.com/zyvorai/transiva/daemon/dashboard/k8s_dashboard.go:1321.7,1321.66 1 0
github.com/zyvorai/transiva/daemon/dashboard/k8s_dashboard.go:1322.8,1323.1 1 0
github.com/zyvorai/transiva/daemon/dashboard/k8s_dashboard.go:1325.6,1325.61 1 0
github.com/zyvorai/transiva/daemon/dashboard/k8s_dashboard.go:1331.3,1331.25 1 0
github.com/zyvorai/transiva/daemon/dashboard/k8s_dashboard.go:1332.4,1333.1 1 0
github.com/zyvorai/transiva/daemon/dashboard/k8s_dashboard.go:1334.4,1335.1 1 0
github.com/zyvorai/transiva/daemon/dashboard/k8s_dashboard.go:1339.2,1340.1 2 0
github.com/zyvorai/transiva/daemon/dashboard/k8s_dashboard.go:1341.2,1341.12 2 0
github.com/zyvorai/transiva/daemon/dashboard/k8s_dashboard.go:1346.2,1346.29 1 0
github.com/zyvorai/transiva/daemon/dashboard/k8s_dashboard.go:1347.3,1348.1 1 0
github.com/zyvorai/transiva/daemon/dashboard/k8s_dashboard.go:1350.2,1351.16 2 0
github.com/zyvorai/transiva/daemon/dashboard/k8s_dashboard.go:1352.3,1353.1 1 0
github.com/zyvorai/transiva/daemon/dashboard/k8s_dashboard.go:1355.2,1358.1 3 0
github.com/zyvorai/transiva/daemon/dashboard/k8s_dashboard.go:1359.2,1360.1 3 0
github.com/zyvorai/transiva/daemon/dashboard/k8s_dashboard.go:1361.2,1361.32 3 0
github.com/zyvorai/transiva/daemon/dashboard/k8s_dashboard.go:1362.3,1370.1 2 0
github.com/zyvorai/transiva/daemon/dashboard/k8s_dashboard.go:1373.3,1373.66 2 0
github.com/zyvorai/transiva/daemon/dashboard/k8s_dashboard.go:1374.4,1376.1 2 0
github.com/zyvorai/transiva/daemon/dashboard/k8s_dashboard.go:1379.3,1379.81 1 0
github.com/zyvorai/transiva/daemon/dashboard/k8s_dashboard.go:1380.4,1382.1 2 0
github.com/zyvorai/transiva/daemon/dashboard/k8s_dashboard.go:1385.3,1385.64 1 0
github.com/zyvorai/transiva/daemon/dashboard/k8s_dashboard.go:1386.4,1387.29 2 0
github.com/zyvorai/transiva/daemon/dashboard/k8s_dashboard.go:1388.5,1388.39 1 0
github.com/zyvorai/transiva/daemon/dashboard/k8s_dashboard.go:1389.6,1390.1 1 0
github.com/zyvorai/transiva/daemon/dashboard/k8s_dashboard.go:1394.3,1394.74 1 0
github.com/zyvorai/transiva/daemon/dashboard/k8s_dashboard.go:1397.2,1397.12 1 0
github.com/zyvorai/transiva/daemon/dashboard/k8s_dashboard.go:1402.2,1402.29 1 0
github.com/zyvorai/transiva/daemon/dashboard/k8s_dashboard.go:1403.3,1404.1 1 0
github.com/zyvorai/transiva/daemon/dashboard/k8s_dashboard.go:1406.2,1407.16 2 0
github.com/zyvorai/transiva/daemon/dashboard/k8s_dashboard.go:1408.3,1409.1 1 0
github.com/zyvorai/transiva/daemon/dashboard/k8s_dashboard.go:1411.2,1414.1 3 0
github.com/zyvorai/transiva/daemon/dashboard/k8s_dashboard.go:1415.2,1416.1 3 0
github.com/zyvorai/transiva/daemon/dashboard/k8s_dashboard.go:1417.2,1417.32 3 0
github.com/zyvorai/transiva/daemon/dashboard/k8s_dashboard.go:1418.3,1419.1 2 0
github.com/zyvorai/transiva/daemon/dashboard/k8s_dashboard.go:1421.3,1421.16 2 0
github.com/zyvorai/transiva/daemon/dashboard/k8s_dashboard.go:1423.4,1423.39 1 0
github.com/zyvorai/transiva/daemon/dashboard/k8s_dashboard.go:1425.4,1425.39 1 0
github.com/zyvorai/transiva/daemon/dashboard/k8s_dashboard.go:1427.4,1427.41 1 0
github.com/zyvorai/transiva/daemon/dashboard/k8s_dashboard.go:1429.4,1429.38 1 0
github.com/zyvorai/transiva/daemon/dashboard/k8s_dashboard.go:1432.3,1442.1 2 0
github.com/zyvorai/transiva/daemon/dashboard/k8s_dashboard.go:1444.3,1444.88 2 0
github.com/zyvorai/transiva/daemon/dashboard/k8s_dashboard.go:1445.4,1445.68 1 0
github.com/zyvorai/transiva/daemon/dashboard/k8s_dashboard.go:1446.5,1447.1 1 0
github.com/zyvorai/transiva/daemon/dashboard/k8s_dashboard.go:1450.3,1450.86 1 0
github.com/zyvorai/transiva/daemon/dashboard/k8s_dashboard.go:1454.2,1454.45 1 0
github.com/zyvorai/transiva/daemon/dashboard/k8s_dashboard.go:1455.3,1456.1 1 0
github.com/zyvorai/transiva/daemon/dashboard/k8s_dashboard.go:1458.2,1458.12 1 0
github.com/zyvorai/transiva/daemon/dashboard/k8s_dashboard.go:1463.2,1469.1 8 0
github.com/zyvorai/transiva/daemon/dashboard/k8s_dashboard.go:1470.2,1471.22 8 0
github.com/zyvorai/transiva/daemon/dashboard/k8s_dashboard.go:1472.3,1473.1 1 0
github.com/zyvorai/transiva/daemon/dashboard/k8s_dashboard.go:1475.2,1475.28 1 0
github.com/zyvorai/transiva/daemon/dashboard/k8s_dashboard.go:1476.3,1477.1 2 0
github.com/zyvorai/transiva/daemon/dashboard/k8s_dashboard.go:1479.3,1479.22 2 0
github.com/zyvorai/transiva/daemon/dashboard/k8s_dashboard.go:1481.4,1482.67 2 0
github.com/zyvorai/transiva/daemon/dashboard/k8s_dashboard.go:1483.5,1484.1 1 0
github.com/zyvorai/transiva/daemon/dashboard/k8s_dashboard.go:1488.3,1488.19 1 0
github.com/zyvorai/transiva/daemon/dashboard/k8s_dashboard.go:1489.4,1490.1 1 0
github.com/zyvorai/transiva/daemon/dashboard/k8s_dashboard.go:1490.10,1490.26 1 0
github.com/zyvorai/transiva/daemon/dashboard/k8s_dashboard.go:1491.4,1492.1 1 0
github.com/zyvorai/transiva/daemon/dashboard/k8s_dashboard.go:1493.4,1494.1 1 0
github.com/zyvorai/transiva/daemon/dashboard/k8s_dashboard.go:1497.3,1497.29 1 0
github.com/zyvorai/transiva/daemon/dashboard/k8s_dashboard.go:1498.4,1500.1 2 0
github.com/zyvorai/transiva/daemon/dashboard/k8s_dashboard.go:1503.2,1505.1 3 0
github.com/zyvorai/transiva/daemon/dashboard/k8s_dashboard.go:1506.2,1506.30 3 0
github.com/zyvorai/transiva/daemon/dashboard/k8s_dashboard.go:1507.3,1508.1 1 0
github.com/zyvorai/transiva/daemon/dashboard/k8s_dashboard.go:1513.2,1516.1 3 0
github.com/zyvorai/transiva/daemon/dashboard/k8s_dashboard.go:1520.2,1520.64 1 0
github.com/zyvorai/transiva/daemon/dashboard/k8s_dashboard.go:1521.3,1523.1 2 0
github.com/zyvorai/transiva/daemon/dashboard/k8s_dashboard.go:1526.2,1529.1 4 0
github.com/zyvorai/transiva/daemon/dashboard/k8s_dashboard.go:1530.2,1530.19 4 0
github.com/zyvorai/transiva/daemon/dashboard/k8s_dashboard.go:1532.3,1533.42 2 0
github.com/zyvorai/transiva/daemon/dashboard/k8s_dashboard.go:1535.3,1536.42 2 0
github.com/zyvorai/transiva/daemon/dashboard/k8s_dashboard.go:1538.3,1539.43 2 0
github.com/zyvorai/transiva/daemon/dashboard/k8s_dashboard.go:1541.3,1542.47 2 0
github.com/zyvorai/transiva/daemon/dashboard/k8s_dashboard.go:1544.3,1545.48 2 0
github.com/zyvorai/transiva/daemon/dashboard/k8s_dashboard.go:1548.3,1550.37 3 0
github.com/zyvorai/transiva/daemon/dashboard/k8s_dashboard.go:1551.4,1552.18 2 0
github.com/zyvorai/transiva/daemon/dashboard/k8s_dashboard.go:1553.5,1555.1 2 0
github.com/zyvorai/transiva/daemon/dashboard/k8s_dashboard.go:1556.4,1557.18 2 0
github.com/zyvorai/transiva/daemon/dashboard/k8s_dashboard.go:1558.5,1560.1 2 0
github.com/zyvorai/transiva/daemon/dashboard/k8s_dashboard.go:1562.4,1564.1 2 0
github.com/zyvorai/transiva/daemon/dashboard/k8s_dashboard.go:1568.2,1569.16 2 0
github.com/zyvorai/transiva/daemon/dashboard/k8s_dashboard.go:1570.3,1572.1 2 0
github.com/zyvorai/transiva/daemon/dashboard/k8s_dashboard.go:1575.2,1577.1 3 0
github.com/zyvorai/transiva/daemon/dashboard/k8s_dashboard.go:1578.2,1578.16 3 0
github.com/zyvorai/transiva/daemon/dashboard/k8s_dashboard.go:1580.3,1580.25 1 0
github.com/zyvorai/transiva/daemon/dashboard/k8s_dashboard.go:1581.4,1582.1 1 0
github.com/zyvorai/transiva/daemon/dashboard/k8s_dashboard.go:1583.3,1584.53 2 0
github.com/zyvorai/transiva/daemon/dashboard/k8s_dashboard.go:1585.4,1586.1 1 0
github.com/zyvorai/transiva/daemon/dashboard/k8s_dashboard.go:1589.3,1590.60 2 0
github.com/zyvorai/transiva/daemon/dashboard/k8s_dashboard.go:1591.4,1592.1 1 0
github.com/zyvorai/transiva/daemon/dashboard/k8s_dashboard.go:1598.2,1598.64 1 0
github.com/zyvorai/transiva/daemon/dashboard/k8s_dashboard.go:1599.3,1601.1 2 0
github.com/zyvorai/transiva/daemon/dashboard/k8s_dashboard.go:1604.2,1607.1 4 0
github.com/zyvorai/transiva/daemon/dashboard/k8s_dashboard.go:1608.2,1608.19 4 0
github.com/zyvorai/transiva/daemon/dashboard/k8s_dashboard.go:1610.3,1610.43 1 0
github.com/zyvorai/transiva/daemon/dashboard/k8s_dashboard.go:1612.3,1612.47 1 0
github.com/zyvorai/transiva/daemon/dashboard/k8s_dashboard.go:1614.3,1614.48 1 0
github.com/zyvorai/transiva/daemon/dashboard/k8s_dashboard.go:1616.3,1616.47 1 0
github.com/zyvorai/transiva/daemon/dashboard/k8s_dashboard.go:1620.2,1621.16 2 0
github.com/zyvorai/transiva/daemon/dashboard/k8s_dashboard.go:1622.3,1624.1 2 0
github.com/zyvorai/transiva/daemon/dashboard/k8s_dashboard.go:1626.2,1627.57 2 0
github.com/zyvorai/transiva/daemon/dashboard/k8s_dashboard.go:1628.3,1629.1 1 0
github.com/zyvorai/transiva/daemon/dashboard/k8s_dashboard.go:1634.2,1636.1 4 0
github.com/zyvorai/transiva/daemon/dashboard/k8s_dashboard.go:1638.2,1642.1 4 0
github.com/zyvorai/transiva/daemon/dashboard/k8s_dashboard.go:1643.2,1643.45 4 0
github.com/zyvorai/transiva/daemon/dashboard/k8s_dashboard.go:1644.3,1645.1 1 0
github.com/zyvorai/transiva/daemon/dashboard/k8s_dashboard.go:1648.2,1648.28 1 0
github.com/zyvorai/transiva/daemon/dashboard/k8s_dashboard.go:1649.3,1663.1 2 0
github.com/zyvorai/transiva/daemon/dashboard/k8s_dashboard.go:1664.3,1664.43 2 0
github.com/zyvorai/transiva/daemon/dashboard/k8s_dashboard.go:1665.4,1666.1 1 0
github.com/zyvorai/transiva/daemon/dashboard/k8s_dashboard.go:1669.2,1669.12 1 0
github.com/zyvorai/transiva/daemon/dashboard/k8s_dashboard.go:1676.2,1676.18 1 0
github.com/zyvorai/transiva/daemon/dashboard/k8s_dashboard.go:1679.3,1680.1 4 0
github.com/zyvorai/transiva/daemon/dashboard/k8s_dashboard.go:1681.3,1691.1 4 0
github.com/zyvorai/transiva/daemon/dashboard/k8s_dashboard.go:1693.3,1694.36 4 0
github.com/zyvorai/transiva/daemon/dashboard/k8s_dashboard.go:1695.4,1706.1 1 0
github.com/zyvorai/transiva/daemon/dashboard/k8s_dashboard.go:1708.3,1709.58 2 0
github.com/zyvorai/transiva/daemon/dashboard/k8s_dashboard.go:1710.4,1711.1 1 0
github.com/zyvorai/transiva/daemon/dashboard/k8s_dashboard.go:1715.3,1720.1 3 0
github.com/zyvorai/transiva/daemon/dashboard/k8s_dashboard.go:1722.3,1723.62 3 0
github.com/zyvorai/transiva/daemon/dashboard/k8s_dashboard.go:1724.4,1726.1 2 0
github.com/zyvorai/transiva/daemon/dashboard/k8s_dashboard.go:1728.3,1728.98 1 0
github.com/zyvorai/transiva/daemon/dashboard/k8s_dashboard.go:1729.4,1731.1 2 0
github.com/zyvorai/transiva/daemon/dashboard/k8s_dashboard.go:1734.3,1735.1 3 0
github.com/zyvorai/transiva/daemon/dashboard/k8s_dashboard.go:1736.3,1737.97 3 0
github.com/zyvorai/transiva/daemon/dashboard/k8s_dashboard.go:1738.4,1739.1 1 0
github.com/zyvorai/transiva/daemon/dashboard/k8s_dashboard.go:1743.3,1743.67 1 0
github.com/zyvorai/transiva/daemon/dashboard/k8s_dashboard.go:1750.2,1752.1 3 0
github.com/zyvorai/transiva/daemon/dashboard/k8s_dashboard.go:1753.2,1753.21 3 0
github.com/zyvorai/transiva/daemon/dashboard/k8s_dashboard.go:1754.3,1756.1 2 0
github.com/zyvorai/transiva/daemon/dashboard/k8s_dashboard.go:1758.2,1758.18 1 0
github.com/zyvorai/transiva/daemon/dashboard/k8s_dashboard.go:1761.3,1762.17 2 0
github.com/zyvorai/transiva/daemon/dashboard/k8s_dashboard.go:1763.4,1765.1 2 0
github.com/zyvorai/transiva/daemon/dashboard/k8s_dashboard.go:1767.3,1768.68 2 0
github.com/zyvorai/transiva/daemon/dashboard/k8s_dashboard.go:1769.4,1770.1 1 0
github.com/zyvorai/transiva/daemon/dashboard/k8s_dashboard.go:1775.3,1775.66 1 0
github.com/zyvorai/transiva/daemon/dashboard/k8s_dashboard.go:1776.4,1778.1 2 0
github.com/zyvorai/transiva/daemon/dashboard/k8s_dashboard.go:1781.3,1781.45 1 0
github.com/zyvorai/transiva/daemon/dashboard/k8s_dashboard.go:1782.4,1783.1 1 0
github.com/zyvorai/transiva/daemon/dashboard/k8s_dashboard.go:1785.3,1785.38 1 0
github.com/zyvorai/transiva/daemon/dashboard/k8s_dashboard.go:1788.3,1788.67 1 0
github.com/zyvorai/transiva/daemon/dashboard/k8s_dashboard.go:1794.2,1794.33 1 0
github.com/zyvorai/transiva/daemon/dashboard/k8s_dashboard.go:1795.3,1797.1 2 0
github.com/zyvorai/transiva/daemon/dashboard/k8s_dashboard.go:1799.2,1801.1 3 0
github.com/zyvorai/transiva/daemon/dashboard/k8s_dashboard.go:1803.2,1804.61 3 0
github.com/zyvorai/transiva/daemon/dashboard/k8s_dashboard.go:1805.3,1807.1 2 0
github.com/zyvorai/transiva/daemon/dashboard/k8s_dashboard.go:1809.2,1809.73 1 0
github.com/zyvorai/transiva/daemon/dashboard/k8s_dashboard.go:1810.3,1812.1 2 0
github.com/zyvorai/transiva/daemon/dashboard/k8s_dashboard.go:1814.2,1815.107 2 0
github.com/zyvorai/transiva/daemon/dashboard/k8s_dashboard.go:1816.3,1817.1 1 0
github.com/zyvorai/transiva/daemon/dashboard/k8s_dashboard.go:1822.2,1822.58 1 0
github.com/zyvorai/transiva/daemon/dashboard/k8s_dashboard.go:1824.3,1826.1 2 0
github.com/zyvorai/transiva/daemon/dashboard/k8s_dashboard.go:1828.2,1829.1 3 0
github.com/zyvorai/transiva/daemon/dashboard/k8s_dashboard.go:1830.2,1831.62 3 0
github.com/zyvorai/transiva/daemon/dashboard/k8s_dashboard.go:1832.3,1833.1 1 0
github.com/zyvorai/transiva/daemon/dashboard/k8s_dashboard.go:1840.2,1840.24 1 0
github.com/zyvorai/transiva/daemon/dashboard/k8s_dashboard.go:1841.3,1843.1 2 0
github.com/zyvorai/transiva/daemon/dashboard/k8s_dashboard.go:1845.2,1845.37 1 0
github.com/zyvorai/transiva/daemon/dashboard/k8s_dashboard.go:1850.2,1850.24 1 0
github.com/zyvorai/transiva/daemon/dashboard/k8s_dashboard.go:1851.3,1853.1 2 0
github.com/zyvorai/transiva/daemon/dashboard/k8s_dashboard.go:1855.2,1855.38 1 0
github.com/zyvorai/transiva/daemon/dashboard/k8s_dashboard.go:1860.2,1860.37 1 1
github.com/zyvorai/transiva/daemon/dashboard/k8s_dashboard.go:1862.3,1867.1 6 1
github.com/zyvorai/transiva/daemon/dashboard/k8s_dashboard.go:1869.3,1869.45 6 1
github.com/zyvorai/transiva/daemon/dashboard/k8s_dashboard.go:1870.4,1872.1 2 1
github.com/zyvorai/transiva/daemon/dashboard/k8s_dashboard.go:1875.3,1876.1 3 1
github.com/zyvorai/transiva/daemon/dashboard/k8s_dashboard.go:1878.3,1879.1 3 1
github.com/zyvorai/transiva/daemon/dashboard/k8s_dashboard.go:1881.3,1881.38 3 1
github.com/zyvorai/transiva/daemon/dashboard/k8s_dashboard.go:1882.4,1884.1 2 1
github.com/zyvorai/transiva/daemon/dashboard/k8s_dashboard.go:1887.3,1889.1 5 1
github.com/zyvorai/transiva/daemon/dashboard/k8s_dashboard.go:1891.3,1893.1 5 1
github.com/zyvorai/transiva/daemon/dashboard/k8s_dashboard.go:1895.3,1895.43 5 1
github.com/zyvorai/transiva/daemon/dashboard/k8s_dashboard.go:1896.4,1901.1 5 1
github.com/zyvorai/transiva/daemon/dashboard/k8s_dashboard.go:1903.3,1904.1 2 1
github.com/zyvorai/transiva/daemon/dashboard/k8s_dashboard.go:1906.3,1906.55 2 1
github.com/zyvorai/transiva/daemon/dashboard/k8s_dashboard.go:1910.2,1911.49 2 1
github.com/zyvorai/transiva/daemon/dashboard/k8s_dashboard.go:1917.2,1920.1 3 0
github.com/zyvorai/transiva/daemon/dashboard/k8s_dashboard.go:1923.2,1926.1 3 0
github.com/zyvorai/transiva/daemon/dashboard/k8s_dashboard.go:1929.2,1932.1 3 0
github.com/zyvorai/transiva/daemon/dashboard/k8s_websocket.go:28.2,35.44 1 1
github.com/zyvorai/transiva/daemon/dashboard/k8s_websocket.go:36.5,37.1 1 0
github.com/zyvorai/transiva/daemon/dashboard/k8s_websocket.go:46.2,47.1 2 1
github.com/zyvorai/transiva/daemon/dashboard/k8s_websocket.go:49.2,50.1 2 1
github.com/zyvorai/transiva/daemon/dashboard/k8s_websocket.go:54.2,54.34 1 1
github.com/zyvorai/transiva/daemon/dashboard/k8s_websocket.go:55.3,56.35 2 0
github.com/zyvorai/transiva/daemon/dashboard/k8s_websocket.go:57.4,58.18 2 0
github.com/zyvorai/transiva/daemon/dashboard/k8s_websocket.go:59.5,59.44 1 0
github.com/zyvorai/transiva/daemon/dashboard/k8s_websocket.go:60.6,61.1 1 0
github.com/zyvorai/transiva/daemon/dashboard/k8s_websocket.go:62.5,62.32 1 0
github.com/zyvorai/transiva/daemon/dashboard/k8s_websocket.go:65.3,65.26 1 0
github.com/zyvorai/transiva/daemon/dashboard/k8s_websocket.go:71.2,73.1 3 1
github.com/zyvorai/transiva/daemon/dashboard/k8s_websocket.go:74.2,74.6 3 1
github.com/zyvorai/transiva/daemon/dashboard/k8s_websocket.go:75.3,75.10 1 1
github.com/zyvorai/transiva/daemon/dashboard/k8s_websocket.go:77.4,77.10 1 1
github.com/zyvorai/transiva/daemon/dashboard/k8s_websocket.go:79.4,81.18 3 0
github.com/zyvorai/transiva/daemon/dashboard/k8s_websocket.go:82.5,82.13 1 0
github.com/zyvorai/transiva/daemon/dashboard/k8s_websocket.go:85.4,85.11 1 0
github.com/zyvorai/transiva/daemon/dashboard/k8s_websocket.go:86.31,86.31 0 0
github.com/zyvorai/transiva/daemon/dashboard/k8s_websocket.go:87.12,87.12 0 0
github.com/zyvorai/transiva/daemon/dashboard/k8s_websocket.go:97.2,100.1 4 0
github.com/zyvorai/transiva/daemon/dashboard/k8s_websocket.go:101.2,101.35 4 0
github.com/zyvorai/transiva/daemon/dashboard/k8s_websocket.go:102.3,104.1 2 0
github.com/zyvorai/transiva/daemon/dashboard/k8s_websocket.go:107.2,108.16 2 0
github.com/zyvorai/transiva/daemon/dashboard/k8s_websocket.go:109.3,111.1 2 0
github.com/zyvorai/transiva/daemon/dashboard/k8s_websocket.go:114.2,117.1 6 0
github.com/zyvorai/transiva/daemon/dashboard/k8s_websocket.go:119.2,121.71 6 0
github.com/zyvorai/transiva/daemon/dashboard/k8s_websocket.go:122.3,126.40 5 0
github.com/zyvorai/transiva/daemon/dashboard/k8s_websocket.go:127.4,128.1 1 0
github.com/zyvorai/transiva/daemon/dashboard/k8s_websocket.go:129.3,129.9 1 0
github.com/zyvorai/transiva/daemon/dashboard/k8s_websocket.go:133.2,133.27 1 0
github.com/zyvorai/transiva/daemon/dashboard/k8s_websocket.go:138.2,138.15 1 0
github.com/zyvorai/transiva/daemon/dashboard/k8s_websocket.go:139.3,142.38 4 0
github.com/zyvorai/transiva/daemon/dashboard/k8s_websocket.go:143.4,144.1 1 0
github.com/zyvorai/transiva/daemon/dashboard/k8s_websocket.go:148.2,148.79 1 0
github.com/zyvorai/transiva/daemon/dashboard/k8s_websocket.go:149.3,150.1 1 0
github.com/zyvorai/transiva/daemon/dashboard/k8s_websocket.go:153.2,153.41 1 0
github.com/zyvorai/transiva/daemon/dashboard/k8s_websocket.go:154.3,155.1 1 0
github.com/zyvorai/transiva/daemon/dashboard/k8s_websocket.go:158.2,158.6 1 0
github.com/zyvorai/transiva/daemon/dashboard/k8s_websocket.go:159.3,160.17 2 0
github.com/zyvorai/transiva/daemon/dashboard/k8s_websocket.go:161.4,161.9 1 0
github.com/zyvorai/transiva/daemon/dashboard/k8s_websocket.go:168.2,171.1 3 0
github.com/zyvorai/transiva/daemon/dashboard/k8s_websocket.go:175.2,177.16 3 0
github.com/zyvorai/transiva/daemon/dashboard/k8s_websocket.go:178.3,179.1 1 0
github.com/zyvorai/transiva/daemon/dashboard/k8s_websocket.go:181.2,181.9 1 0
github.com/zyvorai/transiva/daemon/dashboard/k8s_websocket.go:182.29,182.29 0 0
github.com/zyvorai/transiva/daemon/dashboard/k8s_websocket.go:183.10,183.10 0 0
github.com/zyvorai/transiva/daemon/dashboard/metrics_history.go:57.2,57.18 1 1
github.com/zyvorai/transiva/daemon/dashboard/metrics_history.go:59.3,60.1 1 0
github.com/zyvorai/transiva/daemon/dashboard/metrics_history.go:62.2,63.16 2 1
github.com/zyvorai/transiva/daemon/dashboard/metrics_history.go:64.3,65.1 1 0
github.com/zyvorai/transiva/daemon/dashboard/metrics_history.go:67.2,71.1 2 1
github.com/zyvorai/transiva/daemon/dashboard/metrics_history.go:73.2,73.42 2 1
github.com/zyvorai/transiva/daemon/dashboard/metrics_history.go:74.3,74.46 1 0
github.com/zyvorai/transiva/daemon/dashboard/metrics_history.go:75.4,76.1 1 0
github.com/zyvorai/transiva/daemon/dashboard/metrics_history.go:77.3,77.18 1 0
github.com/zyvorai/transiva/daemon/dashboard/metrics_history.go:80.2,80.16 1 1
github.com/zyvorai/transiva/daemon/dashboard/metrics_history.go:85.2,108.1 3 1
github.com/zyvorai/transiva/daemon/dashboard/metrics_history.go:109.2,111.1 3 1
github.com/zyvorai/transiva/daemon/dashboard/metrics_history.go:115.2,115.17 1 0
github.com/zyvorai/transiva/daemon/dashboard/metrics_history.go:116.3,117.1 1 0
github.com/zyvorai/transiva/daemon/dashboard/metrics_history.go:120.2,121.16 2 0
github.com/zyvorai/transiva/daemon/dashboard/metrics_history.go:122.3,123.1 1 0
github.com/zyvorai/transiva/daemon/dashboard/metrics_history.go:125.2,133.1 3 0
github.com/zyvorai/transiva/daemon/dashboard/metrics_history.go:134.2,150.1 3 0
github.com/zyvorai/transiva/daemon/dashboard/metrics_history.go:151.2,151.12 3 0
github.com/zyvorai/transiva/daemon/dashboard/metrics_history.go:156.2,156.17 1 0
github.com/zyvorai/transiva/daemon/dashboard/metrics_history.go:157.3,158.1 1 0
github.com/zyvorai/transiva/daemon/dashboard/metrics_history.go:160.2,168.1 3 0
github.com/zyvorai/transiva/daemon/dashboard/metrics_history.go:169.2,170.16 3 0
github.com/zyvorai/transiva/daemon/dashboard/metrics_history.go:171.3,172.1 1 0
github.com/zyvorai/transiva/daemon/dashboard/metrics_history.go:173.2,174.1 3 0
github.com/zyvorai/transiva/daemon/dashboard/metrics_history.go:175.2,176.18 3 0
github.com/zyvorai/transiva/daemon/dashboard/metrics_history.go:177.3,183.17 3 0
github.com/zyvorai/transiva/daemon/dashboard/metrics_history.go:184.4,185.1 1 0
github.com/zyvorai/transiva/daemon/dashboard/metrics_history.go:186.3,186.31 1 0
github.com/zyvorai/transiva/daemon/dashboard/metrics_history.go:189.2,189.28 1 0
github.com/zyvorai/transiva/daemon/dashboard/metrics_history.go:194.2,194.17 1 0
github.com/zyvorai/transiva/daemon/dashboard/metrics_history.go:195.3,196.1 1 0
github.com/zyvorai/transiva/daemon/dashboard/metrics_history.go:198.2,201.1 6 0
github.com/zyvorai/transiva/daemon/dashboard/metrics_history.go:203.2,216.1 6 0
github.com/zyvorai/transiva/daemon/dashboard/metrics_history.go:217.2,227.16 6 0
github.com/zyvorai/transiva/daemon/dashboard/metrics_history.go:228.3,229.1 1 0
github.com/zyvorai/transiva/daemon/dashboard/metrics_history.go:232.2,242.16 2 0
github.com/zyvorai/transiva/daemon/dashboard/metrics_history.go:243.3,244.1 1 0
github.com/zyvorai/transiva/daemon/dashboard/metrics_history.go:246.2,246.20 1 0
github.com/zyvorai/transiva/daemon/dashboard/metrics_history.go:251.2,251.17 1 0
github.com/zyvorai/transiva/daemon/dashboard/metrics_history.go:252.3,253.1 1 0
github.com/zyvorai/transiva/daemon/dashboard/metrics_history.go:255.2,256.1 4 0
github.com/zyvorai/transiva/daemon/dashboard/metrics_history.go:257.2,259.16 4 0
github.com/zyvorai/transiva/daemon/dashboard/metrics_history.go:260.3,261.1 1 0
github.com/zyvorai/transiva/daemon/dashboard/metrics_history.go:263.2,264.14 2 0
github.com/zyvorai/transiva/daemon/dashboard/metrics_history.go:266.3,267.1 1 0
github.com/zyvorai/transiva/daemon/dashboard/metrics_history.go:269.2,269.12 1 0
github.com/zyvorai/transiva/daemon/dashboard/metrics_history.go:274.2,274.17 1 0
github.com/zyvorai/transiva/daemon/dashboard/metrics_history.go:275.3,276.1 1 0
github.com/zyvorai/transiva/daemon/dashboard/metrics_history.go:278.2,286.1 4 0
github.com/zyvorai/transiva/daemon/dashboard/metrics_history.go:287.2,293.26 4 0
github.com/zyvorai/transiva/daemon/dashboard/metrics_history.go:294.3,295.1 1 0
github.com/zyvorai/transiva/daemon/dashboard/metrics_history.go:296.2,296.16 1 0
github.com/zyvorai/transiva/daemon/dashboard/metrics_history.go:297.3,298.1 1 0
github.com/zyvorai/transiva/daemon/dashboard/metrics_history.go:300.2,300.16 1 0
github.com/zyvorai/transiva/daemon/dashboard/metrics_history.go:305.2,305.33 1 0
github.com/zyvorai/transiva/daemon/dashboard/metrics_history.go:306.3,307.1 1 0
github.com/zyvorai/transiva/daemon/dashboard/metrics_history.go:308.2,308.22 1 0
github.com/zyvorai/transiva/daemon/dashboard/metrics_history.go:313.2,314.1 1 0
github.com/zyvorai/transiva/daemon/dashboard/multi_cluster.go:42.2,45.1 1 1
github.com/zyvorai/transiva/daemon/dashboard/multi_cluster.go:50.2,52.1 7 0
github.com/zyvorai/transiva/daemon/dashboard/multi_cluster.go:54.2,57.1 7 0
github.com/zyvorai/transiva/daemon/dashboard/multi_cluster.go:59.2,63.1 7 0
github.com/zyvorai/transiva/daemon/dashboard/multi_cluster.go:64.2,65.16 7 0
github.com/zyvorai/transiva/daemon/dashboard/multi_cluster.go:66.3,67.1 1 0
github.com/zyvorai/transiva/daemon/dashboard/multi_cluster.go:70.2,71.16 2 0
github.com/zyvorai/transiva/daemon/dashboard/multi_cluster.go:72.3,73.1 1 0
github.com/zyvorai/transiva/daemon/dashboard/multi_cluster.go:76.2,77.16 2 0
github.com/zyvorai/transiva/daemon/dashboard/multi_cluster.go:78.3,79.1 1 0
github.com/zyvorai/transiva/daemon/dashboard/multi_cluster.go:82.2,113.1 4 0
github.com/zyvorai/transiva/daemon/dashboard/multi_cluster.go:115.2,117.1 4 0
github.com/zyvorai/transiva/daemon/dashboard/multi_cluster.go:119.2,119.23 4 0
github.com/zyvorai/transiva/daemon/dashboard/multi_cluster.go:120.3,121.1 1 0
github.com/zyvorai/transiva/daemon/dashboard/multi_cluster.go:123.2,123.12 1 0
github.com/zyvorai/transiva/daemon/dashboard/multi_cluster.go:128.2,130.1 3 0
github.com/zyvorai/transiva/daemon/dashboard/multi_cluster.go:131.2,131.44 3 0
github.com/zyvorai/transiva/daemon/dashboard/multi_cluster.go:132.3,133.1 1 0
github.com/zyvorai/transiva/daemon/dashboard/multi_cluster.go:135.2,136.1 2 0
github.com/zyvorai/transiva/daemon/dashboard/multi_cluster.go:138.2,138.23 2 0
github.com/zyvorai/transiva/daemon/dashboard/multi_cluster.go:139.3,140.1 2 0
github.com/zyvorai/transiva/daemon/dashboard/multi_cluster.go:141.3,141.39 2 0
github.com/zyvorai/transiva/daemon/dashboard/multi_cluster.go:142.4,143.9 2 0
github.com/zyvorai/transiva/daemon/dashboard/multi_cluster.go:148.2,148.28 1 0
github.com/zyvorai/transiva/daemon/dashboard/multi_cluster.go:149.3,150.1 1 0
github.com/zyvorai/transiva/daemon/dashboard/multi_cluster.go:152.2,152.12 1 0
github.com/zyvorai/transiva/daemon/dashboard/multi_cluster.go:157.2,159.1 4 0
github.com/zyvorai/transiva/daemon/dashboard/multi_cluster.go:160.2,161.13 4 0
github.com/zyvorai/transiva/daemon/dashboard/multi_cluster.go:162.3,163.1 1 0
github.com/zyvorai/transiva/daemon/dashboard/multi_cluster.go:165.2,165.21 1 0
github.com/zyvorai/transiva/daemon/dashboard/multi_cluster.go:170.2,172.1 4 0
github.com/zyvorai/transiva/daemon/dashboard/multi_cluster.go:173.2,174.39 4 0
github.com/zyvorai/transiva/daemon/dashboard/multi_cluster.go:175.3,176.1 1 0
github.com/zyvorai/transiva/daemon/dashboard/multi_cluster.go:178.2,178.17 1 0
github.com/zyvorai/transiva/daemon/dashboard/multi_cluster.go:183.2,185.1 3 0
github.com/zyvorai/transiva/daemon/dashboard/multi_cluster.go:186.2,186.23 3 0
github.com/zyvorai/transiva/daemon/dashboard/multi_cluster.go:187.3,188.1 1 0
github.com/zyvorai/transiva/daemon/dashboard/multi_cluster.go:190.2,191.13 2 0
github.com/zyvorai/transiva/daemon/dashboard/multi_cluster.go:192.3,193.1 1 0
github.com/zyvorai/transiva/daemon/dashboard/multi_cluster.go:195.2,195.21 1 0
github.com/zyvorai/transiva/daemon/dashboard/multi_cluster.go:200.2,202.1 3 0
github.com/zyvorai/transiva/daemon/dashboard/multi_cluster.go:203.2,203.44 3 0
github.com/zyvorai/transiva/daemon/dashboard/multi_cluster.go:204.3,205.1 1 0
github.com/zyvorai/transiva/daemon/dashboard/multi_cluster.go:207.2,208.12 2 0
github.com/zyvorai/transiva/daemon/dashboard/multi_cluster.go:213.2,214.16 2 0
github.com/zyvorai/transiva/daemon/dashboard/multi_cluster.go:215.3,216.1 1 0
github.com/zyvorai/transiva/daemon/dashboard/multi_cluster.go:218.2,218.59 1 0
github.com/zyvorai/transiva/daemon/dashboard/multi_cluster.go:219.3,220.1 1 0
github.com/zyvorai/transiva/daemon/dashboard/multi_cluster.go:223.2,229.1 6 0
github.com/zyvorai/transiva/daemon/dashboard/multi_cluster.go:232.2,233.1 6 0
github.com/zyvorai/transiva/daemon/dashboard/multi_cluster.go:235.2,238.1 6 0
github.com/zyvorai/transiva/daemon/dashboard/multi_cluster.go:239.2,239.12 6 0
github.com/zyvorai/transiva/daemon/dashboard/multi_cluster.go:244.2,246.31 3 0
github.com/zyvorai/transiva/daemon/dashboard/multi_cluster.go:247.3,248.1 1 0
github.com/zyvorai/transiva/daemon/dashboard/multi_cluster.go:249.2,250.1 3 0
github.com/zyvorai/transiva/daemon/dashboard/multi_cluster.go:252.2,253.30 3 0
github.com/zyvorai/transiva/daemon/dashboard/multi_cluster.go:254.3,255.29 2 0
github.com/zyvorai/transiva/daemon/dashboard/multi_cluster.go:256.4,257.67 2 0
github.com/zyvorai/transiva/daemon/dashboard/multi_cluster.go:258.5,259.59 2 0
github.com/zyvorai/transiva/daemon/dashboard/multi_cluster.go:260.6,262.1 2 0
github.com/zyvorai/transiva/daemon/dashboard/multi_cluster.go:263.5,263.28 1 0
github.com/zyvorai/transiva/daemon/dashboard/multi_cluster.go:268.2,268.11 1 0
github.com/zyvorai/transiva/daemon/dashboard/multi_cluster.go:273.2,275.1 5 0
github.com/zyvorai/transiva/daemon/dashboard/multi_cluster.go:276.2,295.1 5 0
github.com/zyvorai/transiva/daemon/dashboard/multi_cluster.go:297.2,298.1 5 0
github.com/zyvorai/transiva/daemon/dashboard/multi_cluster.go:299.2,299.39 5 0
github.com/zyvorai/transiva/daemon/dashboard/multi_cluster.go:300.3,300.51 1 0
github.com/zyvorai/transiva/daemon/dashboard/multi_cluster.go:301.4,301.12 1 0
github.com/zyvorai/transiva/daemon/dashboard/multi_cluster.go:304.3,306.1 26 0
github.com/zyvorai/transiva/daemon/dashboard/multi_cluster.go:308.3,313.1 26 0
github.com/zyvorai/transiva/daemon/dashboard/multi_cluster.go:314.3,318.1 26 0
github.com/zyvorai/transiva/daemon/dashboard/multi_cluster.go:319.3,322.1 26 0
github.com/zyvorai/transiva/daemon/dashboard/multi_cluster.go:323.3,325.1 26 0
github.com/zyvorai/transiva/daemon/dashboard/multi_cluster.go:327.3,331.1 26 0
github.com/zyvorai/transiva/daemon/dashboard/multi_cluster.go:333.3,338.85 26 0
github.com/zyvorai/transiva/daemon/dashboard/multi_cluster.go:342.2,342.27 1 0
github.com/zyvorai/transiva/daemon/dashboard/multi_cluster.go:343.3,344.43 2 0
github.com/zyvorai/transiva/daemon/dashboard/multi_cluster.go:345.4,347.1 2 0
github.com/zyvorai/transiva/daemon/dashboard/multi_cluster.go:351.2,352.1 2 0
github.com/zyvorai/transiva/daemon/dashboard/multi_cluster.go:353.2,353.19 2 0
github.com/zyvorai/transiva/daemon/dashboard/multi_cluster.go:358.2,361.1 3 0
github.com/zyvorai/transiva/daemon/dashboard/multi_cluster.go:365.2,368.1 3 0
github.com/zyvorai/transiva/daemon/dashboard/vnc_proxy.go:45.2,51.44 1 0
github.com/zyvorai/transiva/daemon/dashboard/vnc_proxy.go:54.5,55.1 1 0
github.com/zyvorai/transiva/daemon/dashboard/vnc_proxy.go:64.2,67.1 4 0
github.com/zyvorai/transiva/daemon/dashboard/vnc_proxy.go:68.2,68.23 4 0
github.com/zyvorai/transiva/daemon/dashboard/vnc_proxy.go:69.3,70.1 1 0
github.com/zyvorai/transiva/daemon/dashboard/vnc_proxy.go:72.2,72.18 1 0
github.com/zyvorai/transiva/daemon/dashboard/vnc_proxy.go:73.3,75.1 2 0
github.com/zyvorai/transiva/daemon/dashboard/vnc_proxy.go:77.2,77.23 1 0
github.com/zyvorai/transiva/daemon/dashboard/vnc_proxy.go:78.3,79.1 1 0
github.com/zyvorai/transiva/daemon/dashboard/vnc_proxy.go:82.2,83.16 2 0
github.com/zyvorai/transiva/daemon/dashboard/vnc_proxy.go:84.3,86.1 2 0
github.com/zyvorai/transiva/daemon/dashboard/vnc_proxy.go:87.2,87.15 1 0
github.com/zyvorai/transiva/daemon/dashboard/vnc_proxy.go:88.3,88.48 1 0
github.com/zyvorai/transiva/daemon/dashboard/vnc_proxy.go:89.4,90.1 1 0
github.com/zyvorai/transiva/daemon/dashboard/vnc_proxy.go:94.2,103.1 6 0
github.com/zyvorai/transiva/daemon/dashboard/vnc_proxy.go:105.2,108.1 6 0
github.com/zyvorai/transiva/daemon/dashboard/vnc_proxy.go:109.2,109.15 6 0
github.com/zyvorai/transiva/daemon/dashboard/vnc_proxy.go:110.3,114.1 4 0
github.com/zyvorai/transiva/daemon/dashboard/vnc_proxy.go:117.2,117.21 1 0
github.com/zyvorai/transiva/daemon/dashboard/vnc_proxy.go:119.3,119.58 1 0
github.com/zyvorai/transiva/daemon/dashboard/vnc_proxy.go:121.3,121.61 1 0
github.com/zyvorai/transiva/daemon/dashboard/vnc_proxy.go:123.3,123.128 1 0
github.com/zyvorai/transiva/daemon/dashboard/vnc_proxy.go:124.4,125.1 1 0
github.com/zyvorai/transiva/daemon/dashboard/vnc_proxy.go:135.2,136.16 2 0
github.com/zyvorai/transiva/daemon/dashboard/vnc_proxy.go:137.3,137.138 1 0
github.com/zyvorai/transiva/daemon/dashboard/vnc_proxy.go:138.4,139.1 1 0
github.com/zyvorai/transiva/daemon/dashboard/vnc_proxy.go:140.3,140.9 1 0
github.com/zyvorai/transiva/daemon/dashboard/vnc_proxy.go:144.2,144.171 1 0
github.com/zyvorai/transiva/daemon/dashboard/vnc_proxy.go:145.3,147.1 2 0
github.com/zyvorai/transiva/daemon/dashboard/vnc_proxy.go:151.2,151.113 1 0
github.com/zyvorai/transiva/daemon/dashboard/vnc_proxy.go:152.3,154.1 2 0
github.com/zyvorai/transiva/daemon/dashboard/vnc_proxy.go:155.2,155.144 1 0
github.com/zyvorai/transiva/daemon/dashboard/vnc_proxy.go:156.3,158.1 2 0
github.com/zyvorai/transiva/daemon/dashboard/vnc_proxy.go:159.2,159.119 1 0
github.com/zyvorai/transiva/daemon/dashboard/vnc_proxy.go:160.3,162.1 2 0
github.com/zyvorai/transiva/daemon/dashboard/vnc_proxy.go:165.2,167.1 3 0
github.com/zyvorai/transiva/daemon/dashboard/vnc_proxy.go:168.2,168.6 3 0
github.com/zyvorai/transiva/daemon/dashboard/vnc_proxy.go:169.3,169.10 1 0
github.com/zyvorai/transiva/daemon/dashboard/vnc_proxy.go:171.4,171.72 1 0
github.com/zyvorai/transiva/daemon/dashboard/vnc_proxy.go:172.5,173.1 1 0
github.com/zyvorai/transiva/daemon/dashboard/vnc_proxy.go:175.4,176.18 2 0
github.com/zyvorai/transiva/daemon/dashboard/vnc_proxy.go:177.5,178.1 1 0
github.com/zyvorai/transiva/daemon/dashboard/vnc_proxy.go:186.2,187.16 2 0
github.com/zyvorai/transiva/daemon/dashboard/vnc_proxy.go:188.3,188.140 1 0
github.com/zyvorai/transiva/daemon/dashboard/vnc_proxy.go:189.4,190.1 1 0
github.com/zyvorai/transiva/daemon/dashboard/vnc_proxy.go:191.3,191.9 1 0
github.com/zyvorai/transiva/daemon/dashboard/vnc_proxy.go:195.2,195.155 1 0
github.com/zyvorai/transiva/daemon/dashboard/vnc_proxy.go:196.3,198.1 2 0
github.com/zyvorai/transiva/daemon/dashboard/vnc_proxy.go:202.2,207.1 4 0
github.com/zyvorai/transiva/daemon/dashboard/vnc_proxy.go:209.2,217.1 4 0
github.com/zyvorai/transiva/daemon/dashboard/vnc_proxy.go:218.2,219.16 4 0
github.com/zyvorai/transiva/daemon/dashboard/vnc_proxy.go:220.3,220.144 1 0
github.com/zyvorai/transiva/daemon/dashboard/vnc_proxy.go:221.4,222.1 1 0
github.com/zyvorai/transiva/daemon/dashboard/vnc_proxy.go:223.3,223.9 1 0
github.com/zyvorai/transiva/daemon/dashboard/vnc_proxy.go:227.2,229.1 3 0
github.com/zyvorai/transiva/daemon/dashboard/vnc_proxy.go:230.2,230.15 3 0
github.com/zyvorai/transiva/daemon/dashboard/vnc_proxy.go:231.3,231.45 1 0
github.com/zyvorai/transiva/daemon/dashboard/vnc_proxy.go:232.4,233.1 1 0
github.com/zyvorai/transiva/daemon/dashboard/vnc_proxy.go:235.2,235.15 1 0
github.com/zyvorai/transiva/daemon/dashboard/vnc_proxy.go:236.3,236.46 1 0
github.com/zyvorai/transiva/daemon/dashboard/vnc_proxy.go:237.4,238.1 1 0
github.com/zyvorai/transiva/daemon/dashboard/vnc_proxy.go:242.2,242.12 1 0
github.com/zyvorai/transiva/daemon/dashboard/vnc_proxy.go:243.3,243.7 1 0
github.com/zyvorai/transiva/daemon/dashboard/vnc_proxy.go:244.4,245.18 2 0
github.com/zyvorai/transiva/daemon/dashboard/vnc_proxy.go:246.5,246.57 1 0
github.com/zyvorai/transiva/daemon/dashboard/vnc_proxy.go:247.6,248.1 1 0
github.com/zyvorai/transiva/daemon/dashboard/vnc_proxy.go:249.5,249.11 1 0
github.com/zyvorai/transiva/daemon/dashboard/vnc_proxy.go:251.4,251.56 1 0
github.com/zyvorai/transiva/daemon/dashboard/vnc_proxy.go:252.5,254.1 2 0
github.com/zyvorai/transiva/daemon/dashboard/vnc_proxy.go:255.4,255.35 1 0
github.com/zyvorai/transiva/daemon/dashboard/vnc_proxy.go:260.2,260.12 1 0
github.com/zyvorai/transiva/daemon/dashboard/vnc_proxy.go:261.3,262.7 2 0
github.com/zyvorai/transiva/daemon/dashboard/vnc_proxy.go:263.4,264.18 2 0
github.com/zyvorai/transiva/daemon/dashboard/vnc_proxy.go:265.5,266.1 1 0
github.com/zyvorai/transiva/daemon/dashboard/vnc_proxy.go:267.4,267.13 1 0
github.com/zyvorai/transiva/daemon/dashboard/vnc_proxy.go:268.5,268.79 1 0
github.com/zyvorai/transiva/daemon/dashboard/vnc_proxy.go:269.6,271.1 2 0
github.com/zyvorai/transiva/daemon/dashboard/vnc_proxy.go:272.5,272.36 1 0
github.com/zyvorai/transiva/daemon/dashboard/vnc_proxy.go:278.2,284.1 2 0
github.com/zyvorai/transiva/daemon/dashboard/vnc_proxy.go:285.2,285.16 2 0
github.com/zyvorai/transiva/daemon/dashboard/vnc_proxy.go:286.3,286.135 1 0
github.com/zyvorai/transiva/daemon/dashboard/vnc_proxy.go:287.4,288.1 1 0
github.com/zyvorai/transiva/daemon/dashboard/vnc_proxy.go:290.3,290.113 1 0
github.com/zyvorai/transiva/daemon/dashboard/vnc_proxy.go:291.4,292.1 1 0
github.com/zyvorai/transiva/daemon/dashboard/vnc_proxy.go:299.2,300.1 3 0
github.com/zyvorai/transiva/daemon/dashboard/vnc_proxy.go:301.2,304.16 3 0
github.com/zyvorai/transiva/daemon/dashboard/vnc_proxy.go:305.3,306.1 1 0
github.com/zyvorai/transiva/daemon/dashboard/vnc_proxy.go:308.2,308.26 1 0
github.com/zyvorai/transiva/daemon/dashboard/vnc_proxy.go:309.3,310.1 1 0
github.com/zyvorai/transiva/daemon/dashboard/vnc_proxy.go:313.2,313.32 1 0
github.com/zyvorai/transiva/daemon/dashboard/vnc_proxy.go:318.2,320.1 4 0
github.com/zyvorai/transiva/daemon/dashboard/vnc_proxy.go:321.2,322.38 4 0
github.com/zyvorai/transiva/daemon/dashboard/vnc_proxy.go:323.3,324.1 1 0
github.com/zyvorai/transiva/daemon/dashboard/vnc_proxy.go:326.2,326.17 1 0
github.com/zyvorai/transiva/daemon/dashboard/vnc_proxy.go:331.2,333.1 4 0
github.com/zyvorai/transiva/daemon/dashboard/vnc_proxy.go:334.2,335.39 4 0
github.com/zyvorai/transiva/daemon/dashboard/vnc_proxy.go:336.3,336.67 1 0
github.com/zyvorai/transiva/daemon/dashboard/vnc_proxy.go:337.4,338.1 1 0
github.com/zyvorai/transiva/daemon/dashboard/vnc_proxy.go:344.2,345.1 6 0
github.com/zyvorai/transiva/daemon/dashboard/vnc_proxy.go:346.2,348.1 6 0
github.com/zyvorai/transiva/daemon/dashboard/vnc_proxy.go:349.2,357.1 6 0
github.com/zyvorai/transiva/daemon/dashboard/vnc_proxy.go:359.2,360.35 6 0
github.com/zyvorai/transiva/daemon/dashboard/vnc_proxy.go:361.3,370.1 1 0
github.com/zyvorai/transiva/daemon/dashboard/vnc_proxy.go:373.2,373.48 1 0
github.com/zyvorai/transiva/daemon/dashboard/vnc_proxy.go:374.3,376.1 2 0
github.com/zyvorai/transiva/daemon/dashboard/vnc_proxy.go:377.2,377.29 1 0
github.com/zyvorai/transiva/daemon/dashboard/vnc_proxy.go:378.3,378.12 1 0
github.com/zyvorai/transiva/daemon/dashboard/vnc_proxy.go:379.4,379.50 1 0
github.com/zyvorai/transiva/daemon/dashboard/vnc_proxy.go:380.5,382.1 2 0
github.com/zyvorai/transiva/daemon/dashboard/vnc_proxy.go:384.3,386.104 1 0
github.com/zyvorai/transiva/daemon/dashboard/vnc_proxy.go:387.4,389.1 2 0
github.com/zyvorai/transiva/daemon/dashboard/vnc_proxy.go:391.2,391.48 1 0
github.com/zyvorai/transiva/daemon/dashboard/vnc_proxy.go:392.3,393.1 1 0
github.com/zyvorai/transiva/daemon/dashboard/vnc_proxy.go:400.2,401.1 1 0
github.com/zyvorai/transiva/daemon/dashboard/vnc_proxy.go:405.2,406.1 1 0
github.com/zyvorai/transiva/daemon/rbac/rbac.go:52.2,53.1 1 82
github.com/zyvorai/transiva/daemon/rbac/rbac.go:121.2,123.1 1 13
github.com/zyvorai/transiva/daemon/rbac/rbac.go:128.2,130.1 3 15
github.com/zyvorai/transiva/daemon/rbac/rbac.go:131.2,131.20 3 15
github.com/zyvorai/transiva/daemon/rbac/rbac.go:132.3,133.1 1 1
github.com/zyvorai/transiva/daemon/rbac/rbac.go:136.2,136.29 1 14
github.com/zyvorai/transiva/daemon/rbac/rbac.go:137.3,137.25 1 16
github.com/zyvorai/transiva/daemon/rbac/rbac.go:138.4,139.1 1 1
github.com/zyvorai/transiva/daemon/rbac/rbac.go:142.2,145.1 2 13
github.com/zyvorai/transiva/daemon/rbac/rbac.go:147.2,147.12 2 13
github.com/zyvorai/transiva/daemon/rbac/rbac.go:152.2,154.1 3 1
github.com/zyvorai/transiva/daemon/rbac/rbac.go:155.2,155.45 3 1
github.com/zyvorai/transiva/daemon/rbac/rbac.go:156.3,157.1 1 0
github.com/zyvorai/transiva/daemon/rbac/rbac.go:159.2,160.12 2 1
github.com/zyvorai/transiva/daemon/rbac/rbac.go:165.2,167.1 4 3
github.com/zyvorai/transiva/daemon/rbac/rbac.go:168.2,169.13 4 3
github.com/zyvorai/transiva/daemon/rbac/rbac.go:170.3,171.1 1 1
github.com/zyvorai/transiva/daemon/rbac/rbac.go:173.2,173.18 1 2
github.com/zyvorai/transiva/daemon/rbac/rbac.go:178.2,180.1 4 1
github.com/zyvorai/transiva/daemon/rbac/rbac.go:181.2,182.13 4 1
github.com/zyvorai/transiva/daemon/rbac/rbac.go:183.3,184.1 1 0
github.com/zyvorai/transiva/daemon/rbac/rbac.go:187.2,187.29 1 1
github.com/zyvorai/transiva/daemon/rbac/rbac.go:188.3,188.25 1 1
github.com/zyvorai/transiva/daemon/rbac/rbac.go:189.4,190.1 1 0
github.com/zyvorai/transiva/daemon/rbac/rbac.go:193.2,194.12 2 1
github.com/zyvorai/transiva/daemon/rbac/rbac.go:199.2,201.1 4 16
github.com/zyvorai/transiva/daemon/rbac/rbac.go:202.2,203.13 4 16
github.com/zyvorai/transiva/daemon/rbac/rbac.go:204.3,205.1 1 0
github.com/zyvorai/transiva/daemon/rbac/rbac.go:208.2,208.34 1 16
github.com/zyvorai/transiva/daemon/rbac/rbac.go:209.3,210.14 2 16
github.com/zyvorai/transiva/daemon/rbac/rbac.go:211.4,211.12 1 0
github.com/zyvorai/transiva/daemon/rbac/rbac.go:214.3,214.36 1 16
github.com/zyvorai/transiva/daemon/rbac/rbac.go:215.4,215.58 1 85
github.com/zyvorai/transiva/daemon/rbac/rbac.go:216.5,217.1 1 11
github.com/zyvorai/transiva/daemon/rbac/rbac.go:221.2,221.89 1 5
github.com/zyvorai/transiva/daemon/rbac/rbac.go:226.2,228.1 4 4
github.com/zyvorai/transiva/daemon/rbac/rbac.go:229.2,230.13 4 4
github.com/zyvorai/transiva/daemon/rbac/rbac.go:231.3,232.1 1 1
github.com/zyvorai/transiva/daemon/rbac/rbac.go:234.2,234.31 1 3
github.com/zyvorai/transiva/daemon/rbac/rbac.go:235.3,235.16 1 5
github.com/zyvorai/transiva/daemon/rbac/rbac.go:236.4,237.1 1 2
github.com/zyvorai/transiva/daemon/rbac/rbac.go:240.2,240.14 1 1
github.com/zyvorai/transiva/daemon/rbac/rbac.go:245.2,247.1 4 2
github.com/zyvorai/transiva/daemon/rbac/rbac.go:248.2,249.31 4 2
github.com/zyvorai/transiva/daemon/rbac/rbac.go:250.3,251.1 1 3
github.com/zyvorai/transiva/daemon/rbac/rbac.go:253.2,253.14 1 2
github.com/zyvorai/transiva/daemon/rbac/rbac.go:258.2,260.1 4 5
github.com/zyvorai/transiva/daemon/rbac/rbac.go:261.2,262.13 4 5
github.com/zyvorai/transiva/daemon/rbac/rbac.go:263.3,264.1 1 1
github.com/zyvorai/transiva/daemon/rbac/rbac.go:266.2,267.34 2 4
github.com/zyvorai/transiva/daemon/rbac/rbac.go:268.3,269.14 2 4
github.com/zyvorai/transiva/daemon/rbac/rbac.go:270.4,270.12 1 0
github.com/zyvorai/transiva/daemon/rbac/rbac.go:273.3,273.36 1 4
github.com/zyvorai/transiva/daemon/rbac/rbac.go:274.4,275.1 1 81
github.com/zyvorai/transiva/daemon/rbac/rbac.go:279.2,280.31 2 4
github.com/zyvorai/transiva/daemon/rbac/rbac.go:281.3,282.1 1 81
github.com/zyvorai/transiva/daemon/rbac/rbac.go:284.2,284.19 1 4
github.com/zyvorai/transiva/daemon/rbac/rbac.go:289.2,289.14 1 17
github.com/zyvorai/transiva/daemon/rbac/rbac.go:291.3,291.14 1 16
github.com/zyvorai/transiva/daemon/rbac/rbac.go:293.3,293.15 1 1
github.com/zyvorai/transiva/daemon/rbac/rbac.go:299.2,300.1 1 1
github.com/zyvorai/transiva/daemon/rbac/rbac.go:304.2,304.14 1 4
github.com/zyvorai/transiva/daemon/rbac/rbac.go:306.3,306.70 1 1
github.com/zyvorai/transiva/daemon/rbac/rbac.go:308.3,308.63 1 1
github.com/zyvorai/transiva/daemon/rbac/rbac.go:310.3,310.71 1 1
github.com/zyvorai/transiva/daemon/rbac/rbac.go:312.3,312.24 1 1
github.com/zyvorai/transiva/daemon/rbac/rbac.go:329.2,330.16 2 4
github.com/zyvorai/transiva/daemon/rbac/rbac.go:331.3,332.1 1 1
github.com/zyvorai/transiva/daemon/rbac/rbac.go:334.2,336.1 2 3
github.com/zyvorai/transiva/daemon/rbac/rbac.go:338.2,338.35 2 3
github.com/zyvorai/transiva/daemon/rbac/rbac.go:339.3,339.32 1 57
github.com/zyvorai/transiva/daemon/rbac/rbac.go:340.4,340.23 1 12
github.com/zyvorai/transiva/daemon/rbac/rbac.go:342.5,342.21 1 2
github.com/zyvorai/transiva/daemon/rbac/rbac.go:344.5,344.19 1 3
github.com/zyvorai/transiva/daemon/rbac/rbac.go:346.5,346.21 1 2
github.com/zyvorai/transiva/daemon/rbac/rbac.go:348.5,348.21 1 2
github.com/zyvorai/transiva/daemon/rbac/rbac.go:350.5,350.21 1 2
github.com/zyvorai/transiva/daemon/rbac/rbac.go:352.5,352.21 1 1
github.com/zyvorai/transiva/daemon/rbac/rbac.go:357.2,357.16 1 3
github.com/zyvorai/transiva/daemon/queue/queue.go:27.2,27.11 1 5
github.com/zyvorai/transiva/daemon/queue/queue.go:29.3,29.15 1 1
github.com/zyvorai/transiva/daemon/queue/queue.go:31.3,31.18 1 1
github.com/zyvorai/transiva/daemon/queue/queue.go:33.3,33.16 1 1
github.com/zyvorai/transiva/daemon/queue/queue.go:35.3,35.20 1 1
github.com/zyvorai/transiva/daemon/queue/queue.go:37.3,37.19 1 1
github.com/zyvorai/transiva/daemon/queue/queue.go:82.2,87.1 1 21
github.com/zyvorai/transiva/daemon/queue/queue.go:121.2,121.19 1 20
github.com/zyvorai/transiva/daemon/queue/queue.go:122.3,123.1 1 1
github.com/zyvorai/transiva/daemon/queue/queue.go:125.2,125.20 1 20
github.com/zyvorai/transiva/daemon/queue/queue.go:126.3,127.1 1 1
github.com/zyvorai/transiva/daemon/queue/queue.go:129.2,129.28 1 19
github.com/zyvorai/transiva/daemon/queue/queue.go:130.3,131.1 1 1
github.com/zyvorai/transiva/daemon/queue/queue.go:133.2,134.1 4 18
github.com/zyvorai/transiva/daemon/queue/queue.go:135.2,144.1 4 18
github.com/zyvorai/transiva/daemon/queue/queue.go:146.2,147.1 4 18
github.com/zyvorai/transiva/daemon/queue/queue.go:149.2,149.41 4 18
github.com/zyvorai/transiva/daemon/queue/queue.go:150.3,154.1 4 106
github.com/zyvorai/transiva/daemon/queue/queue.go:157.2,159.1 3 18
github.com/zyvorai/transiva/daemon/queue/queue.go:160.2,160.15 3 18
github.com/zyvorai/transiva/daemon/queue/queue.go:165.2,167.1 3 153
github.com/zyvorai/transiva/daemon/queue/queue.go:169.2,169.41 3 153
github.com/zyvorai/transiva/daemon/queue/queue.go:170.3,171.1 1 1
github.com/zyvorai/transiva/daemon/queue/queue.go:174.2,174.30 1 152
github.com/zyvorai/transiva/daemon/queue/queue.go:175.3,176.1 1 150
github.com/zyvorai/transiva/daemon/queue/queue.go:178.2,178.22 1 152
github.com/zyvorai/transiva/daemon/queue/queue.go:179.3,180.1 1 150
github.com/zyvorai/transiva/daemon/queue/queue.go:183.2,184.1 2 152
github.com/zyvorai/transiva/daemon/queue/queue.go:186.2,186.28 2 152
github.com/zyvorai/transiva/daemon/queue/queue.go:187.3,191.1 4 152
github.com/zyvorai/transiva/daemon/queue/queue.go:193.2,193.12 1 152
github.com/zyvorai/transiva/daemon/queue/queue.go:198.2,200.1 3 594
github.com/zyvorai/transiva/daemon/queue/queue.go:201.2,201.21 3 594
github.com/zyvorai/transiva/daemon/queue/queue.go:202.3,203.1 1 557
github.com/zyvorai/transiva/daemon/queue/queue.go:205.2,206.1 2 37
github.com/zyvorai/transiva/daemon/queue/queue.go:208.2,208.28 2 37
github.com/zyvorai/transiva/daemon/queue/queue.go:209.3,213.1 4 37
github.com/zyvorai/transiva/daemon/queue/queue.go:215.2,215.17 1 37
github.com/zyvorai/transiva/daemon/queue/queue.go:220.2,223.1 3 6
github.com/zyvorai/transiva/daemon/queue/queue.go:227.2,228.1 1 2
github.com/zyvorai/transiva/daemon/queue/queue.go:232.2,233.1 1 2
github.com/zyvorai/transiva/daemon/queue/queue.go:237.2,239.1 4 6
github.com/zyvorai/transiva/daemon/queue/queue.go:241.2,242.1 4 6
github.com/zyvorai/transiva/daemon/queue/queue.go:244.2,255.1 4 6
github.com/zyvorai/transiva/daemon/queue/queue.go:260.2,261.30 2 6
github.com/zyvorai/transiva/daemon/queue/queue.go:262.3,262.17 1 44
github.com/zyvorai/transiva/daemon/queue/queue.go:263.4,264.1 1 2
github.com/zyvorai/transiva/daemon/queue/queue.go:266.2,266.14 1 6
github.com/zyvorai/transiva/daemon/queue/queue.go:271.2,272.1 2 18
github.com/zyvorai/transiva/daemon/queue/queue.go:273.2,273.6 2 18
github.com/zyvorai/transiva/daemon/queue/queue.go:274.3,274.10 1 27
github.com/zyvorai/transiva/daemon/queue/queue.go:276.4,276.10 1 18
github.com/zyvorai/transiva/daemon/queue/queue.go:278.4,278.26 1 9
github.com/zyvorai/transiva/daemon/queue/queue.go:285.2,285.29 1 9
github.com/zyvorai/transiva/daemon/queue/queue.go:286.3,287.1 1 0
github.com/zyvorai/transiva/daemon/queue/queue.go:289.2,291.1 3 9
github.com/zyvorai/transiva/daemon/queue/queue.go:292.2,292.20 3 9
github.com/zyvorai/transiva/daemon/queue/queue.go:293.3,294.1 1 8
github.com/zyvorai/transiva/daemon/queue/queue.go:295.3,296.1 1 1
github.com/zyvorai/transiva/daemon/queue/queue.go:299.2,299.33 1 9
github.com/zyvorai/transiva/daemon/queue/queue.go:300.3,303.1 3 8
github.com/zyvorai/transiva/daemon/queue/queue.go:304.3,305.1 1 1
github.com/zyvorai/transiva/daemon/queue/queue.go:311.2,312.1 3 18
github.com/zyvorai/transiva/daemon/queue/queue.go:314.2,315.12 3 18
github.com/zyvorai/transiva/daemon/queue/queue.go:316.3,318.1 2 18
github.com/zyvorai/transiva/daemon/queue/queue.go:320.2,320.9 1 18
github.com/zyvorai/transiva/daemon/queue/queue.go:322.3,322.13 1 17
github.com/zyvorai/transiva/daemon/queue/queue.go:324.3,324.19 1 1
github.com/zyvorai/transiva/daemon/queue/queue.go:339.2,342.1 1 106
github.com/zyvorai/transiva/daemon/queue/queue.go:347.2,348.1 2 106
github.com/zyvorai/transiva/daemon/queue/queue.go:349.2,349.6 2 106
github.com/zyvorai/transiva/daemon/queue/queue.go:350.3,350.10 1 688
github.com/zyvorai/transiva/daemon/queue/queue.go:352.4,352.10 1 105
github.com/zyvorai/transiva/daemon/queue/queue.go:354.4,355.18 2 583
github.com/zyvorai/transiva/daemon/queue/queue.go:357.5,358.13 2 556
github.com/zyvorai/transiva/daemon/queue/queue.go:361.4,361.21 1 27
github.com/zyvorai/transiva/daemon/queue/queue.go:368.2,370.1 10 27
github.com/zyvorai/transiva/daemon/queue/queue.go:371.2,373.1 10 27
github.com/zyvorai/transiva/daemon/queue/queue.go:375.2,377.1 10 27
github.com/zyvorai/transiva/daemon/queue/queue.go:379.2,380.1 10 27
github.com/zyvorai/transiva/daemon/queue/queue.go:381.2,383.1 10 26
github.com/zyvorai/transiva/daemon/queue/queue.go:385.2,385.43 10 26
github.com/zyvorai/transiva/daemon/queue/queue.go:386.3,389.1 4 1
github.com/zyvorai/transiva/daemon/queue/queue.go:390.3,391.1 4 1
github.com/zyvorai/transiva/daemon/queue/queue.go:394.2,394.51 1 26
github.com/zyvorai/transiva/daemon/queue/queue.go:395.3,399.1 6 2
github.com/zyvorai/transiva/daemon/queue/queue.go:401.3,402.60 6 2
github.com/zyvorai/transiva/daemon/queue/queue.go:405.4,406.1 1 0
github.com/zyvorai/transiva/daemon/queue/queue.go:407.4,408.1 1 2
github.com/zyvorai/transiva/daemon/queue/queue.go:412.2,419.1 2 24
github.com/zyvorai/transiva/daemon/queue/queue.go:421.2,421.9 2 24
github.com/zyvorai/transiva/daemon/queue/queue.go:422.33,422.33 0 24
github.com/zyvorai/transiva/daemon/queue/queue.go:423.10,423.10 0 0
github.com/zyvorai/transiva/daemon/queue/queue.go:430.2,433.1 3 44
github.com/zyvorai/transiva/daemon/queue/queue.go:437.2,440.1 3 53
github.com/zyvorai/transiva/daemon/queue/queue.go:445.37,445.53 1 1149
github.com/zyvorai/transiva/daemon/queue/queue.go:449.2,449.38 1 215
github.com/zyvorai/transiva/daemon/queue/queue.go:450.3,451.1 1 119
github.com/zyvorai/transiva/daemon/queue/queue.go:453.2,453.52 1 96
github.com/zyvorai/transiva/daemon/queue/queue.go:457.2,458.1 1 122
github.com/zyvorai/transiva/daemon/queue/queue.go:461.2,462.1 1 152
github.com/zyvorai/transiva/daemon/queue/queue.go:465.2,470.1 5 37
github.com/zyvorai/transiva/daemon/ratelimit/ratelimit.go:33.2,37.1 1 5
github.com/zyvorai/transiva/daemon/ratelimit/ratelimit.go:42.2,44.1 4 10
github.com/zyvorai/transiva/daemon/ratelimit/ratelimit.go:45.2,46.13 4 10
github.com/zyvorai/transiva/daemon/ratelimit/ratelimit.go:47.3,49.1 2 5
github.com/zyvorai/transiva/daemon/ratelimit/ratelimit.go:51.2,51.16 1 10
github.com/zyvorai/transiva/daemon/ratelimit/ratelimit.go:56.2,58.1 2 8
github.com/zyvorai/transiva/daemon/ratelimit/ratelimit.go:62.2,64.1 2 2
github.com/zyvorai/transiva/daemon/ratelimit/ratelimit.go:68.2,70.1 4 1
github.com/zyvorai/transiva/daemon/ratelimit/ratelimit.go:73.2,74.44 4 1
github.com/zyvorai/transiva/daemon/ratelimit/ratelimit.go:76.3,76.45 1 1
github.com/zyvorai/transiva/daemon/ratelimit/ratelimit.go:77.4,78.1 1 1
github.com/zyvorai/transiva/daemon/ratelimit/ratelimit.go:79.3,79.10 1 1
github.com/zyvorai/transiva/daemon/ratelimit/ratelimit.go:90.2,92.1 1 3
github.com/zyvorai/transiva/daemon/ratelimit/ratelimit.go:97.2,98.1 1 7
github.com/zyvorai/transiva/daemon/ratelimit/ratelimit.go:102.2,103.1 1 2
github.com/zyvorai/transiva/daemon/ratelimit/ratelimit.go:113.2,116.1 1 1
github.com/zyvorai/transiva/daemon/ratelimit/ratelimit.go:121.2,121.71 1 1
github.com/zyvorai/transiva/daemon/ratelimit/ratelimit.go:123.3,123.24 1 3
github.com/zyvorai/transiva/daemon/ratelimit/ratelimit.go:124.4,127.1 3 0
github.com/zyvorai/transiva/daemon/ratelimit/ratelimit.go:130.3,131.19 2 3
github.com/zyvorai/transiva/daemon/ratelimit/ratelimit.go:133.4,134.1 1 3
github.com/zyvorai/transiva/daemon/ratelimit/ratelimit.go:137.3,137.31 1 3
github.com/zyvorai/transiva/daemon/ratelimit/ratelimit.go:138.4,141.1 3 1
github.com/zyvorai/transiva/daemon/ratelimit/ratelimit.go:143.3,143.23 1 2
github.com/zyvorai/transiva/daemon/ratelimit/ratelimit.go:150.2,151.21 2 6
github.com/zyvorai/transiva/daemon/ratelimit/ratelimit.go:152.3,153.1 1 1
github.com/zyvorai/transiva/daemon/ratelimit/ratelimit.go:156.2,157.18 2 5
github.com/zyvorai/transiva/daemon/ratelimit/ratelimit.go:158.3,159.1 1 1
github.com/zyvorai/transiva/daemon/ratelimit/ratelimit.go:162.2,162.21 1 4
github.com/zyvorai/transiva/daemon/ratelimit/ratelimit.go:188.2,215.1 1 3
github.com/zyvorai/transiva/daemon/ratelimit/ratelimit.go:228.2,232.1 2 2
github.com/zyvorai/transiva/daemon/ratelimit/ratelimit.go:235.2,235.54 2 2
github.com/zyvorai/transiva/daemon/ratelimit/ratelimit.go:236.3,239.1 3 9
github.com/zyvorai/transiva/daemon/ratelimit/ratelimit.go:241.2,241.11 1 2
github.com/zyvorai/transiva/daemon/ratelimit/ratelimit.go:246.2,249.1 4 2
github.com/zyvorai/transiva/daemon/ratelimit/ratelimit.go:250.2,250.13 4 2
github.com/zyvorai/transiva/daemon/ratelimit/ratelimit.go:251.3,252.1 1 1
github.com/zyvorai/transiva/daemon/ratelimit/ratelimit.go:254.2,254.24 1 1
github.com/zyvorai/transiva/daemon/ratelimit/ratelimit.go:259.2,262.1 4 4
github.com/zyvorai/transiva/daemon/ratelimit/ratelimit.go:263.2,263.13 4 4
github.com/zyvorai/transiva/daemon/ratelimit/ratelimit.go:264.3,265.1 1 0
github.com/zyvorai/transiva/daemon/ratelimit/ratelimit.go:267.2,267.9 1 4
github.com/zyvorai/transiva/daemon/ratelimit/ratelimit.go:269.3,269.13 1 3
github.com/zyvorai/transiva/daemon/ratelimit/ratelimit.go:271.3,271.71 1 1
github.com/zyvorai/transiva/daemon/ratelimit/ratelimit.go:277.2,280.1 4 1
github.com/zyvorai/transiva/daemon/ratelimit/ratelimit.go:281.2,281.13 4 1
github.com/zyvorai/transiva/daemon/ratelimit/ratelimit.go:282.3,283.1 1 0
github.com/zyvorai/transiva/daemon/ratelimit/ratelimit.go:285.2,285.9 1 1
github.com/zyvorai/transiva/daemon/ratelimit/ratelimit.go:286.13,286.13 0 1
github.com/zyvorai/transiva/daemon/ratelimit/ratelimit.go:287.10,287.10 0 0
github.com/zyvorai/transiva/daemon/scheduler/advanced.go:74.2,80.1 1 0
github.com/zyvorai/transiva/daemon/scheduler/advanced.go:85.2,90.1 1 0
github.com/zyvorai/transiva/daemon/scheduler/advanced.go:95.2,95.31 1 0
github.com/zyvorai/transiva/daemon/scheduler/advanced.go:96.3,97.1 1 0
github.com/zyvorai/transiva/daemon/scheduler/advanced.go:99.2,100.28 2 0
github.com/zyvorai/transiva/daemon/scheduler/advanced.go:102.3,102.53 1 0
github.com/zyvorai/transiva/daemon/scheduler/advanced.go:104.3,104.60 1 0
github.com/zyvorai/transiva/daemon/scheduler/advanced.go:106.3,106.64 1 0
github.com/zyvorai/transiva/daemon/scheduler/advanced.go:108.3,108.26 1 0
github.com/zyvorai/transiva/daemon/scheduler/advanced.go:111.2,111.25 1 0
github.com/zyvorai/transiva/daemon/scheduler/advanced.go:112.3,113.1 1 0
github.com/zyvorai/transiva/daemon/scheduler/advanced.go:115.2,115.14 1 0
github.com/zyvorai/transiva/daemon/scheduler/advanced.go:121.2,122.16 2 0
github.com/zyvorai/transiva/daemon/scheduler/advanced.go:123.3,124.1 1 0
github.com/zyvorai/transiva/daemon/scheduler/advanced.go:127.2,128.1 4 0
github.com/zyvorai/transiva/daemon/scheduler/advanced.go:130.2,132.30 4 0
github.com/zyvorai/transiva/daemon/scheduler/advanced.go:133.3,133.24 1 0
github.com/zyvorai/transiva/daemon/scheduler/advanced.go:134.4,135.9 2 0
github.com/zyvorai/transiva/daemon/scheduler/advanced.go:138.2,138.15 1 0
github.com/zyvorai/transiva/daemon/scheduler/advanced.go:139.3,140.1 1 0
github.com/zyvorai/transiva/daemon/scheduler/advanced.go:143.2,144.16 2 0
github.com/zyvorai/transiva/daemon/scheduler/advanced.go:145.3,146.1 1 0
github.com/zyvorai/transiva/daemon/scheduler/advanced.go:148.2,149.16 2 0
github.com/zyvorai/transiva/daemon/scheduler/advanced.go:150.3,151.1 1 0
github.com/zyvorai/transiva/daemon/scheduler/advanced.go:154.2,157.1 4 0
github.com/zyvorai/transiva/daemon/scheduler/advanced.go:159.2,159.61 4 0
github.com/zyvorai/transiva/daemon/scheduler/advanced.go:164.2,164.17 1 0
github.com/zyvorai/transiva/daemon/scheduler/advanced.go:166.3,166.31 1 0
github.com/zyvorai/transiva/daemon/scheduler/advanced.go:168.3,168.31 1 0
github.com/zyvorai/transiva/daemon/scheduler/advanced.go:170.3,170.37 1 0
github.com/zyvorai/transiva/daemon/scheduler/advanced.go:172.3,172.66 1 0
github.com/zyvorai/transiva/daemon/scheduler/advanced.go:179.2,179.12 1 15
github.com/zyvorai/transiva/daemon/scheduler/advanced.go:180.3,181.1 1 8
github.com/zyvorai/transiva/daemon/scheduler/advanced.go:182.2,182.40 1 7
github.com/zyvorai/transiva/daemon/scheduler/advanced.go:186.2,188.1 3 0
github.com/zyvorai/transiva/daemon/scheduler/advanced.go:189.2,189.21 3 0
github.com/zyvorai/transiva/daemon/scheduler/advanced.go:191.3,192.10 2 0
github.com/zyvorai/transiva/daemon/scheduler/advanced.go:193.4,194.1 1 0
github.com/zyvorai/transiva/daemon/scheduler/advanced.go:195.3,195.37 1 0
github.com/zyvorai/transiva/daemon/scheduler/advanced.go:197.3,198.10 2 0
github.com/zyvorai/transiva/daemon/scheduler/advanced.go:199.4,200.1 1 0
github.com/zyvorai/transiva/daemon/scheduler/advanced.go:201.3,201.37 1 0
github.com/zyvorai/transiva/daemon/scheduler/advanced.go:203.3,203.84 1 0
github.com/zyvorai/transiva/daemon/scheduler/advanced.go:210.2,211.1 1 0
github.com/zyvorai/transiva/daemon/scheduler/advanced.go:216.2,217.1 1 0
github.com/zyvorai/transiva/daemon/scheduler/advanced.go:236.2,240.1 1 1
github.com/zyvorai/transiva/daemon/scheduler/advanced.go:245.2,249.1 3 3
github.com/zyvorai/transiva/daemon/scheduler/advanced.go:252.2,253.35 3 3
github.com/zyvorai/transiva/daemon/scheduler/advanced.go:254.3,254.49 1 3
github.com/zyvorai/transiva/daemon/scheduler/advanced.go:256.4,258.9 3 2
github.com/zyvorai/transiva/daemon/scheduler/advanced.go:262.2,262.15 1 3
github.com/zyvorai/transiva/daemon/scheduler/advanced.go:263.3,264.1 1 1
github.com/zyvorai/transiva/daemon/scheduler/advanced.go:269.2,269.23 1 1
github.com/zyvorai/transiva/daemon/scheduler/advanced.go:270.3,271.1 1 0
github.com/zyvorai/transiva/daemon/scheduler/advanced.go:274.2,274.36 1 1
github.com/zyvorai/transiva/daemon/scheduler/advanced.go:275.3,276.1 1 0
github.com/zyvorai/transiva/daemon/scheduler/advanced.go:279.2,281.1 4 1
github.com/zyvorai/transiva/daemon/scheduler/advanced.go:283.2,284.1 4 1
github.com/zyvorai/transiva/daemon/scheduler/advanced.go:285.2,285.12 4 1
github.com/zyvorai/transiva/daemon/scheduler/advanced.go:290.2,291.1 1 1
github.com/zyvorai/transiva/daemon/scheduler/advanced.go:295.2,296.1 1 1
github.com/zyvorai/transiva/daemon/scheduler/advanced.go:300.2,301.1 1 2
github.com/zyvorai/transiva/daemon/scheduler/carbon_aware.go:34.2,41.1 1 12
github.com/zyvorai/transiva/daemon/scheduler/carbon_aware.go:51.2,56.1 1 11
github.com/zyvorai/transiva/daemon/scheduler/carbon_aware.go:62.2,62.31 1 6
github.com/zyvorai/transiva/daemon/scheduler/carbon_aware.go:64.3,65.1 1 1
github.com/zyvorai/transiva/daemon/scheduler/carbon_aware.go:68.2,69.1 3 5
github.com/zyvorai/transiva/daemon/scheduler/carbon_aware.go:71.2,72.16 3 5
github.com/zyvorai/transiva/daemon/scheduler/carbon_aware.go:73.3,76.1 2 2
github.com/zyvorai/transiva/daemon/scheduler/carbon_aware.go:77.3,77.31 2 2
github.com/zyvorai/transiva/daemon/scheduler/carbon_aware.go:79.4,80.1 1 1
github.com/zyvorai/transiva/daemon/scheduler/carbon_aware.go:81.3,81.56 1 1
github.com/zyvorai/transiva/daemon/scheduler/carbon_aware.go:85.2,91.1 2 3
github.com/zyvorai/transiva/daemon/scheduler/carbon_aware.go:93.2,93.29 2 3
github.com/zyvorai/transiva/daemon/scheduler/carbon_aware.go:95.3,98.1 3 1
github.com/zyvorai/transiva/daemon/scheduler/carbon_aware.go:100.3,101.1 3 1
github.com/zyvorai/transiva/daemon/scheduler/carbon_aware.go:102.3,103.1 3 1
github.com/zyvorai/transiva/daemon/scheduler/carbon_aware.go:106.2,106.35 1 2
github.com/zyvorai/transiva/daemon/scheduler/carbon_aware.go:107.3,108.1 2 1
github.com/zyvorai/transiva/daemon/scheduler/carbon_aware.go:109.3,109.46 2 1
github.com/zyvorai/transiva/daemon/scheduler/carbon_aware.go:111.4,115.1 2 1
github.com/zyvorai/transiva/daemon/scheduler/carbon_aware.go:117.4,118.1 2 1
github.com/zyvorai/transiva/daemon/scheduler/carbon_aware.go:120.3,123.30 1 0
github.com/zyvorai/transiva/daemon/scheduler/carbon_aware.go:127.2,130.1 3 1
github.com/zyvorai/transiva/daemon/scheduler/carbon_aware.go:131.2,132.48 3 1
github.com/zyvorai/transiva/daemon/scheduler/carbon_aware.go:138.2,138.23 1 6
github.com/zyvorai/transiva/daemon/scheduler/carbon_aware.go:139.3,140.1 1 1
github.com/zyvorai/transiva/daemon/scheduler/carbon_aware.go:143.2,143.25 1 5
github.com/zyvorai/transiva/daemon/scheduler/carbon_aware.go:144.3,144.65 1 5
github.com/zyvorai/transiva/daemon/scheduler/carbon_aware.go:145.4,146.1 1 5
github.com/zyvorai/transiva/daemon/scheduler/carbon_aware.go:150.2,150.14 1 0
github.com/zyvorai/transiva/daemon/scheduler/carbon_aware.go:155.2,160.1 2 6
github.com/zyvorai/transiva/daemon/scheduler/carbon_aware.go:163.2,163.25 2 6
github.com/zyvorai/transiva/daemon/scheduler/carbon_aware.go:164.3,164.77 1 6
github.com/zyvorai/transiva/daemon/scheduler/carbon_aware.go:165.4,166.1 1 1
github.com/zyvorai/transiva/daemon/scheduler/carbon_aware.go:167.3,167.75 1 6
github.com/zyvorai/transiva/daemon/scheduler/carbon_aware.go:168.4,169.1 1 1
github.com/zyvorai/transiva/daemon/scheduler/carbon_aware.go:170.3,170.59 1 6
github.com/zyvorai/transiva/daemon/scheduler/carbon_aware.go:171.4,172.1 1 4
github.com/zyvorai/transiva/daemon/scheduler/carbon_aware.go:175.2,175.17 1 6
github.com/zyvorai/transiva/daemon/scheduler/carbon_aware.go:183.2,183.21 1 3
github.com/zyvorai/transiva/daemon/scheduler/carbon_aware.go:184.3,185.1 1 1
github.com/zyvorai/transiva/daemon/scheduler/carbon_aware.go:187.2,191.1 5 3
github.com/zyvorai/transiva/daemon/scheduler/carbon_aware.go:192.2,192.17 5 3
github.com/zyvorai/transiva/daemon/scheduler/carbon_aware.go:201.2,202.1 4 1
github.com/zyvorai/transiva/daemon/scheduler/carbon_aware.go:203.2,208.1 4 1
github.com/zyvorai/transiva/daemon/scheduler/carbon_aware.go:210.2,211.1 4 1
github.com/zyvorai/transiva/daemon/scheduler/carbon_aware.go:213.2,213.25 4 1
github.com/zyvorai/transiva/daemon/scheduler/carbon_aware.go:214.3,215.1 1 0
github.com/zyvorai/transiva/daemon/scheduler/carbon_aware.go:216.2,220.1 5 1
github.com/zyvorai/transiva/daemon/scheduler/carbon_aware.go:222.2,222.12 5 1
github.com/zyvorai/transiva/daemon/scheduler/carbon_aware.go:223.3,226.1 5 1
github.com/zyvorai/transiva/daemon/scheduler/carbon_aware.go:227.3,228.1 5 1
github.com/zyvorai/transiva/daemon/scheduler/carbon_aware.go:229.3,232.1 5 0
github.com/zyvorai/transiva/daemon/scheduler/carbon_aware.go:234.3,235.17 5 0
github.com/zyvorai/transiva/daemon/scheduler/carbon_aware.go:236.4,238.1 1 0
github.com/zyvorai/transiva/daemon/scheduler/carbon_aware.go:239.4,243.1 2 0
github.com/zyvorai/transiva/daemon/scheduler/carbon_aware.go:246.3,247.17 2 0
github.com/zyvorai/transiva/daemon/scheduler/carbon_aware.go:248.4,252.1 2 0
github.com/zyvorai/transiva/daemon/scheduler/carbon_aware.go:254.3,256.20 1 0
github.com/zyvorai/transiva/daemon/scheduler/carbon_aware.go:259.2,259.24 1 1
github.com/zyvorai/transiva/daemon/scheduler/carbon_aware.go:264.2,264.29 1 1
github.com/zyvorai/transiva/daemon/scheduler/carbon_aware.go:265.3,266.1 1 0
github.com/zyvorai/transiva/daemon/scheduler/carbon_aware.go:268.2,268.56 1 1
github.com/zyvorai/transiva/daemon/scheduler/carbon_aware.go:280.2,281.16 2 1
github.com/zyvorai/transiva/daemon/scheduler/carbon_aware.go:282.3,283.1 1 0
github.com/zyvorai/transiva/daemon/scheduler/carbon_aware.go:285.2,293.1 2 1
github.com/zyvorai/transiva/daemon/scheduler/carbon_aware.go:294.2,294.20 2 1
github.com/zyvorai/transiva/daemon/scheduler/carbon_aware.go:304.2,305.16 2 1
github.com/zyvorai/transiva/daemon/scheduler/carbon_aware.go:306.3,307.1 1 0
github.com/zyvorai/transiva/daemon/scheduler/carbon_aware.go:310.2,311.16 2 1
github.com/zyvorai/transiva/daemon/scheduler/carbon_aware.go:312.3,313.1 1 0
github.com/zyvorai/transiva/daemon/scheduler/carbon_aware.go:316.2,318.29 3 1
github.com/zyvorai/transiva/daemon/scheduler/carbon_aware.go:319.3,319.40 1 4
github.com/zyvorai/transiva/daemon/scheduler/carbon_aware.go:320.4,322.1 2 2
github.com/zyvorai/transiva/daemon/scheduler/carbon_aware.go:326.2,330.1 6 1
github.com/zyvorai/transiva/daemon/scheduler/carbon_aware.go:331.2,340.1 6 1
github.com/zyvorai/transiva/daemon/scheduler/carbon_aware.go:342.2,342.17 6 1
github.com/zyvorai/transiva/daemon/scheduler/carbon_aware.go:343.3,350.1 2 1
github.com/zyvorai/transiva/daemon/scheduler/carbon_aware.go:351.3,352.1 1 0
github.com/zyvorai/transiva/daemon/scheduler/carbon_aware.go:354.2,354.20 1 1
github.com/zyvorai/transiva/daemon/scheduler/dependencies.go:46.2,50.1 1 0
github.com/zyvorai/transiva/daemon/scheduler/dependencies.go:55.2,58.1 3 0
github.com/zyvorai/transiva/daemon/scheduler/dependencies.go:62.2,62.73 1 0
github.com/zyvorai/transiva/daemon/scheduler/dependencies.go:63.3,64.1 1 0
github.com/zyvorai/transiva/daemon/scheduler/dependencies.go:66.2,68.1 3 0
github.com/zyvorai/transiva/daemon/scheduler/dependencies.go:69.2,69.51 3 0
github.com/zyvorai/transiva/daemon/scheduler/dependencies.go:70.3,71.1 2 0
github.com/zyvorai/transiva/daemon/scheduler/dependencies.go:72.3,72.14 2 0
github.com/zyvorai/transiva/daemon/scheduler/dependencies.go:73.4,74.1 1 0
github.com/zyvorai/transiva/daemon/scheduler/dependencies.go:77.3,77.28 1 0
github.com/zyvorai/transiva/daemon/scheduler/dependencies.go:79.4,79.34 1 0
github.com/zyvorai/transiva/daemon/scheduler/dependencies.go:80.5,81.1 1 0
github.com/zyvorai/transiva/daemon/scheduler/dependencies.go:83.4,83.31 1 0
github.com/zyvorai/transiva/daemon/scheduler/dependencies.go:84.5,85.1 1 0
github.com/zyvorai/transiva/daemon/scheduler/dependencies.go:87.4,87.61 1 0
github.com/zyvorai/transiva/daemon/scheduler/dependencies.go:88.5,89.1 1 0
github.com/zyvorai/transiva/daemon/scheduler/dependencies.go:91.4,91.78 1 0
github.com/zyvorai/transiva/daemon/scheduler/dependencies.go:95.3,95.22 1 0
github.com/zyvorai/transiva/daemon/scheduler/dependencies.go:96.4,97.56 2 0
github.com/zyvorai/transiva/daemon/scheduler/dependencies.go:98.5,99.1 1 0
github.com/zyvorai/transiva/daemon/scheduler/dependencies.go:103.2,103.17 1 0
github.com/zyvorai/transiva/daemon/scheduler/dependencies.go:108.2,108.73 1 0
github.com/zyvorai/transiva/daemon/scheduler/dependencies.go:109.3,110.1 1 0
github.com/zyvorai/transiva/daemon/scheduler/dependencies.go:112.2,115.1 5 0
github.com/zyvorai/transiva/daemon/scheduler/dependencies.go:117.2,125.1 5 0
github.com/zyvorai/transiva/daemon/scheduler/dependencies.go:127.2,127.51 5 0
github.com/zyvorai/transiva/daemon/scheduler/dependencies.go:128.3,129.1 1 0
github.com/zyvorai/transiva/daemon/scheduler/dependencies.go:130.2,131.1 5 0
github.com/zyvorai/transiva/daemon/scheduler/dependencies.go:133.2,136.1 5 0
github.com/zyvorai/transiva/daemon/scheduler/dependencies.go:137.2,137.6 5 0
github.com/zyvorai/transiva/daemon/scheduler/dependencies.go:138.3,138.10 1 0
github.com/zyvorai/transiva/daemon/scheduler/dependencies.go:140.4,141.20 2 0
github.com/zyvorai/transiva/daemon/scheduler/dependencies.go:144.4,145.14 2 0
github.com/zyvorai/transiva/daemon/scheduler/dependencies.go:148.4,149.17 2 0
github.com/zyvorai/transiva/daemon/scheduler/dependencies.go:150.5,153.1 3 0
github.com/zyvorai/transiva/daemon/scheduler/dependencies.go:156.4,156.53 1 0
github.com/zyvorai/transiva/daemon/scheduler/dependencies.go:157.5,157.24 1 0
github.com/zyvorai/transiva/daemon/scheduler/dependencies.go:158.6,159.58 2 0
github.com/zyvorai/transiva/daemon/scheduler/dependencies.go:160.7,162.1 2 0
github.com/zyvorai/transiva/daemon/scheduler/dependencies.go:171.2,173.1 4 0
github.com/zyvorai/transiva/daemon/scheduler/dependencies.go:174.2,178.1 4 0
github.com/zyvorai/transiva/daemon/scheduler/dependencies.go:179.2,179.16 4 0
github.com/zyvorai/transiva/daemon/scheduler/dependencies.go:180.3,181.1 1 0
github.com/zyvorai/transiva/daemon/scheduler/dependencies.go:183.2,184.1 3 0
github.com/zyvorai/transiva/daemon/scheduler/dependencies.go:185.2,189.1 3 0
github.com/zyvorai/transiva/daemon/scheduler/dependencies.go:191.2,191.29 3 0
github.com/zyvorai/transiva/daemon/scheduler/dependencies.go:192.3,193.1 1 0
github.com/zyvorai/transiva/daemon/scheduler/dependencies.go:196.2,196.58 1 0
github.com/zyvorai/transiva/daemon/scheduler/dependencies.go:197.3,200.1 2 0
github.com/zyvorai/transiva/daemon/scheduler/dependencies.go:201.3,201.39 2 0
github.com/zyvorai/transiva/daemon/scheduler/dependencies.go:203.4,204.17 2 0
github.com/zyvorai/transiva/daemon/scheduler/dependencies.go:205.5,208.1 2 0
github.com/zyvorai/transiva/daemon/scheduler/dependencies.go:215.2,215.73 1 0
github.com/zyvorai/transiva/daemon/scheduler/dependencies.go:216.3,217.1 1 0
github.com/zyvorai/transiva/daemon/scheduler/dependencies.go:219.2,219.51 1 0
github.com/zyvorai/transiva/daemon/scheduler/dependencies.go:220.3,221.1 2 0
github.com/zyvorai/transiva/daemon/scheduler/dependencies.go:222.3,222.14 2 0
github.com/zyvorai/transiva/daemon/scheduler/dependencies.go:223.4,224.1 1 0
github.com/zyvorai/transiva/daemon/scheduler/dependencies.go:226.3,226.28 1 0
github.com/zyvorai/transiva/daemon/scheduler/dependencies.go:228.4,228.34 1 0
github.com/zyvorai/transiva/daemon/scheduler/dependencies.go:229.5,230.1 1 0
github.com/zyvorai/transiva/daemon/scheduler/dependencies.go:232.4,232.31 1 0
github.com/zyvorai/transiva/daemon/scheduler/dependencies.go:233.5,234.1 1 0
github.com/zyvorai/transiva/daemon/scheduler/dependencies.go:236.4,236.61 1 0
github.com/zyvorai/transiva/daemon/scheduler/dependencies.go:237.5,238.1 1 0
github.com/zyvorai/transiva/daemon/scheduler/dependencies.go:241.3,241.22 1 0
github.com/zyvorai/transiva/daemon/scheduler/dependencies.go:242.4,243.56 2 0
github.com/zyvorai/transiva/daemon/scheduler/dependencies.go:244.5,245.1 1 0
github.com/zyvorai/transiva/daemon/scheduler/dependencies.go:249.2,249.17 1 0
github.com/zyvorai/transiva/daemon/scheduler/dependencies.go:254.2,256.1 3 0
github.com/zyvorai/transiva/daemon/scheduler/dependencies.go:257.2,257.49 3 0
github.com/zyvorai/transiva/daemon/scheduler/dependencies.go:258.3,259.39 2 0
github.com/zyvorai/transiva/daemon/scheduler/dependencies.go:260.4,260.31 1 0
github.com/zyvorai/transiva/daemon/scheduler/dependencies.go:261.5,262.1 1 0
github.com/zyvorai/transiva/daemon/scheduler/dependencies.go:264.3,264.23 1 0
github.com/zyvorai/transiva/daemon/scheduler/dependencies.go:265.4,266.1 1 0
github.com/zyvorai/transiva/daemon/scheduler/dependencies.go:267.4,268.1 1 0
github.com/zyvorai/transiva/daemon/scheduler/dependencies.go:274.2,276.1 4 0
github.com/zyvorai/transiva/daemon/scheduler/dependencies.go:277.2,279.1 4 0
github.com/zyvorai/transiva/daemon/scheduler/dependencies.go:283.2,285.1 3 0
github.com/zyvorai/transiva/daemon/scheduler/dependencies.go:286.2,287.1 3 0
github.com/zyvorai/transiva/daemon/scheduler/dependencies.go:291.2,293.1 4 0
github.com/zyvorai/transiva/daemon/scheduler/dependencies.go:294.2,295.35 4 0
github.com/zyvorai/transiva/daemon/scheduler/dependencies.go:296.3,297.1 1 0
github.com/zyvorai/transiva/daemon/scheduler/dependencies.go:298.2,298.15 1 0
github.com/zyvorai/transiva/daemon/scheduler/dependencies.go:303.2,305.1 4 0
github.com/zyvorai/transiva/daemon/scheduler/dependencies.go:306.2,307.41 4 0
github.com/zyvorai/transiva/daemon/scheduler/dependencies.go:308.3,308.39 1 0
github.com/zyvorai/transiva/daemon/scheduler/dependencies.go:309.4,311.1 2 0
github.com/zyvorai/transiva/daemon/scheduler/retry.go:50.2,53.1 1 3
github.com/zyvorai/transiva/daemon/scheduler/retry.go:58.2,61.1 3 0
github.com/zyvorai/transiva/daemon/scheduler/retry.go:65.2,65.72 1 0
github.com/zyvorai/transiva/daemon/scheduler/retry.go:66.3,67.1 1 0
github.com/zyvorai/transiva/daemon/scheduler/retry.go:69.2,70.1 6 0
github.com/zyvorai/transiva/daemon/scheduler/retry.go:72.2,75.1 6 0
github.com/zyvorai/transiva/daemon/scheduler/retry.go:76.2,77.12 6 0
github.com/zyvorai/transiva/daemon/scheduler/retry.go:78.3,79.1 1 0
github.com/zyvorai/transiva/daemon/scheduler/retry.go:81.2,81.42 1 0
github.com/zyvorai/transiva/daemon/scheduler/retry.go:82.3,87.1 2 0
github.com/zyvorai/transiva/daemon/scheduler/retry.go:90.2,90.35 1 0
github.com/zyvorai/transiva/daemon/scheduler/retry.go:91.3,93.48 3 0
github.com/zyvorai/transiva/daemon/scheduler/retry.go:94.4,94.43 1 0
github.com/zyvorai/transiva/daemon/scheduler/retry.go:95.5,96.10 2 0
github.com/zyvorai/transiva/daemon/scheduler/retry.go:99.3,99.18 1 0
github.com/zyvorai/transiva/daemon/scheduler/retry.go:100.4,104.1 2 0
github.com/zyvorai/transiva/daemon/scheduler/retry.go:107.2,107.13 1 0
github.com/zyvorai/transiva/daemon/scheduler/retry.go:112.2,112.31 1 0
github.com/zyvorai/transiva/daemon/scheduler/retry.go:113.3,114.1 1 0
github.com/zyvorai/transiva/daemon/scheduler/retry.go:116.2,117.1 5 0
github.com/zyvorai/transiva/daemon/scheduler/retry.go:118.2,120.1 5 0
github.com/zyvorai/transiva/daemon/scheduler/retry.go:122.2,123.13 5 0
github.com/zyvorai/transiva/daemon/scheduler/retry.go:124.3,130.1 2 0
github.com/zyvorai/transiva/daemon/scheduler/retry.go:131.3,132.1 2 0
github.com/zyvorai/transiva/daemon/scheduler/retry.go:135.2,137.1 9 0
github.com/zyvorai/transiva/daemon/scheduler/retry.go:139.2,142.1 9 0
github.com/zyvorai/transiva/daemon/scheduler/retry.go:144.2,149.1 9 0
github.com/zyvorai/transiva/daemon/scheduler/retry.go:150.2,151.1 9 0
github.com/zyvorai/transiva/daemon/scheduler/retry.go:152.2,158.1 9 0
github.com/zyvorai/transiva/daemon/scheduler/retry.go:160.2,160.24 9 0
github.com/zyvorai/transiva/daemon/scheduler/retry.go:161.3,162.1 1 0
github.com/zyvorai/transiva/daemon/scheduler/retry.go:165.2,166.1 2 0
github.com/zyvorai/transiva/daemon/scheduler/retry.go:167.2,167.12 2 0
github.com/zyvorai/transiva/daemon/scheduler/retry.go:172.2,174.1 3 0
github.com/zyvorai/transiva/daemon/scheduler/retry.go:175.2,175.9 3 0
github.com/zyvorai/transiva/daemon/scheduler/retry.go:177.3,178.9 2 0
github.com/zyvorai/transiva/daemon/scheduler/retry.go:180.3,181.1 3 0
github.com/zyvorai/transiva/daemon/scheduler/retry.go:183.3,184.17 3 0
github.com/zyvorai/transiva/daemon/scheduler/retry.go:185.4,188.1 2 0
github.com/zyvorai/transiva/daemon/scheduler/retry.go:190.4,190.32 2 0
github.com/zyvorai/transiva/daemon/scheduler/retry.go:191.5,191.85 1 0
github.com/zyvorai/transiva/daemon/scheduler/retry.go:192.6,193.1 1 0
github.com/zyvorai/transiva/daemon/scheduler/retry.go:195.5,197.1 2 0
github.com/zyvorai/transiva/daemon/scheduler/retry.go:199.4,201.1 2 0
github.com/zyvorai/transiva/daemon/scheduler/retry.go:207.2,209.1 4 3
github.com/zyvorai/transiva/daemon/scheduler/retry.go:210.2,211.32 4 3
github.com/zyvorai/transiva/daemon/scheduler/retry.go:213.3,213.48 1 1
github.com/zyvorai/transiva/daemon/scheduler/retry.go:215.3,215.57 1 1
github.com/zyvorai/transiva/daemon/scheduler/retry.go:217.3,217.61 1 1
github.com/zyvorai/transiva/daemon/scheduler/retry.go:219.3,219.23 1 0
github.com/zyvorai/transiva/daemon/scheduler/retry.go:222.2,222.22 1 3
github.com/zyvorai/transiva/daemon/scheduler/retry.go:223.3,224.1 1 0
github.com/zyvorai/transiva/daemon/scheduler/retry.go:226.2,226.14 1 3
github.com/zyvorai/transiva/daemon/scheduler/retry.go:233.2,235.1 4 0
github.com/zyvorai/transiva/daemon/scheduler/retry.go:236.2,238.1 4 0
github.com/zyvorai/transiva/daemon/scheduler/retry.go:242.2,244.1 4 0
github.com/zyvorai/transiva/daemon/scheduler/retry.go:245.2,247.1 4 0
github.com/zyvorai/transiva/daemon/scheduler/retry.go:251.2,253.1 4 0
github.com/zyvorai/transiva/daemon/scheduler/retry.go:254.2,255.37 4 0
github.com/zyvorai/transiva/daemon/scheduler/retry.go:256.3,257.1 1 0
github.com/zyvorai/transiva/daemon/scheduler/retry.go:258.2,258.15 1 0
github.com/zyvorai/transiva/daemon/scheduler/retry.go:263.2,265.1 4 0
github.com/zyvorai/transiva/daemon/scheduler/retry.go:266.2,267.47 4 0
github.com/zyvorai/transiva/daemon/scheduler/retry.go:268.3,268.36 1 0
github.com/zyvorai/transiva/daemon/scheduler/retry.go:269.4,270.42 2 0
github.com/zyvorai/transiva/daemon/scheduler/retry.go:271.5,273.1 2 0
github.com/zyvorai/transiva/daemon/scheduler/retry.go:280.2,282.1 5 0
github.com/zyvorai/transiva/daemon/scheduler/retry.go:283.2,288.1 5 0
github.com/zyvorai/transiva/daemon/scheduler/retry.go:290.2,291.43 5 0
github.com/zyvorai/transiva/daemon/scheduler/retry.go:292.3,294.1 3 0
github.com/zyvorai/transiva/daemon/scheduler/retry.go:295.3,295.45 3 0
github.com/zyvorai/transiva/daemon/scheduler/retry.go:296.4,297.1 1 0
github.com/zyvorai/transiva/daemon/scheduler/retry.go:300.2,300.28 1 0
github.com/zyvorai/transiva/daemon/scheduler/retry.go:301.3,302.1 1 0
github.com/zyvorai/transiva/daemon/scheduler/retry.go:304.2,305.1 2 0
github.com/zyvorai/transiva/daemon/scheduler/retry.go:306.2,306.14 2 0
github.com/zyvorai/transiva/daemon/scheduler/scheduler.go:43.2,50.1 1 43
github.com/zyvorai/transiva/daemon/scheduler/scheduler.go:55.2,58.18 4 9
github.com/zyvorai/transiva/daemon/scheduler/scheduler.go:59.3,60.1 1 9
github.com/zyvorai/transiva/daemon/scheduler/scheduler.go:65.2,67.1 2 21
github.com/zyvorai/transiva/daemon/scheduler/scheduler.go:71.2,71.20 1 5
github.com/zyvorai/transiva/daemon/scheduler/scheduler.go:72.3,74.1 2 1
github.com/zyvorai/transiva/daemon/scheduler/scheduler.go:76.2,77.1 3 4
github.com/zyvorai/transiva/daemon/scheduler/scheduler.go:78.2,79.16 3 4
github.com/zyvorai/transiva/daemon/scheduler/scheduler.go:80.3,81.1 1 1
github.com/zyvorai/transiva/daemon/scheduler/scheduler.go:83.2,85.1 4 3
github.com/zyvorai/transiva/daemon/scheduler/scheduler.go:86.2,87.31 4 3
github.com/zyvorai/transiva/daemon/scheduler/scheduler.go:88.3,89.1 2 6
github.com/zyvorai/transiva/daemon/scheduler/scheduler.go:91.3,91.17 2 6
github.com/zyvorai/transiva/daemon/scheduler/scheduler.go:92.4,93.18 2 4
github.com/zyvorai/transiva/daemon/scheduler/scheduler.go:94.5,99.13 3 0
github.com/zyvorai/transiva/daemon/scheduler/scheduler.go:101.4,102.1 4 4
github.com/zyvorai/transiva/daemon/scheduler/scheduler.go:104.4,106.1 4 4
github.com/zyvorai/transiva/daemon/scheduler/scheduler.go:107.4,107.14 4 4
github.com/zyvorai/transiva/daemon/scheduler/scheduler.go:111.2,115.1 2 3
github.com/zyvorai/transiva/daemon/scheduler/scheduler.go:116.2,116.12 2 3
github.com/zyvorai/transiva/daemon/scheduler/scheduler.go:121.2,124.1 3 21
github.com/zyvorai/transiva/daemon/scheduler/scheduler.go:128.2,130.1 3 35
github.com/zyvorai/transiva/daemon/scheduler/scheduler.go:132.2,132.50 3 35
github.com/zyvorai/transiva/daemon/scheduler/scheduler.go:132.51,132.51 0 0
github.com/zyvorai/transiva/daemon/scheduler/scheduler.go:133.3,134.1 1 2
github.com/zyvorai/transiva/daemon/scheduler/scheduler.go:137.2,139.1 3 33
github.com/zyvorai/transiva/daemon/scheduler/scheduler.go:141.2,141.16 3 33
github.com/zyvorai/transiva/daemon/scheduler/scheduler.go:142.3,143.17 2 27
github.com/zyvorai/transiva/daemon/scheduler/scheduler.go:144.4,145.1 1 0
github.com/zyvorai/transiva/daemon/scheduler/scheduler.go:146.3,147.1 3 27
github.com/zyvorai/transiva/daemon/scheduler/scheduler.go:149.3,150.26 3 27
github.com/zyvorai/transiva/daemon/scheduler/scheduler.go:153.2,159.1 3 33
github.com/zyvorai/transiva/daemon/scheduler/scheduler.go:161.2,161.20 3 33
github.com/zyvorai/transiva/daemon/scheduler/scheduler.go:162.3,162.50 1 7
github.com/zyvorai/transiva/daemon/scheduler/scheduler.go:163.4,164.1 1 0
github.com/zyvorai/transiva/daemon/scheduler/scheduler.go:168.2,168.12 1 33
github.com/zyvorai/transiva/daemon/scheduler/scheduler.go:173.2,175.1 4 3
github.com/zyvorai/transiva/daemon/scheduler/scheduler.go:176.2,177.13 4 3
github.com/zyvorai/transiva/daemon/scheduler/scheduler.go:178.3,179.1 1 1
github.com/zyvorai/transiva/daemon/scheduler/scheduler.go:182.2,182.16 1 2
github.com/zyvorai/transiva/daemon/scheduler/scheduler.go:183.3,184.1 1 2
github.com/zyvorai/transiva/daemon/scheduler/scheduler.go:186.2,188.1 3 2
github.com/zyvorai/transiva/daemon/scheduler/scheduler.go:190.2,190.20 3 2
github.com/zyvorai/transiva/daemon/scheduler/scheduler.go:191.3,191.52 1 1
github.com/zyvorai/transiva/daemon/scheduler/scheduler.go:192.4,193.1 1 0
github.com/zyvorai/transiva/daemon/scheduler/scheduler.go:197.2,197.12 1 2
github.com/zyvorai/transiva/daemon/scheduler/scheduler.go:202.2,204.1 4 3
github.com/zyvorai/transiva/daemon/scheduler/scheduler.go:205.2,206.13 4 3
github.com/zyvorai/transiva/daemon/scheduler/scheduler.go:207.3,208.1 1 1
github.com/zyvorai/transiva/daemon/scheduler/scheduler.go:211.2,211.16 1 2
github.com/zyvorai/transiva/daemon/scheduler/scheduler.go:212.3,213.1 1 2
github.com/zyvorai/transiva/daemon/scheduler/scheduler.go:216.2,216.24 1 2
github.com/zyvorai/transiva/daemon/scheduler/scheduler.go:217.3,218.1 1 2
github.com/zyvorai/transiva/daemon/scheduler/scheduler.go:219.2,219.31 1 2
github.com/zyvorai/transiva/daemon/scheduler/scheduler.go:220.3,221.1 1 1
github.com/zyvorai/transiva/daemon/scheduler/scheduler.go:222.2,222.28 1 2
github.com/zyvorai/transiva/daemon/scheduler/scheduler.go:223.3,224.1 1 2
github.com/zyvorai/transiva/daemon/scheduler/scheduler.go:225.2,225.38 1 2
github.com/zyvorai/transiva/daemon/scheduler/scheduler.go:226.3,227.1 1 0
github.com/zyvorai/transiva/daemon/scheduler/scheduler.go:228.2,228.25 1 2
github.com/zyvorai/transiva/daemon/scheduler/scheduler.go:229.3,230.1 1 0
github.com/zyvorai/transiva/daemon/scheduler/scheduler.go:232.2,234.1 3 2
github.com/zyvorai/transiva/daemon/scheduler/scheduler.go:236.2,236.16 3 2
github.com/zyvorai/transiva/daemon/scheduler/scheduler.go:237.3,238.17 2 1
github.com/zyvorai/transiva/daemon/scheduler/scheduler.go:239.4,240.1 1 0
github.com/zyvorai/transiva/daemon/scheduler/scheduler.go:241.3,242.1 3 1
github.com/zyvorai/transiva/daemon/scheduler/scheduler.go:244.3,245.26 3 1
github.com/zyvorai/transiva/daemon/scheduler/scheduler.go:248.2,249.1 2 2
github.com/zyvorai/transiva/daemon/scheduler/scheduler.go:251.2,251.20 2 2
github.com/zyvorai/transiva/daemon/scheduler/scheduler.go:252.3,252.52 1 1
github.com/zyvorai/transiva/daemon/scheduler/scheduler.go:253.4,254.1 1 0
github.com/zyvorai/transiva/daemon/scheduler/scheduler.go:258.2,258.12 1 2
github.com/zyvorai/transiva/daemon/scheduler/scheduler.go:263.2,265.1 4 10
github.com/zyvorai/transiva/daemon/scheduler/scheduler.go:266.2,267.13 4 10
github.com/zyvorai/transiva/daemon/scheduler/scheduler.go:268.3,269.1 1 2
github.com/zyvorai/transiva/daemon/scheduler/scheduler.go:271.2,271.16 1 8
github.com/zyvorai/transiva/daemon/scheduler/scheduler.go:276.2,278.1 4 5
github.com/zyvorai/transiva/daemon/scheduler/scheduler.go:279.2,280.28 4 5
github.com/zyvorai/transiva/daemon/scheduler/scheduler.go:282.3,282.17 1 19
github.com/zyvorai/transiva/daemon/scheduler/scheduler.go:283.4,285.1 2 16
github.com/zyvorai/transiva/daemon/scheduler/scheduler.go:286.3,286.26 1 19
github.com/zyvorai/transiva/daemon/scheduler/scheduler.go:289.2,289.13 1 5
github.com/zyvorai/transiva/daemon/scheduler/scheduler.go:294.2,296.1 4 2
github.com/zyvorai/transiva/daemon/scheduler/scheduler.go:297.2,298.13 4 2
github.com/zyvorai/transiva/daemon/scheduler/scheduler.go:299.3,300.1 1 0
github.com/zyvorai/transiva/daemon/scheduler/scheduler.go:302.2,302.16 1 2
github.com/zyvorai/transiva/daemon/scheduler/scheduler.go:303.3,304.1 1 1
github.com/zyvorai/transiva/daemon/scheduler/scheduler.go:307.2,308.16 2 1
github.com/zyvorai/transiva/daemon/scheduler/scheduler.go:309.3,310.1 1 0
github.com/zyvorai/transiva/daemon/scheduler/scheduler.go:312.2,315.1 7 1
github.com/zyvorai/transiva/daemon/scheduler/scheduler.go:317.2,319.1 7 1
github.com/zyvorai/transiva/daemon/scheduler/scheduler.go:320.2,321.1 7 1
github.com/zyvorai/transiva/daemon/scheduler/scheduler.go:322.2,322.12 7 1
github.com/zyvorai/transiva/daemon/scheduler/scheduler.go:327.2,329.1 4 2
github.com/zyvorai/transiva/daemon/scheduler/scheduler.go:330.2,331.13 4 2
github.com/zyvorai/transiva/daemon/scheduler/scheduler.go:332.3,333.1 1 0
github.com/zyvorai/transiva/daemon/scheduler/scheduler.go:335.2,335.17 1 2
github.com/zyvorai/transiva/daemon/scheduler/scheduler.go:336.3,337.1 1 1
github.com/zyvorai/transiva/daemon/scheduler/scheduler.go:340.2,343.1 5 1
github.com/zyvorai/transiva/daemon/scheduler/scheduler.go:344.2,345.1 5 1
github.com/zyvorai/transiva/daemon/scheduler/scheduler.go:346.2,346.12 5 1
github.com/zyvorai/transiva/daemon/scheduler/scheduler.go:351.2,354.1 4 2
github.com/zyvorai/transiva/daemon/scheduler/scheduler.go:355.2,355.13 4 2
github.com/zyvorai/transiva/daemon/scheduler/scheduler.go:356.3,357.1 1 1
github.com/zyvorai/transiva/daemon/scheduler/scheduler.go:359.2,360.1 3 1
github.com/zyvorai/transiva/daemon/scheduler/scheduler.go:362.2,363.1 3 1
github.com/zyvorai/transiva/daemon/scheduler/scheduler.go:364.2,364.12 3 1
github.com/zyvorai/transiva/daemon/scheduler/scheduler.go:369.2,369.16 1 33
github.com/zyvorai/transiva/daemon/scheduler/scheduler.go:370.3,371.1 1 0
github.com/zyvorai/transiva/daemon/scheduler/scheduler.go:376.2,380.1 6 1
github.com/zyvorai/transiva/daemon/scheduler/scheduler.go:382.2,385.1 6 1
github.com/zyvorai/transiva/daemon/scheduler/scheduler.go:387.2,388.16 6 1
github.com/zyvorai/transiva/daemon/scheduler/scheduler.go:389.3,394.1 2 0
github.com/zyvorai/transiva/daemon/scheduler/scheduler.go:396.2,399.1 9 1
github.com/zyvorai/transiva/daemon/scheduler/scheduler.go:401.2,406.1 9 1
github.com/zyvorai/transiva/daemon/scheduler/scheduler.go:408.2,410.1 9 1
github.com/zyvorai/transiva/daemon/scheduler/scheduler.go:411.2,411.18 9 1
github.com/zyvorai/transiva/daemon/scheduler/scheduler.go:412.3,412.50 1 0
github.com/zyvorai/transiva/daemon/scheduler/scheduler.go:413.4,416.1 1 0
github.com/zyvorai/transiva/daemon/scheduler/scheduler.go:419.2,422.27 1 1
github.com/zyvorai/transiva/daemon/scheduler/scheduler.go:427.2,429.1 4 2
github.com/zyvorai/transiva/daemon/scheduler/scheduler.go:430.2,434.1 4 2
github.com/zyvorai/transiva/daemon/scheduler/scheduler.go:436.2,436.28 4 2
github.com/zyvorai/transiva/daemon/scheduler/scheduler.go:437.3,437.17 1 3
github.com/zyvorai/transiva/daemon/scheduler/scheduler.go:438.4,440.1 3 2
github.com/zyvorai/transiva/daemon/scheduler/scheduler.go:441.4,441.73 3 2
github.com/zyvorai/transiva/daemon/scheduler/scheduler.go:442.5,443.1 1 1
github.com/zyvorai/transiva/daemon/scheduler/scheduler.go:447.2,447.14 1 2
github.com/zyvorai/transiva/daemon/scheduler/timewindow.go:20.2,22.1 1 1
github.com/zyvorai/transiva/daemon/scheduler/timewindow.go:27.2,27.75 1 0
github.com/zyvorai/transiva/daemon/scheduler/timewindow.go:28.3,29.1 1 0
github.com/zyvorai/transiva/daemon/scheduler/timewindow.go:31.2,32.1 2 0
github.com/zyvorai/transiva/daemon/scheduler/timewindow.go:33.2,33.56 2 0
github.com/zyvorai/transiva/daemon/scheduler/timewindow.go:34.3,35.17 2 0
github.com/zyvorai/transiva/daemon/scheduler/timewindow.go:36.4,40.12 2 0
github.com/zyvorai/transiva/daemon/scheduler/timewindow.go:43.3,43.15 1 0
github.com/zyvorai/transiva/daemon/scheduler/timewindow.go:44.4,45.1 1 0
github.com/zyvorai/transiva/daemon/scheduler/timewindow.go:49.2,50.23 2 0
github.com/zyvorai/transiva/daemon/scheduler/timewindow.go:51.3,52.1 1 0
github.com/zyvorai/transiva/daemon/scheduler/timewindow.go:54.2,54.42 1 0
github.com/zyvorai/transiva/daemon/scheduler/timewindow.go:60.2,61.16 2 3
github.com/zyvorai/transiva/daemon/scheduler/timewindow.go:62.3,63.1 1 0
github.com/zyvorai/transiva/daemon/scheduler/timewindow.go:66.2,67.1 4 3
github.com/zyvorai/transiva/daemon/scheduler/timewindow.go:69.2,71.34 4 3
github.com/zyvorai/transiva/daemon/scheduler/timewindow.go:72.3,72.24 1 7
github.com/zyvorai/transiva/daemon/scheduler/timewindow.go:73.4,74.9 2 2
github.com/zyvorai/transiva/daemon/scheduler/timewindow.go:78.2,78.15 1 3
github.com/zyvorai/transiva/daemon/scheduler/timewindow.go:79.3,80.1 1 1
github.com/zyvorai/transiva/daemon/scheduler/timewindow.go:83.2,84.16 2 2
github.com/zyvorai/transiva/daemon/scheduler/timewindow.go:85.3,86.1 1 0
github.com/zyvorai/transiva/daemon/scheduler/timewindow.go:88.2,89.16 2 2
github.com/zyvorai/transiva/daemon/scheduler/timewindow.go:90.3,91.1 1 0
github.com/zyvorai/transiva/daemon/scheduler/timewindow.go:94.2,97.1 4 2
github.com/zyvorai/transiva/daemon/scheduler/timewindow.go:99.2,99.23 4 2
github.com/zyvorai/transiva/daemon/scheduler/timewindow.go:101.3,101.29 1 0
github.com/zyvorai/transiva/daemon/scheduler/timewindow.go:102.4,103.1 1 0
github.com/zyvorai/transiva/daemon/scheduler/timewindow.go:105.3,105.32 1 0
github.com/zyvorai/transiva/daemon/scheduler/timewindow.go:109.2,109.89 1 2
github.com/zyvorai/transiva/daemon/scheduler/timewindow.go:114.2,115.1 2 0
github.com/zyvorai/transiva/daemon/scheduler/timewindow.go:116.2,116.33 2 0
github.com/zyvorai/transiva/daemon/scheduler/timewindow.go:117.3,118.18 2 0
github.com/zyvorai/transiva/daemon/scheduler/timewindow.go:119.4,119.53 1 0
github.com/zyvorai/transiva/daemon/scheduler/timewindow.go:120.5,121.1 1 0
github.com/zyvorai/transiva/daemon/scheduler/timewindow.go:125.2,125.19 1 0
github.com/zyvorai/transiva/daemon/scheduler/timewindow.go:131.2,132.16 2 0
github.com/zyvorai/transiva/daemon/scheduler/timewindow.go:133.3,135.1 2 0
github.com/zyvorai/transiva/daemon/scheduler/timewindow.go:138.2,139.1 3 0
github.com/zyvorai/transiva/daemon/scheduler/timewindow.go:141.2,142.16 3 0
github.com/zyvorai/transiva/daemon/scheduler/timewindow.go:143.3,145.1 2 0
github.com/zyvorai/transiva/daemon/scheduler/timewindow.go:148.2,148.49 1 0
github.com/zyvorai/transiva/daemon/scheduler/timewindow.go:149.3,151.1 3 0
github.com/zyvorai/transiva/daemon/scheduler/timewindow.go:153.3,153.35 3 0
github.com/zyvorai/transiva/daemon/scheduler/timewindow.go:154.4,154.22 1 0
github.com/zyvorai/transiva/daemon/scheduler/timewindow.go:155.5,157.1 3 0
github.com/zyvorai/transiva/daemon/scheduler/timewindow.go:159.5,159.56 3 0
github.com/zyvorai/transiva/daemon/scheduler/timewindow.go:160.6,160.14 1 0
github.com/zyvorai/transiva/daemon/scheduler/timewindow.go:163.5,163.24 1 0
github.com/zyvorai/transiva/daemon/scheduler/timewindow.go:168.2,168.12 1 0
github.com/zyvorai/transiva/daemon/scheduler/timewindow.go:173.2,174.1 2 0
github.com/zyvorai/transiva/daemon/scheduler/timewindow.go:175.2,175.12 2 0
github.com/zyvorai/transiva/daemon/scheduler/timewindow.go:176.3,179.1 4 0
github.com/zyvorai/transiva/daemon/scheduler/timewindow.go:180.3,180.7 4 0
github.com/zyvorai/transiva/daemon/scheduler/timewindow.go:181.4,182.16 2 0
github.com/zyvorai/transiva/daemon/scheduler/timewindow.go:183.5,186.1 3 0
github.com/zyvorai/transiva/daemon/scheduler/timewindow.go:188.4,191.1 2 0
github.com/zyvorai/transiva/daemon/scheduler/timewindow.go:192.4,192.14 2 0
github.com/zyvorai/transiva/daemon/scheduler/timewindow.go:196.2,196.19 1 0
github.com/zyvorai/transiva/daemon/scheduler/timewindow.go:201.2,206.1 2 0
github.com/zyvorai/transiva/daemon/scheduler/timewindow.go:208.2,208.75 2 0
github.com/zyvorai/transiva/daemon/scheduler/timewindow.go:209.3,212.1 3 0
github.com/zyvorai/transiva/daemon/scheduler/timewindow.go:214.2,215.1 2 0
github.com/zyvorai/transiva/daemon/scheduler/timewindow.go:216.2,216.56 2 0
github.com/zyvorai/transiva/daemon/scheduler/timewindow.go:217.3,223.1 3 0
github.com/zyvorai/transiva/daemon/scheduler/timewindow.go:225.3,226.17 3 0
github.com/zyvorai/transiva/daemon/scheduler/timewindow.go:227.4,228.1 1 0
github.com/zyvorai/transiva/daemon/scheduler/timewindow.go:229.4,230.16 2 0
github.com/zyvorai/transiva/daemon/scheduler/timewindow.go:231.5,232.1 1 0
github.com/zyvorai/transiva/daemon/scheduler/timewindow.go:235.4,236.24 2 0
github.com/zyvorai/transiva/daemon/scheduler/timewindow.go:237.5,238.1 1 0
github.com/zyvorai/transiva/daemon/scheduler/timewindow.go:241.3,241.46 1 0
github.com/zyvorai/transiva/daemon/scheduler/timewindow.go:244.2,244.21 1 0
github.com/zyvorai/transiva/daemon/scheduler/timewindow.go:245.3,246.1 1 0
github.com/zyvorai/transiva/daemon/scheduler/timewindow.go:247.3,248.24 2 0
github.com/zyvorai/transiva/daemon/scheduler/timewindow.go:249.4,251.1 2 0
github.com/zyvorai/transiva/daemon/scheduler/timewindow.go:252.4,253.1 1 0
github.com/zyvorai/transiva/daemon/scheduler/timewindow.go:256.2,256.15 1 0
github.com/zyvorai/transiva/daemon/scheduler/timewindow.go:284.2,285.16 2 4
github.com/zyvorai/transiva/daemon/scheduler/timewindow.go:286.3,287.1 1 1
github.com/zyvorai/transiva/daemon/scheduler/timewindow.go:290.2,291.16 2 3
github.com/zyvorai/transiva/daemon/scheduler/timewindow.go:292.3,293.1 1 1
github.com/zyvorai/transiva/daemon/scheduler/timewindow.go:295.2,296.16 2 2
github.com/zyvorai/transiva/daemon/scheduler/timewindow.go:297.3,298.1 1 0
github.com/zyvorai/transiva/daemon/scheduler/timewindow.go:301.2,304.1 2 2
github.com/zyvorai/transiva/daemon/scheduler/timewindow.go:306.2,306.27 2 2
github.com/zyvorai/transiva/daemon/scheduler/timewindow.go:307.3,308.1 1 1
github.com/zyvorai/transiva/daemon/scheduler/timewindow.go:310.2,310.34 1 1
github.com/zyvorai/transiva/daemon/scheduler/timewindow.go:311.3,311.22 1 2
github.com/zyvorai/transiva/daemon/scheduler/timewindow.go:312.4,313.1 1 0
github.com/zyvorai/transiva/daemon/scheduler/timewindow.go:316.2,316.12 1 1
github.com/zyvorai/transiva/daemon/store/schedule_store.go:38.2,39.16 2 8
github.com/zyvorai/transiva/daemon/store/schedule_store.go:40.3,41.1 1 0
github.com/zyvorai/transiva/daemon/store/schedule_store.go:43.2,44.16 2 8
github.com/zyvorai/transiva/daemon/store/schedule_store.go:45.3,46.1 1 0
github.com/zyvorai/transiva/daemon/store/schedule_store.go:48.2,55.1 3 8
github.com/zyvorai/transiva/daemon/store/schedule_store.go:56.2,70.1 3 8
github.com/zyvorai/transiva/daemon/store/schedule_store.go:71.2,71.16 3 8
github.com/zyvorai/transiva/daemon/store/schedule_store.go:72.3,73.1 1 0
github.com/zyvorai/transiva/daemon/store/schedule_store.go:75.2,75.12 1 8
github.com/zyvorai/transiva/daemon/store/schedule_store.go:80.2,81.16 2 2
github.com/zyvorai/transiva/daemon/store/schedule_store.go:82.3,83.1 1 0
github.com/zyvorai/transiva/daemon/store/schedule_store.go:85.2,86.16 2 2
github.com/zyvorai/transiva/daemon/store/schedule_store.go:87.3,88.1 1 0
github.com/zyvorai/transiva/daemon/store/schedule_store.go:90.2,104.1 3 2
github.com/zyvorai/transiva/daemon/store/schedule_store.go:105.2,118.1 3 2
github.com/zyvorai/transiva/daemon/store/schedule_store.go:119.2,119.16 3 2
github.com/zyvorai/transiva/daemon/store/schedule_store.go:120.3,121.1 1 0
github.com/zyvorai/transiva/daemon/store/schedule_store.go:123.2,124.16 2 2
github.com/zyvorai/transiva/daemon/store/schedule_store.go:125.3,126.1 1 0
github.com/zyvorai/transiva/daemon/store/schedule_store.go:128.2,128.15 1 2
github.com/zyvorai/transiva/daemon/store/schedule_store.go:129.3,130.1 1 1
github.com/zyvorai/transiva/daemon/store/schedule_store.go:132.2,132.12 1 1
github.com/zyvorai/transiva/daemon/store/schedule_store.go:137.2,145.1 7 4
github.com/zyvorai/transiva/daemon/store/schedule_store.go:146.2,147.1 7 4
github.com/zyvorai/transiva/daemon/store/schedule_store.go:148.2,151.1 7 4
github.com/zyvorai/transiva/daemon/store/schedule_store.go:152.2,166.1 7 4
github.com/zyvorai/transiva/daemon/store/schedule_store.go:167.2,167.26 7 4
github.com/zyvorai/transiva/daemon/store/schedule_store.go:168.3,169.1 1 2
github.com/zyvorai/transiva/daemon/store/schedule_store.go:170.2,170.16 1 2
github.com/zyvorai/transiva/daemon/store/schedule_store.go:171.3,172.1 1 0
github.com/zyvorai/transiva/daemon/store/schedule_store.go:175.2,175.81 1 2
github.com/zyvorai/transiva/daemon/store/schedule_store.go:176.3,177.1 1 0
github.com/zyvorai/transiva/daemon/store/schedule_store.go:179.2,179.67 1 2
github.com/zyvorai/transiva/daemon/store/schedule_store.go:180.3,181.1 1 0
github.com/zyvorai/transiva/daemon/store/schedule_store.go:183.2,183.19 1 2
github.com/zyvorai/transiva/daemon/store/schedule_store.go:184.3,185.1 1 0
github.com/zyvorai/transiva/daemon/store/schedule_store.go:186.2,186.19 1 2
github.com/zyvorai/transiva/daemon/store/schedule_store.go:187.3,188.1 1 2
github.com/zyvorai/transiva/daemon/store/schedule_store.go:190.2,190.17 1 2
github.com/zyvorai/transiva/daemon/store/schedule_store.go:195.2,203.1 3 4
github.com/zyvorai/transiva/daemon/store/schedule_store.go:204.2,204.20 3 4
github.com/zyvorai/transiva/daemon/store/schedule_store.go:205.3,207.1 2 3
github.com/zyvorai/transiva/daemon/store/schedule_store.go:209.2,210.1 3 4
github.com/zyvorai/transiva/daemon/store/schedule_store.go:211.2,212.16 3 4
github.com/zyvorai/transiva/daemon/store/schedule_store.go:213.3,214.1 1 0
github.com/zyvorai/transiva/daemon/store/schedule_store.go:215.2,216.1 3 4
github.com/zyvorai/transiva/daemon/store/schedule_store.go:217.2,218.18 3 4
github.com/zyvorai/transiva/daemon/store/schedule_store.go:219.3,222.1 5 7
github.com/zyvorai/transiva/daemon/store/schedule_store.go:223.3,237.17 5 7
github.com/zyvorai/transiva/daemon/store/schedule_store.go:238.4,239.1 1 0
github.com/zyvorai/transiva/daemon/store/schedule_store.go:242.3,242.82 1 7
github.com/zyvorai/transiva/daemon/store/schedule_store.go:243.4,244.1 1 0
github.com/zyvorai/transiva/daemon/store/schedule_store.go:246.3,246.68 1 7
github.com/zyvorai/transiva/daemon/store/schedule_store.go:247.4,248.1 1 0
github.com/zyvorai/transiva/daemon/store/schedule_store.go:250.3,250.20 1 7
github.com/zyvorai/transiva/daemon/store/schedule_store.go:251.4,252.1 1 0
github.com/zyvorai/transiva/daemon/store/schedule_store.go:253.3,253.20 1 7
github.com/zyvorai/transiva/daemon/store/schedule_store.go:254.4,255.1 1 7
github.com/zyvorai/transiva/daemon/store/schedule_store.go:257.3,257.37 1 7
github.com/zyvorai/transiva/daemon/store/schedule_store.go:260.2,260.35 1 4
github.com/zyvorai/transiva/daemon/store/schedule_store.go:261.3,262.1 1 0
github.com/zyvorai/transiva/daemon/store/schedule_store.go:264.2,264.23 1 4
github.com/zyvorai/transiva/daemon/store/schedule_store.go:269.2,270.16 2 2
github.com/zyvorai/transiva/daemon/store/schedule_store.go:271.3,272.1 1 0
github.com/zyvorai/transiva/daemon/store/schedule_store.go:274.2,275.16 2 2
github.com/zyvorai/transiva/daemon/store/schedule_store.go:276.3,277.1 1 0
github.com/zyvorai/transiva/daemon/store/schedule_store.go:279.2,279.15 1 2
github.com/zyvorai/transiva/daemon/store/schedule_store.go:280.3,281.1 1 1
github.com/zyvorai/transiva/daemon/store/schedule_store.go:283.2,283.12 1 1
github.com/zyvorai/transiva/daemon/store/schedule_store.go:288.2,293.1 3 3
github.com/zyvorai/transiva/daemon/store/schedule_store.go:294.2,302.1 3 3
github.com/zyvorai/transiva/daemon/store/schedule_store.go:303.2,303.16 3 3
github.com/zyvorai/transiva/daemon/store/schedule_store.go:304.3,305.1 1 0
github.com/zyvorai/transiva/daemon/store/schedule_store.go:307.2,307.12 1 3
github.com/zyvorai/transiva/daemon/store/schedule_store.go:312.2,319.1 3 2
github.com/zyvorai/transiva/daemon/store/schedule_store.go:320.2,320.15 3 2
github.com/zyvorai/transiva/daemon/store/schedule_store.go:321.3,323.1 2 2
github.com/zyvorai/transiva/daemon/store/schedule_store.go:325.2,326.16 2 2
github.com/zyvorai/transiva/daemon/store/schedule_store.go:327.3,328.1 1 0
github.com/zyvorai/transiva/daemon/store/schedule_store.go:329.2,330.1 3 2
github.com/zyvorai/transiva/daemon/store/schedule_store.go:331.2,332.18 3 2
github.com/zyvorai/transiva/daemon/store/schedule_store.go:333.3,335.1 4 5
github.com/zyvorai/transiva/daemon/store/schedule_store.go:336.3,345.17 4 5
github.com/zyvorai/transiva/daemon/store/schedule_store.go:346.4,347.1 1 0
github.com/zyvorai/transiva/daemon/store/schedule_store.go:349.3,349.21 1 5
github.com/zyvorai/transiva/daemon/store/schedule_store.go:350.4,351.1 1 5
github.com/zyvorai/transiva/daemon/store/schedule_store.go:353.3,353.41 1 5
github.com/zyvorai/transiva/daemon/store/schedule_store.go:356.2,356.35 1 2
github.com/zyvorai/transiva/daemon/store/schedule_store.go:357.3,358.1 1 0
github.com/zyvorai/transiva/daemon/store/schedule_store.go:360.2,360.24 1 2
github.com/zyvorai/transiva/daemon/store/store.go:43.2,44.16 2 21
github.com/zyvorai/transiva/daemon/store/store.go:45.3,46.1 1 0
github.com/zyvorai/transiva/daemon/store/store.go:49.2,49.62 1 21
github.com/zyvorai/transiva/daemon/store/store.go:50.3,50.46 1 1
github.com/zyvorai/transiva/daemon/store/store.go:51.4,52.1 1 0
github.com/zyvorai/transiva/daemon/store/store.go:53.3,53.63 1 1
github.com/zyvorai/transiva/daemon/store/store.go:56.2,57.43 2 20
github.com/zyvorai/transiva/daemon/store/store.go:58.3,58.46 1 0
github.com/zyvorai/transiva/daemon/store/store.go:59.4,60.1 1 0
github.com/zyvorai/transiva/daemon/store/store.go:61.3,61.18 1 0
github.com/zyvorai/transiva/daemon/store/store.go:64.2,64.19 1 20
github.com/zyvorai/transiva/daemon/store/store.go:69.2,133.1 3 20
github.com/zyvorai/transiva/daemon/store/store.go:134.2,135.16 3 20
github.com/zyvorai/transiva/daemon/store/store.go:136.3,137.1 1 0
github.com/zyvorai/transiva/daemon/store/store.go:139.2,139.12 1 20
github.com/zyvorai/transiva/daemon/store/store.go:144.2,145.16 2 15
github.com/zyvorai/transiva/daemon/store/store.go:146.3,147.1 1 0
github.com/zyvorai/transiva/daemon/store/store.go:149.2,150.16 2 15
github.com/zyvorai/transiva/daemon/store/store.go:151.3,152.1 1 0
github.com/zyvorai/transiva/daemon/store/store.go:154.2,155.16 2 15
github.com/zyvorai/transiva/daemon/store/store.go:156.3,157.1 1 0
github.com/zyvorai/transiva/daemon/store/store.go:159.2,166.1 3 15
github.com/zyvorai/transiva/daemon/store/store.go:167.2,181.1 3 15
github.com/zyvorai/transiva/daemon/store/store.go:182.2,182.16 3 15
github.com/zyvorai/transiva/daemon/store/store.go:183.3,184.1 1 0
github.com/zyvorai/transiva/daemon/store/store.go:187.2,187.67 1 15
github.com/zyvorai/transiva/daemon/store/store.go:192.2,193.16 2 4
github.com/zyvorai/transiva/daemon/store/store.go:194.3,195.1 1 0
github.com/zyvorai/transiva/daemon/store/store.go:197.2,198.16 2 4
github.com/zyvorai/transiva/daemon/store/store.go:199.3,200.1 1 0
github.com/zyvorai/transiva/daemon/store/store.go:202.2,212.1 3 4
github.com/zyvorai/transiva/daemon/store/store.go:213.2,222.1 3 4
github.com/zyvorai/transiva/daemon/store/store.go:223.2,223.16 3 4
github.com/zyvorai/transiva/daemon/store/store.go:224.3,225.1 1 0
github.com/zyvorai/transiva/daemon/store/store.go:227.2,228.16 2 4
github.com/zyvorai/transiva/daemon/store/store.go:229.3,230.1 1 0
github.com/zyvorai/transiva/daemon/store/store.go:232.2,232.15 1 4
github.com/zyvorai/transiva/daemon/store/store.go:233.3,234.1 1 1
github.com/zyvorai/transiva/daemon/store/store.go:237.2,237.70 1 3
github.com/zyvorai/transiva/daemon/store/store.go:242.2,250.1 8 4
github.com/zyvorai/transiva/daemon/store/store.go:251.2,252.1 8 4
github.com/zyvorai/transiva/daemon/store/store.go:253.2,257.1 8 4
github.com/zyvorai/transiva/daemon/store/store.go:258.2,272.1 8 4
github.com/zyvorai/transiva/daemon/store/store.go:273.2,273.26 8 4
github.com/zyvorai/transiva/daemon/store/store.go:274.3,275.1 1 2
github.com/zyvorai/transiva/daemon/store/store.go:276.2,276.16 1 2
github.com/zyvorai/transiva/daemon/store/store.go:277.3,278.1 1 0
github.com/zyvorai/transiva/daemon/store/store.go:280.2,280.21 1 2
github.com/zyvorai/transiva/daemon/store/store.go:281.3,282.1 1 1
github.com/zyvorai/transiva/daemon/store/store.go:283.2,283.23 1 2
github.com/zyvorai/transiva/daemon/store/store.go:284.3,285.1 1 0
github.com/zyvorai/transiva/daemon/store/store.go:288.2,288.76 1 2
github.com/zyvorai/transiva/daemon/store/store.go:289.3,290.1 1 0
github.com/zyvorai/transiva/daemon/store/store.go:292.2,292.72 1 2
github.com/zyvorai/transiva/daemon/store/store.go:293.3,294.1 1 0
github.com/zyvorai/transiva/daemon/store/store.go:296.2,297.76 2 2
github.com/zyvorai/transiva/daemon/store/store.go:298.3,299.1 1 0
github.com/zyvorai/transiva/daemon/store/store.go:300.2,302.1 3 2
github.com/zyvorai/transiva/daemon/store/store.go:303.2,303.18 3 2
github.com/zyvorai/transiva/daemon/store/store.go:308.2,317.1 3 4
github.com/zyvorai/transiva/daemon/store/store.go:319.2,319.28 3 4
github.com/zyvorai/transiva/daemon/store/store.go:320.3,321.40 2 2
github.com/zyvorai/transiva/daemon/store/store.go:322.4,322.13 1 2
github.com/zyvorai/transiva/daemon/store/store.go:323.5,324.1 1 0
github.com/zyvorai/transiva/daemon/store/store.go:325.4,326.31 2 2
github.com/zyvorai/transiva/daemon/store/store.go:329.3,329.60 1 2
github.com/zyvorai/transiva/daemon/store/store.go:333.2,333.25 1 4
github.com/zyvorai/transiva/daemon/store/store.go:334.3,336.1 2 0
github.com/zyvorai/transiva/daemon/store/store.go:337.2,337.25 1 4
github.com/zyvorai/transiva/daemon/store/store.go:338.3,340.1 2 0
github.com/zyvorai/transiva/daemon/store/store.go:343.2,344.1 2 4
github.com/zyvorai/transiva/daemon/store/store.go:346.2,346.22 2 4
github.com/zyvorai/transiva/daemon/store/store.go:347.3,349.1 2 1
github.com/zyvorai/transiva/daemon/store/store.go:350.2,350.23 1 4
github.com/zyvorai/transiva/daemon/store/store.go:351.3,353.1 2 0
github.com/zyvorai/transiva/daemon/store/store.go:355.2,356.16 2 4
github.com/zyvorai/transiva/daemon/store/store.go:357.3,358.1 1 0
github.com/zyvorai/transiva/daemon/store/store.go:359.2,360.1 3 4
github.com/zyvorai/transiva/daemon/store/store.go:361.2,362.18 3 4
github.com/zyvorai/transiva/daemon/store/store.go:363.3,367.1 6 7
github.com/zyvorai/transiva/daemon/store/store.go:368.3,382.17 6 7
github.com/zyvorai/transiva/daemon/store/store.go:383.4,384.1 1 0
github.com/zyvorai/transiva/daemon/store/store.go:386.3,386.22 1 7
github.com/zyvorai/transiva/daemon/store/store.go:387.4,388.1 1 0
github.com/zyvorai/transiva/daemon/store/store.go:389.3,389.24 1 7
github.com/zyvorai/transiva/daemon/store/store.go:390.4,391.1 1 0
github.com/zyvorai/transiva/daemon/store/store.go:394.3,394.77 1 7
github.com/zyvorai/transiva/daemon/store/store.go:395.4,396.1 1 0
github.com/zyvorai/transiva/daemon/store/store.go:398.3,398.73 1 7
github.com/zyvorai/transiva/daemon/store/store.go:399.4,400.1 1 0
github.com/zyvorai/transiva/daemon/store/store.go:402.3,403.77 2 7
github.com/zyvorai/transiva/daemon/store/store.go:404.4,405.1 1 0
github.com/zyvorai/transiva/daemon/store/store.go:406.3,408.1 3 7
github.com/zyvorai/transiva/daemon/store/store.go:409.3,409.28 3 7
github.com/zyvorai/transiva/daemon/store/store.go:412.2,412.35 1 4
github.com/zyvorai/transiva/daemon/store/store.go:413.3,414.1 1 0
github.com/zyvorai/transiva/daemon/store/store.go:416.2,416.18 1 4
github.com/zyvorai/transiva/daemon/store/store.go:421.2,422.16 2 2
github.com/zyvorai/transiva/daemon/store/store.go:423.3,424.1 1 0
github.com/zyvorai/transiva/daemon/store/store.go:426.2,427.16 2 2
github.com/zyvorai/transiva/daemon/store/store.go:428.3,429.1 1 0
github.com/zyvorai/transiva/daemon/store/store.go:431.2,431.15 1 2
github.com/zyvorai/transiva/daemon/store/store.go:432.3,433.1 1 1
github.com/zyvorai/transiva/daemon/store/store.go:435.2,435.12 1 1
github.com/zyvorai/transiva/daemon/store/store.go:440.2,444.1 3 18
github.com/zyvorai/transiva/daemon/store/store.go:445.2,446.16 3 18
github.com/zyvorai/transiva/daemon/store/store.go:447.3,448.1 1 0
github.com/zyvorai/transiva/daemon/store/store.go:450.2,450.12 1 18
github.com/zyvorai/transiva/daemon/store/store.go:455.2,461.1 3 1
github.com/zyvorai/transiva/daemon/store/store.go:462.2,463.16 3 1
github.com/zyvorai/transiva/daemon/store/store.go:464.3,465.1 1 0
github.com/zyvorai/transiva/daemon/store/store.go:466.2,467.1 3 1
github.com/zyvorai/transiva/daemon/store/store.go:468.2,469.18 3 1
github.com/zyvorai/transiva/daemon/store/store.go:470.3,471.84 2 3
github.com/zyvorai/transiva/daemon/store/store.go:472.4,473.1 1 0
github.com/zyvorai/transiva/daemon/store/store.go:474.3,474.35 1 3
github.com/zyvorai/transiva/daemon/store/store.go:477.2,477.21 1 1
github.com/zyvorai/transiva/daemon/store/store.go:489.2,489.17 1 22
github.com/zyvorai/transiva/daemon/store/store.go:490.3,491.1 1 21
github.com/zyvorai/transiva/daemon/store/store.go:492.2,492.12 1 1
github.com/zyvorai/transiva/daemon/store/store.go:497.2,507.1 4 1
github.com/zyvorai/transiva/daemon/store/store.go:508.2,517.1 4 1
github.com/zyvorai/transiva/daemon/store/store.go:518.2,518.16 4 1
github.com/zyvorai/transiva/daemon/store/store.go:519.3,520.1 1 0
github.com/zyvorai/transiva/daemon/store/store.go:522.2,522.20 1 1
github.com/zyvorai/transiva/daemon/openapi/openapi.go:51.2,63.1 1 13
github.com/zyvorai/transiva/daemon/openapi/openapi.go:74.2,74.19 1 11
github.com/zyvorai/transiva/daemon/openapi/openapi.go:75.3,76.1 1 1
github.com/zyvorai/transiva/daemon/openapi/openapi.go:78.2,102.1 2 11
github.com/zyvorai/transiva/daemon/openapi/openapi.go:104.2,107.1 2 11
github.com/zyvorai/transiva/daemon/openapi/openapi.go:112.2,117.1 5 9
github.com/zyvorai/transiva/daemon/openapi/openapi.go:121.2,121.46 1 9
github.com/zyvorai/transiva/daemon/openapi/openapi.go:122.3,123.1 1 9
github.com/zyvorai/transiva/daemon/openapi/openapi.go:126.2,133.1 2 9
github.com/zyvorai/transiva/daemon/openapi/openapi.go:136.2,143.1 2 9
github.com/zyvorai/transiva/daemon/openapi/openapi.go:148.2,148.38 1 9
github.com/zyvorai/transiva/daemon/openapi/openapi.go:149.3,150.1 1 9
github.com/zyvorai/transiva/daemon/openapi/openapi.go:153.2,212.1 4 9
github.com/zyvorai/transiva/daemon/openapi/openapi.go:215.2,258.1 4 9
github.com/zyvorai/transiva/daemon/openapi/openapi.go:261.2,288.1 4 9
github.com/zyvorai/transiva/daemon/openapi/openapi.go:291.2,326.1 4 9
github.com/zyvorai/transiva/daemon/openapi/openapi.go:332.2,452.1 4 9
github.com/zyvorai/transiva/daemon/openapi/openapi.go:454.2,556.1 4 9
github.com/zyvorai/transiva/daemon/openapi/openapi.go:558.2,588.1 4 9
github.com/zyvorai/transiva/daemon/openapi/openapi.go:590.2,622.1 4 9
github.com/zyvorai/transiva/daemon/openapi/openapi.go:626.2,639.1 1 9
github.com/zyvorai/transiva/daemon/openapi/openapi.go:644.2,644.54 1 2
github.com/zyvorai/transiva/daemon/openapi/openapi.go:645.3,647.57 3 2
github.com/zyvorai/transiva/daemon/openapi/openapi.go:648.4,649.1 1 0
github.com/zyvorai/transiva/daemon/openapi/openapi.go:655.2,655.54 1 2
github.com/zyvorai/transiva/daemon/openapi/openapi.go:656.3,658.50 3 2
github.com/zyvorai/transiva/daemon/openapi/openapi.go:659.4,660.1 1 0
github.com/zyvorai/transiva/daemon/openapi/openapi.go:666.2,703.1 1 2
github.com/zyvorai/transiva/daemon/openapi/openapi.go:708.2,709.1 1 90
github.com/zyvorai/transiva/daemon/openapi/openapi.go:712.2,713.1 1 36
github.com/zyvorai/transiva/daemon/openapi/openapi.go:717.2,717.21 1 2
github.com/zyvorai/transiva/daemon/openapi/openapi.go:718.3,719.1 1 1
github.com/zyvorai/transiva/daemon/openapi/openapi.go:721.2,722.1 5 1
github.com/zyvorai/transiva/daemon/openapi/openapi.go:724.2,725.1 5 1
github.com/zyvorai/transiva/daemon/openapi/openapi.go:727.2,728.1 5 1
github.com/zyvorai/transiva/daemon/openapi/openapi.go:730.2,731.38 5 1
github.com/zyvorai/transiva/daemon/openapi/openapi.go:732.3,732.73 1 0
github.com/zyvorai/transiva/daemon/openapi/openapi.go:733.4,734.1 1 0
github.com/zyvorai/transiva/daemon/secrets/aws.go:26.2,26.22 1 0
github.com/zyvorai/transiva/daemon/secrets/aws.go:27.3,28.1 1 0
github.com/zyvorai/transiva/daemon/secrets/aws.go:30.2,31.1 4 0
github.com/zyvorai/transiva/daemon/secrets/aws.go:33.2,35.1 4 0
github.com/zyvorai/transiva/daemon/secrets/aws.go:36.2,36.56 4 0
github.com/zyvorai/transiva/daemon/secrets/aws.go:38.3,46.1 1 0
github.com/zyvorai/transiva/daemon/secrets/aws.go:48.3,51.1 1 0
github.com/zyvorai/transiva/daemon/secrets/aws.go:53.2,53.16 1 0
github.com/zyvorai/transiva/daemon/secrets/aws.go:54.3,55.1 1 0
github.com/zyvorai/transiva/daemon/secrets/aws.go:57.2,58.1 2 0
github.com/zyvorai/transiva/daemon/secrets/aws.go:59.2,62.8 2 0
github.com/zyvorai/transiva/daemon/secrets/aws.go:67.2,69.1 3 0
github.com/zyvorai/transiva/daemon/secrets/aws.go:71.2,72.16 3 0
github.com/zyvorai/transiva/daemon/secrets/aws.go:73.3,74.1 1 0
github.com/zyvorai/transiva/daemon/secrets/aws.go:77.2,78.32 2 0
github.com/zyvorai/transiva/daemon/secrets/aws.go:79.3,79.78 1 0
github.com/zyvorai/transiva/daemon/secrets/aws.go:81.4,82.1 1 0
github.com/zyvorai/transiva/daemon/secrets/aws.go:83.9,83.39 1 0
github.com/zyvorai/transiva/daemon/secrets/aws.go:84.3,85.1 1 0
github.com/zyvorai/transiva/daemon/secrets/aws.go:86.3,87.1 1 0
github.com/zyvorai/transiva/daemon/secrets/aws.go:90.2,92.1 5 0
github.com/zyvorai/transiva/daemon/secrets/aws.go:94.2,96.1 5 0
github.com/zyvorai/transiva/daemon/secrets/aws.go:98.2,99.46 5 0
github.com/zyvorai/transiva/daemon/secrets/aws.go:100.3,100.43 1 0
github.com/zyvorai/transiva/daemon/secrets/aws.go:101.4,101.42 1 0
github.com/zyvorai/transiva/daemon/secrets/aws.go:102.5,102.27 1 0
github.com/zyvorai/transiva/daemon/secrets/aws.go:103.6,104.1 1 0
github.com/zyvorai/transiva/daemon/secrets/aws.go:105.5,105.36 1 0
github.com/zyvorai/transiva/daemon/secrets/aws.go:110.2,112.39 3 0
github.com/zyvorai/transiva/daemon/secrets/aws.go:113.3,114.1 1 0
github.com/zyvorai/transiva/daemon/secrets/aws.go:115.2,115.43 1 0
github.com/zyvorai/transiva/daemon/secrets/aws.go:116.3,117.1 1 0
github.com/zyvorai/transiva/daemon/secrets/aws.go:119.2,120.29 2 0
github.com/zyvorai/transiva/daemon/secrets/aws.go:121.3,122.1 1 0
github.com/zyvorai/transiva/daemon/secrets/aws.go:124.2,132.8 1 0
github.com/zyvorai/transiva/daemon/secrets/aws.go:137.2,137.23 1 0
github.com/zyvorai/transiva/daemon/secrets/aws.go:138.3,139.1 1 0
github.com/zyvorai/transiva/daemon/secrets/aws.go:142.2,143.16 2 0
github.com/zyvorai/transiva/daemon/secrets/aws.go:144.3,145.1 1 0
github.com/zyvorai/transiva/daemon/secrets/aws.go:148.2,149.28 2 0
github.com/zyvorai/transiva/daemon/secrets/aws.go:150.3,150.37 1 0
github.com/zyvorai/transiva/daemon/secrets/aws.go:151.4,155.1 1 0
github.com/zyvorai/transiva/daemon/secrets/aws.go:157.2,157.23 1 0
github.com/zyvorai/transiva/daemon/secrets/aws.go:158.3,162.1 1 0
github.com/zyvorai/transiva/daemon/secrets/aws.go:165.2,168.1 2 0
github.com/zyvorai/transiva/daemon/secrets/aws.go:169.2,169.16 2 0
github.com/zyvorai/transiva/daemon/secrets/aws.go:171.3,175.1 2 0
github.com/zyvorai/transiva/daemon/secrets/aws.go:177.3,177.30 2 0
github.com/zyvorai/transiva/daemon/secrets/aws.go:178.4,179.1 1 0
github.com/zyvorai/transiva/daemon/secrets/aws.go:181.3,182.17 2 0
github.com/zyvorai/transiva/daemon/secrets/aws.go:183.4,184.1 1 0
github.com/zyvorai/transiva/daemon/secrets/aws.go:187.3,190.1 3 0
github.com/zyvorai/transiva/daemon/secrets/aws.go:192.3,193.17 3 0
github.com/zyvorai/transiva/daemon/secrets/aws.go:194.4,195.1 1 0
github.com/zyvorai/transiva/daemon/secrets/aws.go:198.3,198.20 1 0
github.com/zyvorai/transiva/daemon/secrets/aws.go:199.4,203.18 2 0
github.com/zyvorai/transiva/daemon/secrets/aws.go:205.5,206.1 1 0
github.com/zyvorai/transiva/daemon/secrets/aws.go:210.2,210.12 1 0
github.com/zyvorai/transiva/daemon/secrets/aws.go:215.2,218.1 3 0
github.com/zyvorai/transiva/daemon/secrets/aws.go:220.2,221.16 3 0
github.com/zyvorai/transiva/daemon/secrets/aws.go:222.3,223.1 1 0
github.com/zyvorai/transiva/daemon/secrets/aws.go:225.2,225.12 1 0
github.com/zyvorai/transiva/daemon/secrets/aws.go:230.2,231.1 2 0
github.com/zyvorai/transiva/daemon/secrets/aws.go:233.2,233.22 2 0
github.com/zyvorai/transiva/daemon/secrets/aws.go:234.3,243.1 1 0
github.com/zyvorai/transiva/daemon/secrets/aws.go:246.2,248.1 3 0
github.com/zyvorai/transiva/daemon/secrets/aws.go:249.2,249.31 3 0
github.com/zyvorai/transiva/daemon/secrets/aws.go:250.3,251.17 2 0
github.com/zyvorai/transiva/daemon/secrets/aws.go:252.4,253.1 1 0
github.com/zyvorai/transiva/daemon/secrets/aws.go:255.3,255.44 1 0
github.com/zyvorai/transiva/daemon/secrets/aws.go:256.4,256.26 1 0
github.com/zyvorai/transiva/daemon/secrets/aws.go:257.5,258.1 1 0
github.com/zyvorai/transiva/daemon/secrets/aws.go:262.2,262.19 1 0
github.com/zyvorai/transiva/daemon/secrets/aws.go:268.2,269.16 2 0
github.com/zyvorai/transiva/daemon/secrets/aws.go:270.3,271.1 1 0
github.com/zyvorai/transiva/daemon/secrets/aws.go:274.2,275.1 3 0
github.com/zyvorai/transiva/daemon/secrets/aws.go:277.2,278.16 3 0
github.com/zyvorai/transiva/daemon/secrets/aws.go:279.3,280.1 1 0
github.com/zyvorai/transiva/daemon/secrets/aws.go:283.2,286.1 3 0
github.com/zyvorai/transiva/daemon/secrets/aws.go:288.2,289.16 3 0
github.com/zyvorai/transiva/daemon/secrets/aws.go:290.3,291.1 1 0
github.com/zyvorai/transiva/daemon/secrets/aws.go:293.2,293.12 1 0
github.com/zyvorai/transiva/daemon/secrets/aws.go:299.2,300.1 1 0
github.com/zyvorai/transiva/daemon/secrets/aws.go:305.2,307.1 3 0
github.com/zyvorai/transiva/daemon/secrets/aws.go:309.2,310.16 3 0
github.com/zyvorai/transiva/daemon/secrets/aws.go:311.3,312.1 1 0
github.com/zyvorai/transiva/daemon/secrets/aws.go:314.2,314.12 1 0
github.com/zyvorai/transiva/daemon/secrets/azure.go:24.2,24.27 1 0
github.com/zyvorai/transiva/daemon/secrets/azure.go:25.3,26.1 1 0
github.com/zyvorai/transiva/daemon/secrets/azure.go:28.2,30.1 3 0
github.com/zyvorai/transiva/daemon/secrets/azure.go:31.2,31.56 3 0
github.com/zyvorai/transiva/daemon/secrets/azure.go:33.3,39.1 1 0
github.com/zyvorai/transiva/daemon/secrets/azure.go:41.3,42.1 1 0
github.com/zyvorai/transiva/daemon/secrets/azure.go:44.2,44.16 1 0
github.com/zyvorai/transiva/daemon/secrets/azure.go:45.3,46.1 1 0
github.com/zyvorai/transiva/daemon/secrets/azure.go:48.2,49.16 2 0
github.com/zyvorai/transiva/daemon/secrets/azure.go:50.3,51.1 1 0
github.com/zyvorai/transiva/daemon/secrets/azure.go:53.2,56.8 1 0
github.com/zyvorai/transiva/daemon/secrets/azure.go:62.2,63.16 2 0
github.com/zyvorai/transiva/daemon/secrets/azure.go:64.3,65.1 1 0
github.com/zyvorai/transiva/daemon/secrets/azure.go:67.2,67.23 1 0
github.com/zyvorai/transiva/daemon/secrets/azure.go:68.3,69.1 1 0
github.com/zyvorai/transiva/daemon/secrets/azure.go:72.2,73.68 2 0
github.com/zyvorai/transiva/daemon/secrets/azure.go:75.3,76.1 1 0
github.com/zyvorai/transiva/daemon/secrets/azure.go:79.2,81.1 3 0
github.com/zyvorai/transiva/daemon/secrets/azure.go:82.2,82.22 3 0
github.com/zyvorai/transiva/daemon/secrets/azure.go:83.3,83.31 1 0
github.com/zyvorai/transiva/daemon/secrets/azure.go:84.4,84.16 1 0
github.com/zyvorai/transiva/daemon/secrets/azure.go:85.5,85.20 1 0
github.com/zyvorai/transiva/daemon/secrets/azure.go:86.6,87.1 1 0
github.com/zyvorai/transiva/daemon/secrets/azure.go:88.5,88.21 1 0
github.com/zyvorai/transiva/daemon/secrets/azure.go:93.2,95.28 3 0
github.com/zyvorai/transiva/daemon/secrets/azure.go:96.3,96.37 1 0
github.com/zyvorai/transiva/daemon/secrets/azure.go:97.4,98.1 1 0
github.com/zyvorai/transiva/daemon/secrets/azure.go:99.3,99.37 1 0
github.com/zyvorai/transiva/daemon/secrets/azure.go:100.4,101.1 1 0
github.com/zyvorai/transiva/daemon/secrets/azure.go:104.2,105.20 2 0
github.com/zyvorai/transiva/daemon/secrets/azure.go:107.3,108.1 1 0
github.com/zyvorai/transiva/daemon/secrets/azure.go:110.2,118.8 1 0
github.com/zyvorai/transiva/daemon/secrets/azure.go:123.2,123.23 1 0
github.com/zyvorai/transiva/daemon/secrets/azure.go:124.3,125.1 1 0
github.com/zyvorai/transiva/daemon/secrets/azure.go:128.2,129.16 2 0
github.com/zyvorai/transiva/daemon/secrets/azure.go:130.3,131.1 1 0
github.com/zyvorai/transiva/daemon/secrets/azure.go:133.2,134.1 3 0
github.com/zyvorai/transiva/daemon/secrets/azure.go:136.2,137.28 3 0
github.com/zyvorai/transiva/daemon/secrets/azure.go:138.3,138.37 1 0
github.com/zyvorai/transiva/daemon/secrets/azure.go:139.4,141.1 2 0
github.com/zyvorai/transiva/daemon/secrets/azure.go:143.2,143.23 1 0
github.com/zyvorai/transiva/daemon/secrets/azure.go:144.3,146.1 2 0
github.com/zyvorai/transiva/daemon/secrets/azure.go:149.2,152.1 3 0
github.com/zyvorai/transiva/daemon/secrets/azure.go:154.2,155.16 3 0
github.com/zyvorai/transiva/daemon/secrets/azure.go:156.3,157.1 1 0
github.com/zyvorai/transiva/daemon/secrets/azure.go:159.2,159.12 1 0
github.com/zyvorai/transiva/daemon/secrets/azure.go:165.2,166.16 2 0
github.com/zyvorai/transiva/daemon/secrets/azure.go:167.3,168.1 1 0
github.com/zyvorai/transiva/daemon/secrets/azure.go:171.2,172.16 2 0
github.com/zyvorai/transiva/daemon/secrets/azure.go:175.3,176.1 1 0
github.com/zyvorai/transiva/daemon/secrets/azure.go:178.2,178.12 1 0
github.com/zyvorai/transiva/daemon/secrets/azure.go:183.2,184.1 3 0
github.com/zyvorai/transiva/daemon/secrets/azure.go:185.2,186.1 3 0
github.com/zyvorai/transiva/daemon/secrets/azure.go:187.2,187.19 3 0
github.com/zyvorai/transiva/daemon/secrets/azure.go:188.3,189.17 2 0
github.com/zyvorai/transiva/daemon/secrets/azure.go:190.4,191.1 1 0
github.com/zyvorai/transiva/daemon/secrets/azure.go:193.3,193.35 1 0
github.com/zyvorai/transiva/daemon/secrets/azure.go:194.4,194.22 1 0
github.com/zyvorai/transiva/daemon/secrets/azure.go:195.5,195.13 1 0
github.com/zyvorai/transiva/daemon/secrets/azure.go:199.4,200.1 2 0
github.com/zyvorai/transiva/daemon/secrets/azure.go:202.4,202.24 2 0
github.com/zyvorai/transiva/daemon/secrets/azure.go:203.5,203.25 1 0
github.com/zyvorai/transiva/daemon/secrets/azure.go:204.6,204.14 1 0
github.com/zyvorai/transiva/daemon/secrets/azure.go:207.5,208.64 2 0
github.com/zyvorai/transiva/daemon/secrets/azure.go:209.6,209.14 1 0
github.com/zyvorai/transiva/daemon/secrets/azure.go:213.4,213.31 1 0
github.com/zyvorai/transiva/daemon/secrets/azure.go:217.2,217.19 1 0
github.com/zyvorai/transiva/daemon/secrets/azure.go:223.2,224.16 2 0
github.com/zyvorai/transiva/daemon/secrets/azure.go:225.3,226.1 1 0
github.com/zyvorai/transiva/daemon/secrets/azure.go:229.2,230.1 2 0
github.com/zyvorai/transiva/daemon/secrets/azure.go:231.2,231.29 2 0
github.com/zyvorai/transiva/daemon/secrets/azure.go:237.2,238.1 1 0
github.com/zyvorai/transiva/daemon/secrets/azure.go:243.2,244.1 2 0
github.com/zyvorai/transiva/daemon/secrets/azure.go:245.2,245.19 2 0
github.com/zyvorai/transiva/daemon/secrets/azure.go:247.3,248.1 1 0
github.com/zyvorai/transiva/daemon/secrets/azure.go:250.2,251.16 2 0
github.com/zyvorai/transiva/daemon/secrets/azure.go:252.3,253.1 1 0
github.com/zyvorai/transiva/daemon/secrets/azure.go:255.2,255.12 1 0
github.com/zyvorai/transiva/daemon/secrets/azure.go:265.2,266.21 2 7
github.com/zyvorai/transiva/daemon/secrets/azure.go:268.3,268.40 1 5
github.com/zyvorai/transiva/daemon/secrets/azure.go:269.4,269.49 1 15
github.com/zyvorai/transiva/daemon/secrets/azure.go:270.5,271.1 1 4
github.com/zyvorai/transiva/daemon/secrets/azure.go:274.2,274.11 1 3
github.com/zyvorai/transiva/daemon/secrets/azure.go:280.2,281.20 2 5
github.com/zyvorai/transiva/daemon/secrets/azure.go:282.3,283.1 1 4
github.com/zyvorai/transiva/daemon/secrets/azure.go:284.2,284.11 1 1
github.com/zyvorai/transiva/daemon/secrets/azure.go:288.2,290.30 3 21
github.com/zyvorai/transiva/daemon/secrets/azure.go:291.3,291.53 1 517
github.com/zyvorai/transiva/daemon/secrets/azure.go:292.4,292.17 1 54
github.com/zyvorai/transiva/daemon/secrets/azure.go:293.5,294.1 1 40
github.com/zyvorai/transiva/daemon/secrets/azure.go:295.4,296.21 2 54
github.com/zyvorai/transiva/daemon/secrets/azure.go:299.2,299.20 1 21
github.com/zyvorai/transiva/daemon/secrets/azure.go:300.3,301.1 1 16
github.com/zyvorai/transiva/daemon/secrets/azure.go:302.2,302.15 1 21
github.com/zyvorai/transiva/daemon/secrets/memory.go:21.2,23.1 1 23
github.com/zyvorai/transiva/daemon/secrets/memory.go:28.2,30.1 4 32
github.com/zyvorai/transiva/daemon/secrets/memory.go:31.2,32.13 4 32
github.com/zyvorai/transiva/daemon/secrets/memory.go:33.3,34.1 1 3
github.com/zyvorai/transiva/daemon/secrets/memory.go:37.2,45.8 1 29
github.com/zyvorai/transiva/daemon/secrets/memory.go:50.2,50.23 1 33
github.com/zyvorai/transiva/daemon/secrets/memory.go:51.3,52.1 1 1
github.com/zyvorai/transiva/daemon/secrets/memory.go:54.2,56.1 5 32
github.com/zyvorai/transiva/daemon/secrets/memory.go:57.2,58.1 5 32
github.com/zyvorai/transiva/daemon/secrets/memory.go:60.2,61.12 5 32
github.com/zyvorai/transiva/daemon/secrets/memory.go:62.3,64.1 3 4
github.com/zyvorai/transiva/daemon/secrets/memory.go:65.3,66.1 3 4
github.com/zyvorai/transiva/daemon/secrets/memory.go:67.3,70.1 3 28
github.com/zyvorai/transiva/daemon/secrets/memory.go:73.2,81.1 2 32
github.com/zyvorai/transiva/daemon/secrets/memory.go:83.2,83.12 2 32
github.com/zyvorai/transiva/daemon/secrets/memory.go:88.2,90.1 3 3
github.com/zyvorai/transiva/daemon/secrets/memory.go:91.2,91.43 3 3
github.com/zyvorai/transiva/daemon/secrets/memory.go:92.3,93.1 1 1
github.com/zyvorai/transiva/daemon/secrets/memory.go:95.2,96.12 2 2
github.com/zyvorai/transiva/daemon/secrets/memory.go:101.2,103.1 4 5
github.com/zyvorai/transiva/daemon/secrets/memory.go:104.2,105.38 4 5
github.com/zyvorai/transiva/daemon/secrets/memory.go:106.3,106.52 1 12
github.com/zyvorai/transiva/daemon/secrets/memory.go:107.4,108.1 1 10
github.com/zyvorai/transiva/daemon/secrets/memory.go:111.2,111.19 1 5
github.com/zyvorai/transiva/daemon/secrets/memory.go:116.2,118.1 4 3
github.com/zyvorai/transiva/daemon/secrets/memory.go:119.2,120.13 4 3
github.com/zyvorai/transiva/daemon/secrets/memory.go:121.3,122.1 1 1
github.com/zyvorai/transiva/daemon/secrets/memory.go:124.2,125.1 5 2
github.com/zyvorai/transiva/daemon/secrets/memory.go:127.2,130.1 5 2
github.com/zyvorai/transiva/daemon/secrets/memory.go:131.2,131.12 5 2
github.com/zyvorai/transiva/daemon/secrets/memory.go:136.2,137.1 1 2
github.com/zyvorai/transiva/daemon/secrets/memory.go:141.2,142.1 1 2
github.com/zyvorai/transiva/daemon/secrets/memory.go:147.2,147.14 1 127
github.com/zyvorai/transiva/daemon/secrets/memory.go:148.3,149.1 1 57
github.com/zyvorai/transiva/daemon/secrets/memory.go:151.2,152.22 2 70
github.com/zyvorai/transiva/daemon/secrets/memory.go:153.3,154.1 1 75
github.com/zyvorai/transiva/daemon/secrets/memory.go:155.2,155.13 1 70
github.com/zyvorai/transiva/daemon/secrets/memory.go:160.2,161.57 2 11
github.com/zyvorai/transiva/daemon/secrets/memory.go:163.3,164.1 1 1
github.com/zyvorai/transiva/daemon/secrets/memory.go:165.2,165.31 1 11
github.com/zyvorai/transiva/daemon/secrets/secrets.go:142.2,142.19 1 6
github.com/zyvorai/transiva/daemon/secrets/secrets.go:143.3,144.1 1 1
github.com/zyvorai/transiva/daemon/secrets/secrets.go:146.2,146.24 1 5
github.com/zyvorai/transiva/daemon/secrets/secrets.go:148.3,148.26 1 1
github.com/zyvorai/transiva/daemon/secrets/secrets.go:149.4,150.1 1 1
github.com/zyvorai/transiva/daemon/secrets/secrets.go:151.3,151.39 1 0
github.com/zyvorai/transiva/daemon/secrets/secrets.go:154.3,154.24 1 1
github.com/zyvorai/transiva/daemon/secrets/secrets.go:155.4,156.1 1 1
github.com/zyvorai/transiva/daemon/secrets/secrets.go:157.3,157.42 1 0
github.com/zyvorai/transiva/daemon/secrets/secrets.go:160.3,160.26 1 1
github.com/zyvorai/transiva/daemon/secrets/secrets.go:161.4,162.1 1 1
github.com/zyvorai/transiva/daemon/secrets/secrets.go:163.3,163.47 1 0
github.com/zyvorai/transiva/daemon/secrets/secrets.go:167.3,167.33 1 1
github.com/zyvorai/transiva/daemon/secrets/secrets.go:170.3,170.107 1 1
github.com/zyvorai/transiva/daemon/secrets/secrets.go:188.2,192.1 1 8
github.com/zyvorai/transiva/daemon/secrets/secrets.go:198.2,198.37 1 14
github.com/zyvorai/transiva/daemon/secrets/secrets.go:199.3,199.42 1 2
github.com/zyvorai/transiva/daemon/secrets/secrets.go:200.4,201.1 1 1
github.com/zyvorai/transiva/daemon/secrets/secrets.go:203.3,203.24 1 1
github.com/zyvorai/transiva/daemon/secrets/secrets.go:207.2,208.16 2 13
github.com/zyvorai/transiva/daemon/secrets/secrets.go:209.3,210.1 1 1
github.com/zyvorai/transiva/daemon/secrets/secrets.go:213.2,216.1 2 12
github.com/zyvorai/transiva/daemon/secrets/secrets.go:218.2,218.20 2 12
github.com/zyvorai/transiva/daemon/secrets/secrets.go:224.2,225.1 2 10
github.com/zyvorai/transiva/daemon/secrets/secrets.go:226.2,227.1 2 10
github.com/zyvorai/transiva/daemon/secrets/secrets.go:232.2,233.1 2 1
github.com/zyvorai/transiva/daemon/secrets/secrets.go:234.2,235.1 2 1
github.com/zyvorai/transiva/daemon/secrets/secrets.go:239.2,240.1 1 2
github.com/zyvorai/transiva/daemon/secrets/secrets.go:245.2,246.1 2 1
github.com/zyvorai/transiva/daemon/secrets/secrets.go:247.2,248.1 2 1
github.com/zyvorai/transiva/daemon/secrets/secrets.go:252.2,254.1 2 1
github.com/zyvorai/transiva/daemon/secrets/secrets.go:258.2,259.1 1 1
github.com/zyvorai/transiva/daemon/secrets/secrets.go:263.2,264.1 1 1
github.com/zyvorai/transiva/daemon/secrets/secrets.go:268.2,269.1 1 1
github.com/zyvorai/transiva/daemon/secrets/vault.go:24.2,24.26 1 0
github.com/zyvorai/transiva/daemon/secrets/vault.go:25.3,26.1 1 0
github.com/zyvorai/transiva/daemon/secrets/vault.go:28.2,28.24 1 0
github.com/zyvorai/transiva/daemon/secrets/vault.go:29.3,30.1 1 0
github.com/zyvorai/transiva/daemon/secrets/vault.go:33.2,35.1 3 0
github.com/zyvorai/transiva/daemon/secrets/vault.go:37.2,37.26 3 0
github.com/zyvorai/transiva/daemon/secrets/vault.go:40.3,44.1 1 0
github.com/zyvorai/transiva/daemon/secrets/vault.go:48.2,49.16 2 0
github.com/zyvorai/transiva/daemon/secrets/vault.go:50.3,51.1 1 0
github.com/zyvorai/transiva/daemon/secrets/vault.go:54.2,55.1 2 0
github.com/zyvorai/transiva/daemon/secrets/vault.go:57.2,57.28 2 0
github.com/zyvorai/transiva/daemon/secrets/vault.go:58.3,59.1 1 0
github.com/zyvorai/transiva/daemon/secrets/vault.go:62.2,63.17 2 0
github.com/zyvorai/transiva/daemon/secrets/vault.go:64.3,65.1 1 0
github.com/zyvorai/transiva/daemon/secrets/vault.go:67.2,70.8 1 0
github.com/zyvorai/transiva/daemon/secrets/vault.go:75.2,76.1 3 0
github.com/zyvorai/transiva/daemon/secrets/vault.go:78.2,79.16 3 0
github.com/zyvorai/transiva/daemon/secrets/vault.go:80.3,81.1 1 0
github.com/zyvorai/transiva/daemon/secrets/vault.go:83.2,83.41 1 0
github.com/zyvorai/transiva/daemon/secrets/vault.go:84.3,85.1 1 0
github.com/zyvorai/transiva/daemon/secrets/vault.go:88.2,89.32 2 0
github.com/zyvorai/transiva/daemon/secrets/vault.go:91.3,92.26 2 0
github.com/zyvorai/transiva/daemon/secrets/vault.go:94.4,94.13 1 0
github.com/zyvorai/transiva/daemon/secrets/vault.go:97.4,97.32 1 0
github.com/zyvorai/transiva/daemon/secrets/vault.go:99.3,99.16 1 0
github.com/zyvorai/transiva/daemon/secrets/vault.go:100.4,101.1 1 0
github.com/zyvorai/transiva/daemon/secrets/vault.go:104.2,105.34 2 0
github.com/zyvorai/transiva/daemon/secrets/vault.go:106.3,106.43 1 0
github.com/zyvorai/transiva/daemon/secrets/vault.go:107.4,107.33 1 0
github.com/zyvorai/transiva/daemon/secrets/vault.go:108.5,109.1 1 0
github.com/zyvorai/transiva/daemon/secrets/vault.go:113.2,114.41 2 0
github.com/zyvorai/transiva/daemon/secrets/vault.go:115.3,116.1 1 0
github.com/zyvorai/transiva/daemon/secrets/vault.go:118.2,126.8 1 0
github.com/zyvorai/transiva/daemon/secrets/vault.go:131.2,131.23 1 0
github.com/zyvorai/transiva/daemon/secrets/vault.go:132.3,133.1 1 0
github.com/zyvorai/transiva/daemon/secrets/vault.go:135.2,136.1 3 0
github.com/zyvorai/transiva/daemon/secrets/vault.go:138.2,139.33 3 0
github.com/zyvorai/transiva/daemon/secrets/vault.go:140.3,141.1 1 0
github.com/zyvorai/transiva/daemon/secrets/vault.go:144.2,145.28 2 0
github.com/zyvorai/transiva/daemon/secrets/vault.go:146.3,146.37 1 0
github.com/zyvorai/transiva/daemon/secrets/vault.go:147.4,148.1 1 0
github.com/zyvorai/transiva/daemon/secrets/vault.go:150.2,150.23 1 0
github.com/zyvorai/transiva/daemon/secrets/vault.go:151.3,152.1 1 0
github.com/zyvorai/transiva/daemon/secrets/vault.go:155.2,156.16 2 0
github.com/zyvorai/transiva/daemon/secrets/vault.go:157.3,158.1 1 0
github.com/zyvorai/transiva/daemon/secrets/vault.go:161.2,161.23 1 0
github.com/zyvorai/transiva/daemon/secrets/vault.go:163.3,164.30 2 0
github.com/zyvorai/transiva/daemon/secrets/vault.go:165.4,166.1 1 0
github.com/zyvorai/transiva/daemon/secrets/vault.go:168.3,170.1 3 0
github.com/zyvorai/transiva/daemon/secrets/vault.go:172.3,173.17 3 0
github.com/zyvorai/transiva/daemon/secrets/vault.go:175.4,176.1 1 0
github.com/zyvorai/transiva/daemon/secrets/vault.go:179.2,179.12 1 0
github.com/zyvorai/transiva/daemon/secrets/vault.go:184.2,185.1 3 0
github.com/zyvorai/transiva/daemon/secrets/vault.go:187.2,188.16 3 0
github.com/zyvorai/transiva/daemon/secrets/vault.go:189.3,190.1 1 0
github.com/zyvorai/transiva/daemon/secrets/vault.go:192.2,192.12 1 0
github.com/zyvorai/transiva/daemon/secrets/vault.go:198.2,200.16 3 0
github.com/zyvorai/transiva/daemon/secrets/vault.go:201.3,202.1 1 0
github.com/zyvorai/transiva/daemon/secrets/vault.go:204.2,204.41 1 0
github.com/zyvorai/transiva/daemon/secrets/vault.go:205.3,206.1 1 0
github.com/zyvorai/transiva/daemon/secrets/vault.go:209.2,210.9 2 0
github.com/zyvorai/transiva/daemon/secrets/vault.go:211.3,212.1 1 0
github.com/zyvorai/transiva/daemon/secrets/vault.go:214.2,215.9 2 0
github.com/zyvorai/transiva/daemon/secrets/vault.go:216.3,217.1 1 0
github.com/zyvorai/transiva/daemon/secrets/vault.go:219.2,220.36 2 0
github.com/zyvorai/transiva/daemon/secrets/vault.go:221.3,221.43 1 0
github.com/zyvorai/transiva/daemon/secrets/vault.go:223.4,223.24 1 0
github.com/zyvorai/transiva/daemon/secrets/vault.go:224.5,225.19 2 0
github.com/zyvorai/transiva/daemon/secrets/vault.go:226.6,226.14 1 0
github.com/zyvorai/transiva/daemon/secrets/vault.go:228.5,228.38 1 0
github.com/zyvorai/transiva/daemon/secrets/vault.go:229.6,230.1 1 0
github.com/zyvorai/transiva/daemon/secrets/vault.go:232.5,233.1 1 0
github.com/zyvorai/transiva/daemon/secrets/vault.go:237.2,237.19 1 0
github.com/zyvorai/transiva/daemon/secrets/vault.go:243.2,244.16 2 0
github.com/zyvorai/transiva/daemon/secrets/vault.go:245.3,246.1 1 0
github.com/zyvorai/transiva/daemon/secrets/vault.go:249.2,251.1 3 0
github.com/zyvorai/transiva/daemon/secrets/vault.go:252.2,252.29 3 0
github.com/zyvorai/transiva/daemon/secrets/vault.go:258.2,259.1 1 0
github.com/zyvorai/transiva/daemon/secrets/vault.go:263.2,264.16 2 0
github.com/zyvorai/transiva/daemon/secrets/vault.go:265.3,266.1 1 0
github.com/zyvorai/transiva/daemon/secrets/vault.go:268.2,268.25 1 0
github.com/zyvorai/transiva/daemon/secrets/vault.go:269.3,270.1 1 0
github.com/zyvorai/transiva/daemon/secrets/vault.go:272.2,272.19 1 0
github.com/zyvorai/transiva/daemon/secrets/vault.go:273.3,274.1 1 0
github.com/zyvorai/transiva/daemon/secrets/vault.go:276.2,276.12 1 0
github.com/zyvorai/transiva/daemon/secrets/vault.go:282.2,284.1 2 8
github.com/zyvorai/transiva/daemon/webhooks/webhooks.go:55.2,61.1 1 15
github.com/zyvorai/transiva/daemon/webhooks/webhooks.go:66.2,70.1 2 13
github.com/zyvorai/transiva/daemon/webhooks/webhooks.go:72.2,72.37 2 13
github.com/zyvorai/transiva/daemon/webhooks/webhooks.go:73.3,73.23 1 15
github.com/zyvorai/transiva/daemon/webhooks/webhooks.go:74.4,74.12 1 1
github.com/zyvorai/transiva/daemon/webhooks/webhooks.go:78.3,78.35 1 14
github.com/zyvorai/transiva/daemon/webhooks/webhooks.go:79.4,79.12 1 1
github.com/zyvorai/transiva/daemon/webhooks/webhooks.go:83.3,83.37 1 13
github.com/zyvorai/transiva/daemon/webhooks/webhooks.go:89.2,90.21 2 13
github.com/zyvorai/transiva/daemon/webhooks/webhooks.go:91.3,92.1 1 12
github.com/zyvorai/transiva/daemon/webhooks/webhooks.go:94.2,95.18 2 13
github.com/zyvorai/transiva/daemon/webhooks/webhooks.go:96.3,97.1 1 10
github.com/zyvorai/transiva/daemon/webhooks/webhooks.go:99.2,101.1 4 13
github.com/zyvorai/transiva/daemon/webhooks/webhooks.go:102.2,103.53 4 13
github.com/zyvorai/transiva/daemon/webhooks/webhooks.go:104.3,104.18 1 18
github.com/zyvorai/transiva/daemon/webhooks/webhooks.go:106.4,112.1 3 5
github.com/zyvorai/transiva/daemon/webhooks/webhooks.go:114.3,115.17 2 18
github.com/zyvorai/transiva/daemon/webhooks/webhooks.go:116.4,120.1 2 12
github.com/zyvorai/transiva/daemon/webhooks/webhooks.go:122.3,127.17 2 6
github.com/zyvorai/transiva/daemon/webhooks/webhooks.go:130.2,133.20 1 1
github.com/zyvorai/transiva/daemon/webhooks/webhooks.go:139.2,140.16 2 18
github.com/zyvorai/transiva/daemon/webhooks/webhooks.go:141.3,142.1 1 0
github.com/zyvorai/transiva/daemon/webhooks/webhooks.go:145.2,146.16 2 18
github.com/zyvorai/transiva/daemon/webhooks/webhooks.go:147.3,148.1 1 0
github.com/zyvorai/transiva/daemon/webhooks/webhooks.go:151.2,153.42 3 18
github.com/zyvorai/transiva/daemon/webhooks/webhooks.go:154.3,155.1 1 2
github.com/zyvorai/transiva/daemon/webhooks/webhooks.go:158.2,159.16 2 18
github.com/zyvorai/transiva/daemon/webhooks/webhooks.go:160.3,161.1 1 4
github.com/zyvorai/transiva/daemon/webhooks/webhooks.go:162.2,163.1 2 14
github.com/zyvorai/transiva/daemon/webhooks/webhooks.go:165.2,165.53 2 14
github.com/zyvorai/transiva/daemon/webhooks/webhooks.go:166.3,168.1 2 2
github.com/zyvorai/transiva/daemon/webhooks/webhooks.go:170.2,170.12 1 12
github.com/zyvorai/transiva/daemon/webhooks/webhooks.go:176.2,176.24 1 18
github.com/zyvorai/transiva/daemon/webhooks/webhooks.go:177.3,178.1 1 1
github.com/zyvorai/transiva/daemon/webhooks/webhooks.go:180.2,180.29 1 17
github.com/zyvorai/transiva/daemon/webhooks/webhooks.go:181.3,181.29 1 17
github.com/zyvorai/transiva/daemon/webhooks/webhooks.go:182.4,183.1 1 15
github.com/zyvorai/transiva/daemon/webhooks/webhooks.go:186.2,186.14 1 2
github.com/zyvorai/transiva/daemon/webhooks/webhooks.go:191.2,197.1 1 1
github.com/zyvorai/transiva/daemon/webhooks/webhooks.go:201.2,206.1 1 1
github.com/zyvorai/transiva/daemon/webhooks/webhooks.go:210.2,211.52 2 1
github.com/zyvorai/transiva/daemon/webhooks/webhooks.go:212.3,213.1 1 1
github.com/zyvorai/transiva/daemon/webhooks/webhooks.go:215.2,220.1 2 1
github.com/zyvorai/transiva/daemon/webhooks/webhooks.go:222.2,222.23 2 1
github.com/zyvorai/transiva/daemon/webhooks/webhooks.go:223.3,225.1 2 1
github.com/zyvorai/transiva/daemon/webhooks/webhooks.go:227.2,227.33 1 1
github.com/zyvorai/transiva/daemon/webhooks/webhooks.go:232.2,238.1 1 1
github.com/zyvorai/transiva/daemon/webhooks/webhooks.go:242.2,247.1 1 1
github.com/zyvorai/transiva/daemon/webhooks/webhooks.go:251.2,251.25 1 2
github.com/zyvorai/transiva/daemon/webhooks/webhooks.go:252.3,253.1 1 1
github.com/zyvorai/transiva/daemon/webhooks/webhooks.go:255.2,264.4 1 1
github.com/zyvorai/transiva/logger/logger.go:51.2,56.1 1 15
github.com/zyvorai/transiva/logger/logger.go:59.2,60.36 2 26
github.com/zyvorai/transiva/logger/logger.go:62.3,62.16 1 11
github.com/zyvorai/transiva/logger/logger.go:64.3,64.15 1 7
github.com/zyvorai/transiva/logger/logger.go:66.3,66.15 1 4
github.com/zyvorai/transiva/logger/logger.go:68.3,68.16 1 2
github.com/zyvorai/transiva/logger/logger.go:71.2,72.37 2 26
github.com/zyvorai/transiva/logger/logger.go:74.3,74.22 1 10
github.com/zyvorai/transiva/logger/logger.go:76.3,76.22 1 16
github.com/zyvorai/transiva/logger/logger.go:79.2,80.19 2 26
github.com/zyvorai/transiva/logger/logger.go:81.3,82.1 1 1
github.com/zyvorai/transiva/logger/logger.go:84.2,88.1 1 26
github.com/zyvorai/transiva/logger/logger.go:92.2,92.21 1 144
github.com/zyvorai/transiva/logger/logger.go:93.3,94.1 1 11
github.com/zyvorai/transiva/logger/logger.go:96.2,96.28 1 133
github.com/zyvorai/transiva/logger/logger.go:97.3,98.1 1 9
github.com/zyvorai/transiva/logger/logger.go:99.3,100.1 1 124
github.com/zyvorai/transiva/logger/logger.go:104.2,106.1 3 124
github.com/zyvorai/transiva/logger/logger.go:107.2,107.28 3 124
github.com/zyvorai/transiva/logger/logger.go:108.3,109.46 2 105
github.com/zyvorai/transiva/logger/logger.go:110.4,110.32 1 108
github.com/zyvorai/transiva/logger/logger.go:111.5,112.1 1 108
github.com/zyvorai/transiva/logger/logger.go:114.3,114.21 1 105
github.com/zyvorai/transiva/logger/logger.go:115.4,116.1 1 105
github.com/zyvorai/transiva/logger/logger.go:119.2,119.26 1 124
github.com/zyvorai/transiva/logger/logger.go:123.2,127.1 5 9
github.com/zyvorai/transiva/logger/logger.go:129.2,129.45 5 9
github.com/zyvorai/transiva/logger/logger.go:130.3,130.31 1 6
github.com/zyvorai/transiva/logger/logger.go:131.4,133.1 2 6
github.com/zyvorai/transiva/logger/logger.go:136.2,137.16 2 9
github.com/zyvorai/transiva/logger/logger.go:139.3,141.1 2 0
github.com/zyvorai/transiva/logger/logger.go:143.2,143.37 1 9
github.com/zyvorai/transiva/logger/logger.go:147.2,148.1 1 10
github.com/zyvorai/transiva/logger/logger.go:151.2,152.1 1 114
github.com/zyvorai/transiva/logger/logger.go:155.2,156.1 1 10
github.com/zyvorai/transiva/logger/logger.go:159.2,160.1 1 10
github.com/zyvorai/transiva/logger/test_logger.go:21.2,22.1 1 6
github.com/zyvorai/transiva/logger/test_logger.go:25.2,26.1 2 18
github.com/zyvorai/transiva/logger/test_logger.go:27.2,27.28 2 18
github.com/zyvorai/transiva/logger/test_logger.go:28.3,29.46 2 9
github.com/zyvorai/transiva/logger/test_logger.go:30.4,30.32 1 15
github.com/zyvorai/transiva/logger/test_logger.go:31.5,32.1 1 12
github.com/zyvorai/transiva/logger/test_logger.go:34.3,34.21 1 9
github.com/zyvorai/transiva/logger/test_logger.go:35.4,36.1 1 8
github.com/zyvorai/transiva/logger/test_logger.go:39.2,39.15 1 18
github.com/zyvorai/transiva/logger/test_logger.go:43.2,44.1 1 4
github.com/zyvorai/transiva/logger/test_logger.go:47.2,48.1 1 4
github.com/zyvorai/transiva/logger/test_logger.go:51.2,52.1 1 3
github.com/zyvorai/transiva/logger/test_logger.go:55.2,56.1 1 3
github.com/zyvorai/transiva/manifest/builder.go:39.2,53.1 2 36
github.com/zyvorai/transiva/manifest/builder.go:58.2,66.1 3 11
github.com/zyvorai/transiva/manifest/builder.go:67.2,68.1 3 11
github.com/zyvorai/transiva/manifest/builder.go:72.2,79.1 2 3
github.com/zyvorai/transiva/manifest/builder.go:80.2,81.1 2 3
github.com/zyvorai/transiva/manifest/builder.go:86.2,86.41 1 21
github.com/zyvorai/transiva/manifest/builder.go:87.3,89.1 2 2
github.com/zyvorai/transiva/manifest/builder.go:92.2,92.40 1 19
github.com/zyvorai/transiva/manifest/builder.go:93.3,93.20 1 1
github.com/zyvorai/transiva/manifest/builder.go:94.4,96.1 2 1
github.com/zyvorai/transiva/manifest/builder.go:100.2,103.1 2 18
github.com/zyvorai/transiva/manifest/builder.go:104.2,104.33 2 18
github.com/zyvorai/transiva/manifest/builder.go:105.3,107.1 2 1
github.com/zyvorai/transiva/manifest/builder.go:110.2,111.16 2 17
github.com/zyvorai/transiva/manifest/builder.go:112.3,114.1 2 0
github.com/zyvorai/transiva/manifest/builder.go:116.2,116.44 1 17
github.com/zyvorai/transiva/manifest/builder.go:117.3,119.1 2 2
github.com/zyvorai/transiva/manifest/builder.go:121.2,129.1 3 15
github.com/zyvorai/transiva/manifest/builder.go:131.2,132.10 3 15
github.com/zyvorai/transiva/manifest/builder.go:137.2,138.23 2 4
github.com/zyvorai/transiva/manifest/builder.go:139.3,140.1 1 1
github.com/zyvorai/transiva/manifest/builder.go:142.2,142.21 1 3
github.com/zyvorai/transiva/manifest/builder.go:144.3,144.32 1 2
github.com/zyvorai/transiva/manifest/builder.go:145.4,147.18 3 2
github.com/zyvorai/transiva/manifest/builder.go:148.5,150.1 2 0
github.com/zyvorai/transiva/manifest/builder.go:151.4,151.54 1 2
github.com/zyvorai/transiva/manifest/builder.go:155.2,155.10 1 3
github.com/zyvorai/transiva/manifest/builder.go:160.2,166.1 2 3
github.com/zyvorai/transiva/manifest/builder.go:170.2,172.1 2 3
github.com/zyvorai/transiva/manifest/builder.go:176.2,183.1 3 2
github.com/zyvorai/transiva/manifest/builder.go:187.2,187.32 1 6
github.com/zyvorai/transiva/manifest/builder.go:188.3,191.1 2 0
github.com/zyvorai/transiva/manifest/builder.go:193.2,195.17 3 6
github.com/zyvorai/transiva/manifest/builder.go:196.3,197.1 1 5
github.com/zyvorai/transiva/manifest/builder.go:198.2,198.10 1 6
github.com/zyvorai/transiva/manifest/builder.go:203.2,224.1 2 3
github.com/zyvorai/transiva/manifest/builder.go:225.2,226.1 2 3
github.com/zyvorai/transiva/manifest/builder.go:230.2,230.32 1 0
github.com/zyvorai/transiva/manifest/builder.go:231.3,232.1 1 0
github.com/zyvorai/transiva/manifest/builder.go:233.2,233.36 1 0
github.com/zyvorai/transiva/manifest/builder.go:234.3,235.1 1 0
github.com/zyvorai/transiva/manifest/builder.go:236.2,238.10 3 0
github.com/zyvorai/transiva/manifest/builder.go:243.2,247.1 2 1
github.com/zyvorai/transiva/manifest/builder.go:248.2,249.1 2 1
github.com/zyvorai/transiva/manifest/builder.go:253.2,260.1 2 2
github.com/zyvorai/transiva/manifest/builder.go:261.2,262.1 2 2
github.com/zyvorai/transiva/manifest/builder.go:267.2,267.23 1 12
github.com/zyvorai/transiva/manifest/builder.go:268.3,269.1 1 1
github.com/zyvorai/transiva/manifest/builder.go:272.2,272.32 1 11
github.com/zyvorai/transiva/manifest/builder.go:273.3,274.1 1 1
github.com/zyvorai/transiva/manifest/builder.go:276.2,276.24 1 10
github.com/zyvorai/transiva/manifest/builder.go:283.2,284.16 2 8
github.com/zyvorai/transiva/manifest/builder.go:285.3,286.1 1 2
github.com/zyvorai/transiva/manifest/builder.go:287.2,288.1 3 6
github.com/zyvorai/transiva/manifest/builder.go:289.2,290.47 3 6
github.com/zyvorai/transiva/manifest/builder.go:291.3,292.1 1 0
github.com/zyvorai/transiva/manifest/builder.go:294.2,294.46 1 6
github.com/zyvorai/transiva/manifest/serializer.go:15.2,16.16 2 7
github.com/zyvorai/transiva/manifest/serializer.go:17.3,18.1 1 0
github.com/zyvorai/transiva/manifest/serializer.go:19.2,19.18 1 7
github.com/zyvorai/transiva/manifest/serializer.go:24.2,25.16 2 4
github.com/zyvorai/transiva/manifest/serializer.go:26.3,27.1 1 0
github.com/zyvorai/transiva/manifest/serializer.go:28.2,28.18 1 4
github.com/zyvorai/transiva/manifest/serializer.go:33.2,34.49 2 7
github.com/zyvorai/transiva/manifest/serializer.go:35.3,36.1 1 1
github.com/zyvorai/transiva/manifest/serializer.go:37.2,37.16 1 6
github.com/zyvorai/transiva/manifest/serializer.go:42.2,43.49 2 3
github.com/zyvorai/transiva/manifest/serializer.go:44.3,45.1 1 1
github.com/zyvorai/transiva/manifest/serializer.go:46.2,46.16 1 2
github.com/zyvorai/transiva/manifest/serializer.go:51.2,53.1 3 8
github.com/zyvorai/transiva/manifest/serializer.go:55.2,55.107 3 8
github.com/zyvorai/transiva/manifest/serializer.go:56.3,57.1 1 3
github.com/zyvorai/transiva/manifest/serializer.go:58.3,59.1 1 5
github.com/zyvorai/transiva/manifest/serializer.go:61.2,61.16 1 8
github.com/zyvorai/transiva/manifest/serializer.go:62.3,63.1 1 0
github.com/zyvorai/transiva/manifest/serializer.go:66.2,66.59 1 8
github.com/zyvorai/transiva/manifest/serializer.go:67.3,68.1 1 1
github.com/zyvorai/transiva/manifest/serializer.go:70.2,70.12 1 7
github.com/zyvorai/transiva/manifest/serializer.go:78.2,79.16 2 5
github.com/zyvorai/transiva/manifest/serializer.go:80.3,81.1 1 1
github.com/zyvorai/transiva/manifest/serializer.go:84.2,85.107 2 4
github.com/zyvorai/transiva/manifest/serializer.go:86.3,87.1 1 1
github.com/zyvorai/transiva/manifest/serializer.go:88.3,89.1 1 3
github.com/zyvorai/transiva/manifest/serializer.go:91.2,91.16 1 4
github.com/zyvorai/transiva/manifest/serializer.go:92.3,93.1 1 0
github.com/zyvorai/transiva/manifest/serializer.go:96.2,96.36 1 4
github.com/zyvorai/transiva/manifest/serializer.go:97.3,98.1 1 1
github.com/zyvorai/transiva/manifest/serializer.go:100.2,100.15 1 3
github.com/zyvorai/transiva/manifest/validator.go:13.2,13.14 1 12
github.com/zyvorai/transiva/manifest/validator.go:14.3,15.1 1 1
github.com/zyvorai/transiva/manifest/validator.go:18.2,18.41 1 11
github.com/zyvorai/transiva/manifest/validator.go:19.3,20.1 1 1
github.com/zyvorai/transiva/manifest/validator.go:23.2,23.23 1 10
github.com/zyvorai/transiva/manifest/validator.go:24.3,25.1 1 2
github.com/zyvorai/transiva/manifest/validator.go:28.2,29.1 2 8
github.com/zyvorai/transiva/manifest/validator.go:30.2,30.31 2 8
github.com/zyvorai/transiva/manifest/validator.go:31.3,31.56 1 8
github.com/zyvorai/transiva/manifest/validator.go:32.4,33.1 1 0
github.com/zyvorai/transiva/manifest/validator.go:37.2,37.17 1 8
github.com/zyvorai/transiva/manifest/validator.go:38.3,38.50 1 2
github.com/zyvorai/transiva/manifest/validator.go:39.4,40.1 1 1
github.com/zyvorai/transiva/manifest/validator.go:44.2,44.29 1 7
github.com/zyvorai/transiva/manifest/validator.go:45.3,45.45 1 2
github.com/zyvorai/transiva/manifest/validator.go:46.4,47.1 1 1
github.com/zyvorai/transiva/manifest/validator.go:50.2,50.12 1 6
github.com/zyvorai/transiva/manifest/validator.go:56.2,56.19 1 27
github.com/zyvorai/transiva/manifest/validator.go:57.3,58.1 1 1
github.com/zyvorai/transiva/manifest/validator.go:60.2,60.46 1 26
github.com/zyvorai/transiva/manifest/validator.go:61.3,62.1 1 1
github.com/zyvorai/transiva/manifest/validator.go:65.2,65.22 1 25
github.com/zyvorai/transiva/manifest/validator.go:66.3,67.1 1 1
github.com/zyvorai/transiva/manifest/validator.go:68.2,69.1 3 24
github.com/zyvorai/transiva/manifest/validator.go:71.2,74.1 3 24
github.com/zyvorai/transiva/manifest/validator.go:75.2,75.38 3 24
github.com/zyvorai/transiva/manifest/validator.go:76.3,77.1 1 1
github.com/zyvorai/transiva/manifest/validator.go:80.2,80.20 1 23
github.com/zyvorai/transiva/manifest/validator.go:81.3,82.1 1 1
github.com/zyvorai/transiva/manifest/validator.go:85.2,85.26 1 22
github.com/zyvorai/transiva/manifest/validator.go:86.3,87.1 1 1
github.com/zyvorai/transiva/manifest/validator.go:90.2,91.16 2 21
github.com/zyvorai/transiva/manifest/validator.go:92.3,93.1 1 0
github.com/zyvorai/transiva/manifest/validator.go:95.2,95.44 1 21
github.com/zyvorai/transiva/manifest/validator.go:96.3,97.1 1 1
github.com/zyvorai/transiva/manifest/validator.go:100.2,100.25 1 20
github.com/zyvorai/transiva/manifest/validator.go:101.3,101.55 1 1
github.com/zyvorai/transiva/manifest/validator.go:102.4,103.1 1 1
github.com/zyvorai/transiva/manifest/validator.go:107.2,107.28 1 19
github.com/zyvorai/transiva/manifest/validator.go:108.3,109.1 1 1
github.com/zyvorai/transiva/manifest/validator.go:112.2,112.25 1 18
github.com/zyvorai/transiva/manifest/validator.go:113.3,115.1 2 10
github.com/zyvorai/transiva/manifest/validator.go:116.3,116.33 2 10
github.com/zyvorai/transiva/manifest/validator.go:117.4,118.1 1 1
github.com/zyvorai/transiva/manifest/validator.go:121.2,121.12 1 17
github.com/zyvorai/transiva/manifest/validator.go:127.2,127.23 1 9
github.com/zyvorai/transiva/manifest/validator.go:128.3,130.1 2 8
github.com/zyvorai/transiva/manifest/validator.go:131.3,131.34 2 8
github.com/zyvorai/transiva/manifest/validator.go:132.4,133.1 1 1
github.com/zyvorai/transiva/manifest/validator.go:137.2,137.16 1 8
github.com/zyvorai/transiva/manifest/validator.go:138.3,139.1 1 2
github.com/zyvorai/transiva/manifest/validator.go:142.2,142.18 1 6
github.com/zyvorai/transiva/manifest/validator.go:143.3,144.1 1 1
github.com/zyvorai/transiva/manifest/validator.go:146.2,146.12 1 5
github.com/zyvorai/transiva/manifest/validator.go:152.2,152.19 1 8
github.com/zyvorai/transiva/manifest/validator.go:156.3,156.24 1 7
github.com/zyvorai/transiva/manifest/validator.go:157.4,158.1 1 2
github.com/zyvorai/transiva/manifest/validator.go:161.2,161.12 1 6
github.com/zyvorai/transiva/manifest/validator.go:166.2,167.1 2 4
github.com/zyvorai/transiva/manifest/validator.go:168.2,168.31 2 4
github.com/zyvorai/transiva/manifest/validator.go:169.3,169.26 1 4
github.com/zyvorai/transiva/manifest/validator.go:170.4,170.12 1 1
github.com/zyvorai/transiva/manifest/validator.go:174.3,175.1 3 3
github.com/zyvorai/transiva/manifest/validator.go:177.3,178.17 3 3
github.com/zyvorai/transiva/manifest/validator.go:179.4,180.1 1 1
github.com/zyvorai/transiva/manifest/validator.go:183.3,185.1 3 2
github.com/zyvorai/transiva/manifest/validator.go:186.3,186.13 3 2
github.com/zyvorai/transiva/manifest/validator.go:187.4,188.1 1 1
github.com/zyvorai/transiva/manifest/validator.go:191.2,191.21 1 2
github.com/zyvorai/transiva/progress/reporter.go:28.2,35.41 1 21
github.com/zyvorai/transiva/progress/reporter.go:36.4,37.1 1 34
github.com/zyvorai/transiva/progress/reporter.go:44.2,45.1 2 21
github.com/zyvorai/transiva/progress/reporter.go:46.2,48.1 2 21
github.com/zyvorai/transiva/progress/reporter.go:52.2,52.30 1 18
github.com/zyvorai/transiva/progress/reporter.go:53.3,54.1 1 2
github.com/zyvorai/transiva/progress/reporter.go:55.2,57.15 3 16
github.com/zyvorai/transiva/progress/reporter.go:61.2,61.30 1 33
github.com/zyvorai/transiva/progress/reporter.go:62.3,63.1 1 7
github.com/zyvorai/transiva/progress/reporter.go:64.2,64.26 1 26
github.com/zyvorai/transiva/progress/reporter.go:68.2,68.30 1 27
github.com/zyvorai/transiva/progress/reporter.go:69.3,70.1 1 7
github.com/zyvorai/transiva/progress/reporter.go:71.2,71.24 1 20
github.com/zyvorai/transiva/progress/reporter.go:75.2,75.30 1 10
github.com/zyvorai/transiva/progress/reporter.go:76.3,77.1 1 2
github.com/zyvorai/transiva/progress/reporter.go:78.2,78.20 1 8
github.com/zyvorai/transiva/progress/reporter.go:82.2,82.30 1 4
github.com/zyvorai/transiva/progress/reporter.go:83.3,84.1 1 2
github.com/zyvorai/transiva/progress/reporter.go:85.2,85.26 1 2
github.com/zyvorai/transiva/progress/reporter.go:89.2,89.30 1 4
github.com/zyvorai/transiva/progress/reporter.go:90.3,91.1 1 2
github.com/zyvorai/transiva/progress/reporter.go:92.2,92.29 1 2
github.com/zyvorai/transiva/progress/reporter.go:96.2,96.30 1 13
github.com/zyvorai/transiva/progress/reporter.go:97.3,98.1 1 2
github.com/zyvorai/transiva/progress/reporter.go:99.2,99.22 1 11
github.com/zyvorai/transiva/progress/reporter.go:104.2,119.41 1 1
github.com/zyvorai/transiva/progress/reporter.go:120.4,121.1 1 1
github.com/zyvorai/transiva/progress/reporter.go:123.2,123.31 1 1
github.com/zyvorai/transiva/progress/reporter.go:128.2,136.1 1 1
github.com/zyvorai/transiva/progress/reporter.go:145.2,148.1 1 5
github.com/zyvorai/transiva/progress/reporter.go:152.2,153.1 1 7
github.com/zyvorai/transiva/progress/reporter.go:156.2,157.1 1 1
github.com/zyvorai/transiva/progress/reporter.go:160.2,160.29 1 3
github.com/zyvorai/transiva/progress/reporter.go:161.3,162.1 1 5
github.com/zyvorai/transiva/progress/reporter.go:163.2,163.15 1 3
github.com/zyvorai/transiva/daemon/tracing/middleware.go:24.2,27.1 1 2
github.com/zyvorai/transiva/daemon/tracing/middleware.go:32.2,32.71 1 2
github.com/zyvorai/transiva/daemon/tracing/middleware.go:34.3,35.1 10 2
github.com/zyvorai/transiva/daemon/tracing/middleware.go:37.3,51.1 10 2
github.com/zyvorai/transiva/daemon/tracing/middleware.go:53.3,56.1 10 2
github.com/zyvorai/transiva/daemon/tracing/middleware.go:59.3,60.1 10 2
github.com/zyvorai/transiva/daemon/tracing/middleware.go:62.3,63.1 10 2
github.com/zyvorai/transiva/daemon/tracing/middleware.go:65.3,66.1 10 2
github.com/zyvorai/transiva/daemon/tracing/middleware.go:68.3,73.1 10 2
github.com/zyvorai/transiva/daemon/tracing/middleware.go:75.3,75.38 10 2
github.com/zyvorai/transiva/daemon/tracing/middleware.go:76.4,77.1 1 1
github.com/zyvorai/transiva/daemon/tracing/middleware.go:78.4,79.1 1 1
github.com/zyvorai/transiva/daemon/tracing/middleware.go:92.2,94.1 2 3
github.com/zyvorai/transiva/daemon/tracing/middleware.go:98.2,101.1 3 3
github.com/zyvorai/transiva/daemon/tracing/middleware.go:105.2,107.1 2 1
github.com/zyvorai/transiva/daemon/tracing/middleware.go:111.2,113.1 2 1
github.com/zyvorai/transiva/daemon/tracing/tracing.go:63.2,75.1 1 1
github.com/zyvorai/transiva/daemon/tracing/tracing.go:86.2,86.21 1 16
github.com/zyvorai/transiva/daemon/tracing/tracing.go:88.3,92.1 1 1
github.com/zyvorai/transiva/daemon/tracing/tracing.go:95.2,103.16 2 15
github.com/zyvorai/transiva/daemon/tracing/tracing.go:104.3,105.1 1 0
github.com/zyvorai/transiva/daemon/tracing/tracing.go:108.2,109.16 2 15
github.com/zyvorai/transiva/daemon/tracing/tracing.go:110.3,111.1 1 1
github.com/zyvorai/transiva/daemon/tracing/tracing.go:114.2,115.32 2 14
github.com/zyvorai/transiva/daemon/tracing/tracing.go:116.3,117.1 1 2
github.com/zyvorai/transiva/daemon/tracing/tracing.go:117.9,117.39 1 12
github.com/zyvorai/transiva/daemon/tracing/tracing.go:118.3,119.1 1 11
github.com/zyvorai/transiva/daemon/tracing/tracing.go:120.3,121.1 1 1
github.com/zyvorai/transiva/daemon/tracing/tracing.go:124.2,134.1 4 14
github.com/zyvorai/transiva/daemon/tracing/tracing.go:136.2,137.1 4 14
github.com/zyvorai/transiva/daemon/tracing/tracing.go:139.2,145.1 4 14
github.com/zyvorai/transiva/daemon/tracing/tracing.go:146.2,149.8 4 14
github.com/zyvorai/transiva/daemon/tracing/tracing.go:154.2,154.23 1 16
github.com/zyvorai/transiva/daemon/tracing/tracing.go:155.3,156.1 1 0
github.com/zyvorai/transiva/daemon/tracing/tracing.go:157.2,157.33 1 16
github.com/zyvorai/transiva/daemon/tracing/tracing.go:162.2,162.23 1 11
github.com/zyvorai/transiva/daemon/tracing/tracing.go:163.3,164.1 1 0
github.com/zyvorai/transiva/daemon/tracing/tracing.go:165.2,165.32 1 11
github.com/zyvorai/transiva/daemon/tracing/tracing.go:170.2,170.25 1 15
github.com/zyvorai/transiva/daemon/tracing/tracing.go:172.3,176.4 1 0
github.com/zyvorai/transiva/daemon/tracing/tracing.go:179.3,183.53 2 0
github.com/zyvorai/transiva/daemon/tracing/tracing.go:186.3,188.4 1 14
github.com/zyvorai/transiva/daemon/tracing/tracing.go:191.3,191.70 1 1
github.com/zyvorai/transiva/daemon/tracing/tracing.go:197.2,198.1 1 1
github.com/zyvorai/transiva/daemon/tracing/tracing.go:202.2,203.1 1 2
github.com/zyvorai/transiva/daemon/tracing/tracing.go:207.2,209.1 2 1
github.com/zyvorai/transiva/daemon/tracing/tracing.go:213.2,215.1 2 1
github.com/zyvorai/transiva/daemon/tracing/tracing.go:219.2,221.1 2 1
github.com/zyvorai/transiva/daemon/tracing/tracing.go:225.2,227.1 2 1
github.com/zyvorai/transiva/daemon/tracing/tracing.go:251.2,260.1 2 1
github.com/zyvorai/transiva/daemon/tracing/tracing.go:264.2,272.1 2 1
github.com/zyvorai/transiva/daemon/tracing/tracing.go:276.2,284.1 2 1
github.com/zyvorai/transiva/daemon/tracing/tracing.go:288.2,296.1 2 1
github.com/zyvorai/transiva/providers/carbon/electricitymap.go:21.2,27.1 1 0
github.com/zyvorai/transiva/providers/carbon/electricitymap.go:40.2,41.1 3 0
github.com/zyvorai/transiva/providers/carbon/electricitymap.go:42.2,43.16 3 0
github.com/zyvorai/transiva/providers/carbon/electricitymap.go:44.3,45.1 1 0
github.com/zyvorai/transiva/providers/carbon/electricitymap.go:47.2,48.1 3 0
github.com/zyvorai/transiva/providers/carbon/electricitymap.go:49.2,50.16 3 0
github.com/zyvorai/transiva/providers/carbon/electricitymap.go:51.3,52.1 1 0
github.com/zyvorai/transiva/providers/carbon/electricitymap.go:53.2,54.1 2 0
github.com/zyvorai/transiva/providers/carbon/electricitymap.go:55.2,55.38 2 0
github.com/zyvorai/transiva/providers/carbon/electricitymap.go:56.3,57.1 1 0
github.com/zyvorai/transiva/providers/carbon/electricitymap.go:59.2,60.67 2 0
github.com/zyvorai/transiva/providers/carbon/electricitymap.go:61.3,62.1 1 0
github.com/zyvorai/transiva/providers/carbon/electricitymap.go:64.2,70.8 1 0
github.com/zyvorai/transiva/providers/carbon/electricitymap.go:75.2,76.1 3 0
github.com/zyvorai/transiva/providers/carbon/electricitymap.go:77.2,78.16 3 0
github.com/zyvorai/transiva/providers/carbon/electricitymap.go:79.3,80.1 1 0
github.com/zyvorai/transiva/providers/carbon/electricitymap.go:82.2,83.1 3 0
github.com/zyvorai/transiva/providers/carbon/electricitymap.go:84.2,85.16 3 0
github.com/zyvorai/transiva/providers/carbon/electricitymap.go:86.3,87.1 1 0
github.com/zyvorai/transiva/providers/carbon/electricitymap.go:88.2,89.1 2 0
github.com/zyvorai/transiva/providers/carbon/electricitymap.go:90.2,90.38 2 0
github.com/zyvorai/transiva/providers/carbon/electricitymap.go:91.3,92.1 1 0
github.com/zyvorai/transiva/providers/carbon/electricitymap.go:94.2,100.1 2 0
github.com/zyvorai/transiva/providers/carbon/electricitymap.go:102.2,102.67 2 0
github.com/zyvorai/transiva/providers/carbon/electricitymap.go:103.3,104.1 1 0
github.com/zyvorai/transiva/providers/carbon/electricitymap.go:107.2,109.1 3 0
github.com/zyvorai/transiva/providers/carbon/electricitymap.go:110.2,110.36 3 0
github.com/zyvorai/transiva/providers/carbon/electricitymap.go:111.3,111.31 1 0
github.com/zyvorai/transiva/providers/carbon/electricitymap.go:112.4,112.9 1 0
github.com/zyvorai/transiva/providers/carbon/electricitymap.go:114.3,118.5 1 0
github.com/zyvorai/transiva/providers/carbon/electricitymap.go:121.2,121.23 1 0
github.com/zyvorai/transiva/providers/carbon/electricitymap.go:127.2,128.16 2 0
github.com/zyvorai/transiva/providers/carbon/electricitymap.go:129.3,130.1 1 0
github.com/zyvorai/transiva/providers/carbon/electricitymap.go:133.2,134.16 2 0
github.com/zyvorai/transiva/providers/carbon/electricitymap.go:136.3,137.1 1 0
github.com/zyvorai/transiva/providers/carbon/electricitymap.go:139.2,143.1 2 0
github.com/zyvorai/transiva/providers/carbon/electricitymap.go:146.2,146.51 2 0
github.com/zyvorai/transiva/providers/carbon/electricitymap.go:147.3,147.30 1 0
github.com/zyvorai/transiva/providers/carbon/electricitymap.go:148.4,148.38 1 0
github.com/zyvorai/transiva/providers/carbon/electricitymap.go:149.5,150.10 2 0
github.com/zyvorai/transiva/providers/carbon/electricitymap.go:156.2,157.1 2 0
github.com/zyvorai/transiva/providers/carbon/electricitymap.go:158.2,158.20 2 0
github.com/zyvorai/transiva/providers/carbon/electricitymap.go:163.2,163.42 1 0
github.com/zyvorai/transiva/providers/carbon/electricitymap.go:164.3,165.51 2 0
github.com/zyvorai/transiva/providers/carbon/electricitymap.go:166.4,167.1 1 0
github.com/zyvorai/transiva/providers/carbon/electricitymap.go:168.3,169.64 1 0
github.com/zyvorai/transiva/providers/carbon/electricitymap.go:172.2,172.24 1 0
github.com/zyvorai/transiva/providers/carbon/electricitymap.go:173.3,176.1 2 0
github.com/zyvorai/transiva/providers/carbon/electricitymap.go:178.2,179.38 1 0
github.com/zyvorai/transiva/providers/carbon/electricitymap.go:184.2,185.1 3 0
github.com/zyvorai/transiva/providers/carbon/electricitymap.go:186.2,187.16 3 0
github.com/zyvorai/transiva/providers/carbon/electricitymap.go:188.3,189.1 1 0
github.com/zyvorai/transiva/providers/carbon/electricitymap.go:191.2,192.1 3 0
github.com/zyvorai/transiva/providers/carbon/electricitymap.go:193.2,194.16 3 0
github.com/zyvorai/transiva/providers/carbon/electricitymap.go:195.3,196.1 1 0
github.com/zyvorai/transiva/providers/carbon/electricitymap.go:197.2,198.1 2 0
github.com/zyvorai/transiva/providers/carbon/electricitymap.go:199.2,199.38 2 0
github.com/zyvorai/transiva/providers/carbon/electricitymap.go:200.3,201.1 1 0
github.com/zyvorai/transiva/providers/carbon/electricitymap.go:203.2,204.66 2 0
github.com/zyvorai/transiva/providers/carbon/electricitymap.go:205.3,206.1 1 0
github.com/zyvorai/transiva/providers/carbon/electricitymap.go:209.2,210.26 2 0
github.com/zyvorai/transiva/providers/carbon/electricitymap.go:211.3,212.1 1 0
github.com/zyvorai/transiva/providers/carbon/electricitymap.go:214.2,214.22 1 0
github.com/zyvorai/transiva/providers/carbon/electricitymap.go:220.2,221.1 1 5
github.com/zyvorai/transiva/providers/carbon/electricitymap.go:226.2,229.1 4 3
github.com/zyvorai/transiva/providers/carbon/electricitymap.go:231.2,232.1 4 3
github.com/zyvorai/transiva/providers/carbon/electricitymap.go:242.2,245.1 6 1
github.com/zyvorai/transiva/providers/carbon/electricitymap.go:247.2,249.1 6 1
github.com/zyvorai/transiva/providers/carbon/electricitymap.go:250.2,260.1 6 1
github.com/zyvorai/transiva/providers/carbon/mock.go:22.2,31.1 1 1
github.com/zyvorai/transiva/providers/carbon/mock.go:36.2,36.26 1 3
github.com/zyvorai/transiva/providers/carbon/mock.go:37.3,38.1 1 1
github.com/zyvorai/transiva/providers/carbon/mock.go:40.2,41.1 2 2
github.com/zyvorai/transiva/providers/carbon/mock.go:42.2,48.8 2 2
github.com/zyvorai/transiva/providers/carbon/mock.go:53.2,53.26 1 2
github.com/zyvorai/transiva/providers/carbon/mock.go:54.3,55.1 1 0
github.com/zyvorai/transiva/providers/carbon/mock.go:57.2,59.1 3 2
github.com/zyvorai/transiva/providers/carbon/mock.go:60.2,60.29 3 2
github.com/zyvorai/transiva/providers/carbon/mock.go:61.3,63.1 3 8
github.com/zyvorai/transiva/providers/carbon/mock.go:64.3,68.1 3 8
github.com/zyvorai/transiva/providers/carbon/mock.go:71.2,71.23 1 2
github.com/zyvorai/transiva/providers/carbon/mock.go:76.2,77.16 2 1
github.com/zyvorai/transiva/providers/carbon/mock.go:78.3,79.1 1 0
github.com/zyvorai/transiva/providers/carbon/mock.go:81.2,82.16 2 1
github.com/zyvorai/transiva/providers/carbon/mock.go:83.3,84.1 1 0
github.com/zyvorai/transiva/providers/carbon/mock.go:86.2,90.1 2 1
github.com/zyvorai/transiva/providers/carbon/mock.go:93.2,93.30 2 1
github.com/zyvorai/transiva/providers/carbon/mock.go:94.3,94.30 1 0
github.com/zyvorai/transiva/providers/carbon/mock.go:95.4,95.38 1 0
github.com/zyvorai/transiva/providers/carbon/mock.go:96.5,97.10 2 0
github.com/zyvorai/transiva/providers/carbon/mock.go:102.2,103.1 2 1
github.com/zyvorai/transiva/providers/carbon/mock.go:104.2,104.20 2 1
github.com/zyvorai/transiva/providers/carbon/mock.go:109.2,110.1 1 1
github.com/zyvorai/transiva/providers/carbon/mock.go:114.2,115.1 3 10
github.com/zyvorai/transiva/providers/carbon/mock.go:117.2,118.1 3 10
github.com/zyvorai/transiva/providers/carbon/mock.go:120.2,120.26 3 10
github.com/zyvorai/transiva/providers/carbon/mock.go:122.3,122.31 1 10
github.com/zyvorai/transiva/providers/carbon/mock.go:124.4,125.1 1 8
github.com/zyvorai/transiva/providers/carbon/mock.go:125.10,125.36 1 2
github.com/zyvorai/transiva/providers/carbon/mock.go:127.4,128.1 1 0
github.com/zyvorai/transiva/providers/carbon/mock.go:130.4,131.1 1 2
github.com/zyvorai/transiva/providers/carbon/mock.go:136.2,138.1 3 10
github.com/zyvorai/transiva/providers/carbon/mock.go:140.2,140.19 3 10
github.com/zyvorai/transiva/providers/carbon/mock.go:141.3,142.1 1 0
github.com/zyvorai/transiva/providers/carbon/mock.go:144.2,144.18 1 10
github.com/zyvorai/transiva/providers/carbon/mock.go:149.2,149.42 1 1
github.com/zyvorai/transiva/providers/carbon/mock.go:150.3,152.1 1 1
github.com/zyvorai/transiva/providers/carbon/mock.go:154.2,154.24 1 0
github.com/zyvorai/transiva/providers/carbon/mock.go:155.3,158.1 2 0
github.com/zyvorai/transiva/providers/carbon/mock.go:160.2,161.27 1 0
github.com/zyvorai/transiva/providers/carbon/mock.go:166.2,166.28 1 5
github.com/zyvorai/transiva/providers/carbon/mock.go:167.3,167.16 1 10
github.com/zyvorai/transiva/providers/carbon/mock.go:168.4,169.1 1 4
github.com/zyvorai/transiva/providers/carbon/mock.go:171.2,171.14 1 1
github.com/zyvorai/transiva/providers/aws/client.go:61.2,61.22 1 3
github.com/zyvorai/transiva/providers/aws/client.go:62.3,63.1 1 2
github.com/zyvorai/transiva/providers/aws/client.go:66.2,68.1 3 3
github.com/zyvorai/transiva/providers/aws/client.go:69.2,69.56 3 3
github.com/zyvorai/transiva/providers/aws/client.go:71.3,79.1 1 3
github.com/zyvorai/transiva/providers/aws/client.go:81.3,84.1 1 0
github.com/zyvorai/transiva/providers/aws/client.go:86.2,86.16 1 3
github.com/zyvorai/transiva/providers/aws/client.go:87.3,88.1 1 0
github.com/zyvorai/transiva/providers/aws/client.go:90.2,95.8 1 3
github.com/zyvorai/transiva/providers/aws/client.go:100.2,101.1 3 0
github.com/zyvorai/transiva/providers/aws/client.go:102.2,103.16 3 0
github.com/zyvorai/transiva/providers/aws/client.go:104.3,105.1 1 0
github.com/zyvorai/transiva/providers/aws/client.go:107.2,108.50 2 0
github.com/zyvorai/transiva/providers/aws/client.go:109.3,109.50 1 0
github.com/zyvorai/transiva/providers/aws/client.go:110.4,112.1 2 0
github.com/zyvorai/transiva/providers/aws/client.go:115.2,116.23 2 0
github.com/zyvorai/transiva/providers/aws/client.go:121.2,123.1 3 0
github.com/zyvorai/transiva/providers/aws/client.go:125.2,126.16 3 0
github.com/zyvorai/transiva/providers/aws/client.go:127.3,128.1 1 0
github.com/zyvorai/transiva/providers/aws/client.go:130.2,130.81 1 0
github.com/zyvorai/transiva/providers/aws/client.go:131.3,132.1 1 0
github.com/zyvorai/transiva/providers/aws/client.go:134.2,134.69 1 0
github.com/zyvorai/transiva/providers/aws/client.go:139.2,140.1 3 0
github.com/zyvorai/transiva/providers/aws/client.go:142.2,143.16 3 0
github.com/zyvorai/transiva/providers/aws/client.go:144.3,145.1 1 0
github.com/zyvorai/transiva/providers/aws/client.go:148.2,153.1 3 0
github.com/zyvorai/transiva/providers/aws/client.go:155.2,155.21 3 0
github.com/zyvorai/transiva/providers/aws/client.go:156.3,157.1 1 0
github.com/zyvorai/transiva/providers/aws/client.go:159.2,160.16 2 0
github.com/zyvorai/transiva/providers/aws/client.go:161.3,162.1 1 0
github.com/zyvorai/transiva/providers/aws/client.go:164.2,166.1 3 0
github.com/zyvorai/transiva/providers/aws/client.go:168.2,168.21 3 0
github.com/zyvorai/transiva/providers/aws/client.go:169.3,170.1 1 0
github.com/zyvorai/transiva/providers/aws/client.go:172.2,176.16 3 0
github.com/zyvorai/transiva/providers/aws/client.go:177.3,178.1 1 0
github.com/zyvorai/transiva/providers/aws/client.go:180.2,181.1 2 0
github.com/zyvorai/transiva/providers/aws/client.go:183.2,183.29 2 0
github.com/zyvorai/transiva/providers/aws/client.go:184.3,184.22 1 0
github.com/zyvorai/transiva/providers/aws/client.go:185.4,186.1 1 0
github.com/zyvorai/transiva/providers/aws/client.go:188.3,189.17 2 0
github.com/zyvorai/transiva/providers/aws/client.go:190.4,191.1 1 0
github.com/zyvorai/transiva/providers/aws/client.go:192.4,193.1 1 0
github.com/zyvorai/transiva/providers/aws/client.go:197.2,198.70 2 0
github.com/zyvorai/transiva/providers/aws/client.go:199.3,200.1 1 0
github.com/zyvorai/transiva/providers/aws/client.go:202.2,202.21 1 0
github.com/zyvorai/transiva/providers/aws/client.go:203.3,205.1 2 0
github.com/zyvorai/transiva/providers/aws/client.go:207.2,208.12 2 0
github.com/zyvorai/transiva/providers/aws/client.go:213.2,215.1 3 0
github.com/zyvorai/transiva/providers/aws/client.go:217.2,218.16 3 0
github.com/zyvorai/transiva/providers/aws/client.go:219.3,220.1 1 0
github.com/zyvorai/transiva/providers/aws/client.go:222.2,223.12 2 0
github.com/zyvorai/transiva/providers/aws/client.go:228.2,230.1 3 0
github.com/zyvorai/transiva/providers/aws/client.go:232.2,233.16 3 0
github.com/zyvorai/transiva/providers/aws/client.go:234.3,235.1 1 0
github.com/zyvorai/transiva/providers/aws/client.go:237.2,238.12 2 0
github.com/zyvorai/transiva/providers/aws/client.go:243.2,250.1 2 0
github.com/zyvorai/transiva/providers/aws/client.go:253.2,253.29 2 0
github.com/zyvorai/transiva/providers/aws/client.go:254.3,255.1 1 0
github.com/zyvorai/transiva/providers/aws/client.go:257.2,257.32 1 0
github.com/zyvorai/transiva/providers/aws/client.go:258.3,259.1 1 0
github.com/zyvorai/transiva/providers/aws/client.go:261.2,261.29 1 0
github.com/zyvorai/transiva/providers/aws/client.go:262.3,263.1 1 0
github.com/zyvorai/transiva/providers/aws/client.go:264.3,265.1 1 0
github.com/zyvorai/transiva/providers/aws/client.go:267.2,267.38 1 0
github.com/zyvorai/transiva/providers/aws/client.go:268.3,269.1 1 0
github.com/zyvorai/transiva/providers/aws/client.go:271.2,271.37 1 0
github.com/zyvorai/transiva/providers/aws/client.go:272.3,273.1 1 0
github.com/zyvorai/transiva/providers/aws/client.go:276.2,276.36 1 0
github.com/zyvorai/transiva/providers/aws/client.go:277.3,277.41 1 0
github.com/zyvorai/transiva/providers/aws/client.go:278.4,279.26 2 0
github.com/zyvorai/transiva/providers/aws/client.go:280.5,281.1 1 0
github.com/zyvorai/transiva/providers/aws/client.go:286.2,286.23 1 0
github.com/zyvorai/transiva/providers/aws/client.go:287.3,288.1 1 0
github.com/zyvorai/transiva/providers/aws/client.go:291.2,291.55 1 0
github.com/zyvorai/transiva/providers/aws/client.go:292.3,292.56 1 0
github.com/zyvorai/transiva/providers/aws/client.go:293.4,294.1 1 0
github.com/zyvorai/transiva/providers/aws/client.go:297.2,297.15 1 0
github.com/zyvorai/transiva/providers/aws/client.go:302.2,328.1 2 0
github.com/zyvorai/transiva/providers/aws/client.go:329.2,330.1 2 0
github.com/zyvorai/transiva/providers/aws/client.go:334.2,335.1 2 0
github.com/zyvorai/transiva/providers/aws/client.go:336.2,336.29 2 0
github.com/zyvorai/transiva/providers/aws/client.go:337.3,338.1 1 0
github.com/zyvorai/transiva/providers/aws/client.go:341.2,342.16 2 0
github.com/zyvorai/transiva/providers/aws/client.go:343.3,344.1 1 0
github.com/zyvorai/transiva/providers/aws/client.go:346.2,347.1 2 0
github.com/zyvorai/transiva/providers/aws/client.go:348.2,348.21 2 0
github.com/zyvorai/transiva/providers/aws/client.go:349.3,351.1 2 0
github.com/zyvorai/transiva/providers/aws/client.go:353.2,353.12 1 0
github.com/zyvorai/transiva/providers/aws/client.go:358.2,360.1 2 0
github.com/zyvorai/transiva/providers/aws/client.go:364.2,365.1 1 1
github.com/zyvorai/transiva/providers/aws/client.go:369.2,370.16 2 0
github.com/zyvorai/transiva/providers/aws/client.go:371.3,372.1 1 0
github.com/zyvorai/transiva/providers/aws/client.go:373.2,373.12 1 0
github.com/zyvorai/transiva/providers/aws/client.go:378.2,379.16 2 0
github.com/zyvorai/transiva/providers/aws/client.go:380.3,381.1 1 0
github.com/zyvorai/transiva/providers/aws/client.go:383.2,384.40 2 0
github.com/zyvorai/transiva/providers/aws/client.go:385.3,385.31 1 0
github.com/zyvorai/transiva/providers/aws/client.go:386.4,387.1 1 0
github.com/zyvorai/transiva/providers/aws/client.go:390.2,390.21 1 0
github.com/zyvorai/transiva/providers/aws/client.go:395.2,396.16 2 0
github.com/zyvorai/transiva/providers/aws/client.go:397.3,398.1 1 0
github.com/zyvorai/transiva/providers/aws/client.go:400.2,402.1 3 0
github.com/zyvorai/transiva/providers/aws/client.go:403.2,403.31 3 0
github.com/zyvorai/transiva/providers/aws/client.go:405.3,410.41 1 0
github.com/zyvorai/transiva/providers/aws/client.go:411.4,412.1 1 0
github.com/zyvorai/transiva/providers/aws/client.go:415.3,415.35 1 0
github.com/zyvorai/transiva/providers/aws/client.go:416.4,417.53 1 0
github.com/zyvorai/transiva/providers/aws/client.go:418.5,419.10 2 0
github.com/zyvorai/transiva/providers/aws/client.go:424.2,424.21 1 0
github.com/zyvorai/transiva/providers/aws/export.go:25.2,26.1 2 0
github.com/zyvorai/transiva/providers/aws/export.go:27.2,27.21 2 0
github.com/zyvorai/transiva/providers/aws/export.go:28.3,29.1 1 0
github.com/zyvorai/transiva/providers/aws/export.go:32.2,33.16 2 0
github.com/zyvorai/transiva/providers/aws/export.go:34.3,35.1 1 0
github.com/zyvorai/transiva/providers/aws/export.go:38.2,39.16 2 0
github.com/zyvorai/transiva/providers/aws/export.go:40.3,41.1 1 0
github.com/zyvorai/transiva/providers/aws/export.go:43.2,44.1 3 0
github.com/zyvorai/transiva/providers/aws/export.go:46.2,47.16 3 0
github.com/zyvorai/transiva/providers/aws/export.go:48.3,49.1 1 0
github.com/zyvorai/transiva/providers/aws/export.go:51.2,52.1 2 0
github.com/zyvorai/transiva/providers/aws/export.go:54.2,54.21 2 0
github.com/zyvorai/transiva/providers/aws/export.go:55.3,56.1 1 0
github.com/zyvorai/transiva/providers/aws/export.go:58.2,60.16 3 0
github.com/zyvorai/transiva/providers/aws/export.go:61.3,62.1 1 0
github.com/zyvorai/transiva/providers/aws/export.go:64.2,65.1 2 0
github.com/zyvorai/transiva/providers/aws/export.go:66.2,74.8 2 0
github.com/zyvorai/transiva/providers/aws/export.go:81.2,82.1 2 0
github.com/zyvorai/transiva/providers/aws/export.go:83.2,83.21 2 0
github.com/zyvorai/transiva/providers/aws/export.go:84.3,85.1 1 0
github.com/zyvorai/transiva/providers/aws/export.go:88.2,90.1 3 0
github.com/zyvorai/transiva/providers/aws/export.go:91.2,92.16 3 0
github.com/zyvorai/transiva/providers/aws/export.go:93.3,94.1 1 0
github.com/zyvorai/transiva/providers/aws/export.go:96.2,96.40 1 0
github.com/zyvorai/transiva/providers/aws/export.go:97.3,98.1 1 0
github.com/zyvorai/transiva/providers/aws/export.go:102.2,103.1 5 0
github.com/zyvorai/transiva/providers/aws/export.go:104.2,121.1 5 0
github.com/zyvorai/transiva/providers/aws/export.go:123.2,124.16 5 0
github.com/zyvorai/transiva/providers/aws/export.go:125.3,126.1 1 0
github.com/zyvorai/transiva/providers/aws/export.go:128.2,130.1 3 0
github.com/zyvorai/transiva/providers/aws/export.go:132.2,132.21 3 0
github.com/zyvorai/transiva/providers/aws/export.go:133.3,134.1 1 0
github.com/zyvorai/transiva/providers/aws/export.go:136.2,140.16 3 0
github.com/zyvorai/transiva/providers/aws/export.go:141.3,142.1 1 0
github.com/zyvorai/transiva/providers/aws/export.go:144.2,145.1 2 0
github.com/zyvorai/transiva/providers/aws/export.go:147.2,147.29 2 0
github.com/zyvorai/transiva/providers/aws/export.go:148.3,154.1 2 0
github.com/zyvorai/transiva/providers/aws/export.go:157.2,157.21 1 0
github.com/zyvorai/transiva/providers/aws/export.go:158.3,159.1 1 0
github.com/zyvorai/transiva/providers/aws/export.go:161.2,162.16 2 0
github.com/zyvorai/transiva/providers/aws/export.go:163.3,164.1 1 0
github.com/zyvorai/transiva/providers/aws/export.go:166.2,167.1 3 0
github.com/zyvorai/transiva/providers/aws/export.go:169.2,170.16 3 0
github.com/zyvorai/transiva/providers/aws/export.go:171.3,172.1 1 0
github.com/zyvorai/transiva/providers/aws/export.go:174.2,175.1 2 0
github.com/zyvorai/transiva/providers/aws/export.go:177.2,177.21 2 0
github.com/zyvorai/transiva/providers/aws/export.go:178.3,179.1 1 0
github.com/zyvorai/transiva/providers/aws/export.go:181.2,183.16 3 0
github.com/zyvorai/transiva/providers/aws/export.go:184.3,185.1 1 0
github.com/zyvorai/transiva/providers/aws/export.go:187.2,188.1 2 0
github.com/zyvorai/transiva/providers/aws/export.go:189.2,197.8 2 0
github.com/zyvorai/transiva/providers/aws/export.go:204.2,212.1 3 0
github.com/zyvorai/transiva/providers/aws/export.go:214.2,215.16 3 0
github.com/zyvorai/transiva/providers/aws/export.go:216.3,217.1 1 0
github.com/zyvorai/transiva/providers/aws/export.go:219.2,219.58 1 0
github.com/zyvorai/transiva/providers/aws/export.go:224.2,232.1 3 0
github.com/zyvorai/transiva/providers/aws/export.go:234.2,235.16 3 0
github.com/zyvorai/transiva/providers/aws/export.go:236.3,237.1 1 0
github.com/zyvorai/transiva/providers/aws/export.go:239.2,239.58 1 0
github.com/zyvorai/transiva/providers/aws/export.go:244.2,246.1 4 0
github.com/zyvorai/transiva/providers/aws/export.go:247.2,248.1 4 0
github.com/zyvorai/transiva/providers/aws/export.go:249.2,249.6 4 0
github.com/zyvorai/transiva/providers/aws/export.go:250.3,250.10 1 0
github.com/zyvorai/transiva/providers/aws/export.go:252.4,252.24 1 0
github.com/zyvorai/transiva/providers/aws/export.go:254.4,254.64 1 0
github.com/zyvorai/transiva/providers/aws/export.go:256.4,258.1 3 0
github.com/zyvorai/transiva/providers/aws/export.go:260.4,261.18 3 0
github.com/zyvorai/transiva/providers/aws/export.go:262.5,263.1 1 0
github.com/zyvorai/transiva/providers/aws/export.go:265.4,265.36 1 0
github.com/zyvorai/transiva/providers/aws/export.go:266.5,267.1 1 0
github.com/zyvorai/transiva/providers/aws/export.go:269.4,271.1 4 0
github.com/zyvorai/transiva/providers/aws/export.go:272.4,273.1 4 0
github.com/zyvorai/transiva/providers/aws/export.go:275.4,275.52 4 0
github.com/zyvorai/transiva/providers/aws/export.go:276.5,277.1 1 0
github.com/zyvorai/transiva/providers/aws/export.go:279.4,279.17 1 0
github.com/zyvorai/transiva/providers/aws/export.go:282.5,282.71 1 0
github.com/zyvorai/transiva/providers/aws/export.go:283.6,284.1 1 0
github.com/zyvorai/transiva/providers/aws/export.go:285.5,285.67 1 0
github.com/zyvorai/transiva/providers/aws/export.go:288.5,288.55 1 0
github.com/zyvorai/transiva/providers/aws/export.go:291.5,291.60 1 0
github.com/zyvorai/transiva/providers/aws/export.go:295.5,295.13 1 0
github.com/zyvorai/transiva/providers/aws/export.go:298.5,299.13 2 0
github.com/zyvorai/transiva/providers/aws/export.go:311.2,314.1 3 0
github.com/zyvorai/transiva/providers/aws/export.go:316.2,317.16 3 0
github.com/zyvorai/transiva/providers/aws/export.go:318.3,319.1 1 0
github.com/zyvorai/transiva/providers/aws/export.go:321.2,323.1 3 0
github.com/zyvorai/transiva/providers/aws/export.go:325.2,325.67 3 0
github.com/zyvorai/transiva/providers/aws/export.go:326.3,327.1 1 0
github.com/zyvorai/transiva/providers/aws/export.go:330.2,331.16 2 0
github.com/zyvorai/transiva/providers/aws/export.go:332.3,333.1 1 0
github.com/zyvorai/transiva/providers/aws/export.go:334.2,335.1 4 0
github.com/zyvorai/transiva/providers/aws/export.go:337.2,340.1 4 0
github.com/zyvorai/transiva/providers/aws/export.go:342.2,343.16 4 0
github.com/zyvorai/transiva/providers/aws/export.go:344.3,345.1 1 0
github.com/zyvorai/transiva/providers/aws/export.go:346.2,347.1 3 0
github.com/zyvorai/transiva/providers/aws/export.go:349.2,350.21 3 0
github.com/zyvorai/transiva/providers/aws/export.go:351.3,355.1 1 0
github.com/zyvorai/transiva/providers/aws/export.go:359.2,360.16 2 0
github.com/zyvorai/transiva/providers/aws/export.go:361.3,362.1 1 0
github.com/zyvorai/transiva/providers/aws/export.go:364.2,364.26 1 0
github.com/zyvorai/transiva/providers/aws/export.go:365.3,366.1 1 0
github.com/zyvorai/transiva/providers/aws/export.go:368.2,368.21 1 0
github.com/zyvorai/transiva/providers/aws/export.go:380.2,382.1 3 0
github.com/zyvorai/transiva/providers/aws/export.go:383.2,383.40 3 0
github.com/zyvorai/transiva/providers/aws/export.go:384.3,386.1 2 0
github.com/zyvorai/transiva/providers/aws/export.go:388.2,388.15 1 0
github.com/zyvorai/transiva/providers/aws/export.go:405.2,406.1 2 0
github.com/zyvorai/transiva/providers/aws/export.go:408.2,408.40 2 0
github.com/zyvorai/transiva/providers/aws/export.go:409.3,410.1 1 0
github.com/zyvorai/transiva/providers/aws/export.go:413.2,414.16 2 0
github.com/zyvorai/transiva/providers/aws/export.go:415.3,416.1 1 0
github.com/zyvorai/transiva/providers/aws/export.go:419.2,420.16 2 0
github.com/zyvorai/transiva/providers/aws/export.go:421.3,422.1 1 0
github.com/zyvorai/transiva/providers/aws/export.go:424.2,425.1 3 0
github.com/zyvorai/transiva/providers/aws/export.go:427.2,428.16 3 0
github.com/zyvorai/transiva/providers/aws/export.go:429.3,430.1 1 0
github.com/zyvorai/transiva/providers/aws/export.go:432.2,433.1 3 0
github.com/zyvorai/transiva/providers/aws/export.go:434.2,440.1 3 0
github.com/zyvorai/transiva/providers/aws/export.go:443.2,443.25 3 0
github.com/zyvorai/transiva/providers/aws/export.go:444.3,446.17 3 0
github.com/zyvorai/transiva/providers/aws/export.go:447.4,448.1 1 0
github.com/zyvorai/transiva/providers/aws/export.go:450.3,452.1 4 0
github.com/zyvorai/transiva/providers/aws/export.go:453.3,454.1 4 0
github.com/zyvorai/transiva/providers/aws/export.go:456.3,456.37 4 0
github.com/zyvorai/transiva/providers/aws/export.go:457.4,457.53 1 0
github.com/zyvorai/transiva/providers/aws/export.go:458.5,459.1 1 0
github.com/zyvorai/transiva/providers/aws/export.go:463.2,463.20 1 0
github.com/zyvorai/transiva/providers/aws/export.go:468.2,476.1 3 0
github.com/zyvorai/transiva/providers/aws/export.go:478.2,479.16 3 0
github.com/zyvorai/transiva/providers/aws/export.go:480.3,481.1 1 0
github.com/zyvorai/transiva/providers/aws/export.go:483.2,483.58 1 0
github.com/zyvorai/transiva/providers/aws/export.go:488.2,490.1 4 0
github.com/zyvorai/transiva/providers/aws/export.go:491.2,492.1 4 0
github.com/zyvorai/transiva/providers/aws/export.go:493.2,493.6 4 0
github.com/zyvorai/transiva/providers/aws/export.go:494.3,494.10 1 0
github.com/zyvorai/transiva/providers/aws/export.go:496.4,496.24 1 0
github.com/zyvorai/transiva/providers/aws/export.go:498.4,498.79 1 0
github.com/zyvorai/transiva/providers/aws/export.go:500.4,502.1 3 0
github.com/zyvorai/transiva/providers/aws/export.go:504.4,505.18 3 0
github.com/zyvorai/transiva/providers/aws/export.go:506.5,507.1 1 0
github.com/zyvorai/transiva/providers/aws/export.go:509.4,509.36 1 0
github.com/zyvorai/transiva/providers/aws/export.go:510.5,511.1 1 0
github.com/zyvorai/transiva/providers/aws/export.go:513.4,515.1 4 0
github.com/zyvorai/transiva/providers/aws/export.go:516.4,517.1 4 0
github.com/zyvorai/transiva/providers/aws/export.go:518.4,518.17 4 0
github.com/zyvorai/transiva/providers/aws/export.go:520.5,520.71 1 0
github.com/zyvorai/transiva/providers/aws/export.go:521.6,522.1 1 0
github.com/zyvorai/transiva/providers/aws/export.go:523.5,523.67 1 0
github.com/zyvorai/transiva/providers/aws/export.go:526.5,526.55 1 0
github.com/zyvorai/transiva/providers/aws/export.go:529.5,529.13 1 0
github.com/zyvorai/transiva/providers/aws/export.go:532.5,533.13 2 0
github.com/zyvorai/transiva/providers/aws/export.go:542.2,545.1 3 0
github.com/zyvorai/transiva/providers/aws/export.go:547.2,548.16 3 0
github.com/zyvorai/transiva/providers/aws/export.go:549.3,550.1 1 0
github.com/zyvorai/transiva/providers/aws/export.go:552.2,554.1 3 0
github.com/zyvorai/transiva/providers/aws/export.go:556.2,556.67 3 0
github.com/zyvorai/transiva/providers/aws/export.go:557.3,558.1 1 0
github.com/zyvorai/transiva/providers/aws/export.go:561.2,562.16 2 0
github.com/zyvorai/transiva/providers/aws/export.go:563.3,564.1 1 0
github.com/zyvorai/transiva/providers/aws/export.go:565.2,566.1 4 0
github.com/zyvorai/transiva/providers/aws/export.go:568.2,571.1 4 0
github.com/zyvorai/transiva/providers/aws/export.go:573.2,574.16 4 0
github.com/zyvorai/transiva/providers/aws/export.go:575.3,576.1 1 0
github.com/zyvorai/transiva/providers/aws/export.go:577.2,578.1 3 0
github.com/zyvorai/transiva/providers/aws/export.go:580.2,581.34 3 0
github.com/zyvorai/transiva/providers/aws/export.go:582.3,591.1 2 0
github.com/zyvorai/transiva/providers/aws/export.go:595.2,595.29 1 0
github.com/zyvorai/transiva/providers/aws/export.go:596.3,597.1 1 0
github.com/zyvorai/transiva/providers/aws/export.go:600.2,601.16 2 0
github.com/zyvorai/transiva/providers/aws/export.go:602.3,603.1 1 0
github.com/zyvorai/transiva/providers/aws/export.go:605.2,605.26 1 0
github.com/zyvorai/transiva/providers/aws/export.go:606.3,607.1 1 0
github.com/zyvorai/transiva/providers/aws/export.go:609.2,609.21 1 0
github.com/zyvorai/transiva/providers/aws/export.go:616.2,618.1 2 0
github.com/zyvorai/transiva/providers/aws/export.go:632.2,633.1 3 0
github.com/zyvorai/transiva/providers/aws/export.go:635.2,636.1 3 0
github.com/zyvorai/transiva/providers/aws/export.go:638.2,638.25 3 0
github.com/zyvorai/transiva/providers/aws/export.go:639.3,640.1 1 0
github.com/zyvorai/transiva/providers/aws/export.go:642.2,642.15 1 0
github.com/zyvorai/transiva/providers/aws/export_options.go:35.2,42.1 1 0
github.com/zyvorai/transiva/providers/aws/export_options.go:47.2,47.27 1 0
github.com/zyvorai/transiva/providers/aws/export_options.go:48.3,49.1 1 0
github.com/zyvorai/transiva/providers/aws/export_options.go:51.2,51.25 1 0
github.com/zyvorai/transiva/providers/aws/export_options.go:52.3,53.1 1 0
github.com/zyvorai/transiva/providers/aws/export_options.go:55.2,55.50 1 0
github.com/zyvorai/transiva/providers/aws/export_options.go:56.3,57.1 1 0
github.com/zyvorai/transiva/providers/aws/export_options.go:59.2,59.29 1 0
github.com/zyvorai/transiva/providers/aws/export_options.go:60.3,61.1 1 0
github.com/zyvorai/transiva/providers/aws/export_options.go:63.2,63.12 1 0
github.com/zyvorai/transiva/providers/aws/provider.go:22.2,26.1 1 1
github.com/zyvorai/transiva/providers/aws/provider.go:30.2,31.1 1 2
github.com/zyvorai/transiva/providers/aws/provider.go:35.2,36.1 1 2
github.com/zyvorai/transiva/providers/aws/provider.go:41.2,42.18 2 0
github.com/zyvorai/transiva/providers/aws/provider.go:43.3,44.1 1 0
github.com/zyvorai/transiva/providers/aws/provider.go:46.2,48.1 3 0
github.com/zyvorai/transiva/providers/aws/provider.go:49.2,49.21 3 0
github.com/zyvorai/transiva/providers/aws/provider.go:50.3,51.1 1 0
github.com/zyvorai/transiva/providers/aws/provider.go:52.2,52.21 1 0
github.com/zyvorai/transiva/providers/aws/provider.go:53.3,54.1 1 0
github.com/zyvorai/transiva/providers/aws/provider.go:57.2,61.1 3 0
github.com/zyvorai/transiva/providers/aws/provider.go:64.2,65.16 3 0
github.com/zyvorai/transiva/providers/aws/provider.go:66.3,67.1 1 0
github.com/zyvorai/transiva/providers/aws/provider.go:69.2,71.12 3 0
github.com/zyvorai/transiva/providers/aws/provider.go:77.2,78.1 1 1
github.com/zyvorai/transiva/providers/aws/provider.go:82.2,82.21 1 0
github.com/zyvorai/transiva/providers/aws/provider.go:83.3,84.1 1 0
github.com/zyvorai/transiva/providers/aws/provider.go:87.2,87.58 1 0
github.com/zyvorai/transiva/providers/aws/provider.go:88.3,89.1 1 0
github.com/zyvorai/transiva/providers/aws/provider.go:91.2,92.12 2 0
github.com/zyvorai/transiva/providers/aws/provider.go:97.2,97.21 1 0
github.com/zyvorai/transiva/providers/aws/provider.go:98.3,99.1 1 0
github.com/zyvorai/transiva/providers/aws/provider.go:101.2,102.16 2 0
github.com/zyvorai/transiva/providers/aws/provider.go:103.3,104.1 1 0
github.com/zyvorai/transiva/providers/aws/provider.go:106.2,107.33 2 0
github.com/zyvorai/transiva/providers/aws/provider.go:108.3,119.1 2 0
github.com/zyvorai/transiva/providers/aws/provider.go:120.3,121.1 2 0
github.com/zyvorai/transiva/providers/aws/provider.go:123.2,123.20 1 0
github.com/zyvorai/transiva/providers/aws/provider.go:128.2,128.21 1 0
github.com/zyvorai/transiva/providers/aws/provider.go:129.3,130.1 1 0
github.com/zyvorai/transiva/providers/aws/provider.go:132.2,133.16 2 0
github.com/zyvorai/transiva/providers/aws/provider.go:134.3,135.1 1 0
github.com/zyvorai/transiva/providers/aws/provider.go:137.2,148.8 1 0
github.com/zyvorai/transiva/providers/aws/provider.go:153.2,153.21 1 0
github.com/zyvorai/transiva/providers/aws/provider.go:154.3,155.1 1 0
github.com/zyvorai/transiva/providers/aws/provider.go:158.2,159.16 2 0
github.com/zyvorai/transiva/providers/aws/provider.go:160.3,161.1 1 0
github.com/zyvorai/transiva/providers/aws/provider.go:164.2,165.33 2 0
github.com/zyvorai/transiva/providers/aws/provider.go:166.3,177.1 2 0
github.com/zyvorai/transiva/providers/aws/provider.go:178.3,179.1 2 0
github.com/zyvorai/transiva/providers/aws/provider.go:181.2,182.20 2 0
github.com/zyvorai/transiva/providers/aws/provider.go:187.2,187.21 1 0
github.com/zyvorai/transiva/providers/aws/provider.go:188.3,189.1 1 0
github.com/zyvorai/transiva/providers/aws/provider.go:192.2,193.18 2 0
github.com/zyvorai/transiva/providers/aws/provider.go:194.3,195.1 1 0
github.com/zyvorai/transiva/providers/aws/provider.go:198.2,198.36 1 0
github.com/zyvorai/transiva/providers/aws/provider.go:199.3,200.17 2 0
github.com/zyvorai/transiva/providers/aws/provider.go:201.4,202.1 1 0
github.com/zyvorai/transiva/providers/aws/provider.go:204.3,216.9 1 0
github.com/zyvorai/transiva/providers/aws/provider.go:220.2,221.16 2 0
github.com/zyvorai/transiva/providers/aws/provider.go:222.3,223.1 1 0
github.com/zyvorai/transiva/providers/aws/provider.go:225.2,233.8 1 0
github.com/zyvorai/transiva/providers/aws/provider.go:238.2,245.1 1 1
github.com/zyvorai/transiva/providers/azure/client.go:67.2,67.22 1 1
github.com/zyvorai/transiva/providers/azure/client.go:68.3,69.1 1 0
github.com/zyvorai/transiva/providers/azure/client.go:72.2,78.16 2 1
github.com/zyvorai/transiva/providers/azure/client.go:79.3,80.1 1 0
github.com/zyvorai/transiva/providers/azure/client.go:83.2,84.16 2 1
github.com/zyvorai/transiva/providers/azure/client.go:85.3,86.1 1 0
github.com/zyvorai/transiva/providers/azure/client.go:89.2,90.16 2 1
github.com/zyvorai/transiva/providers/azure/client.go:91.3,92.1 1 0
github.com/zyvorai/transiva/providers/azure/client.go:95.2,96.16 2 1
github.com/zyvorai/transiva/providers/azure/client.go:97.3,98.1 1 0
github.com/zyvorai/transiva/providers/azure/client.go:101.2,102.16 2 1
github.com/zyvorai/transiva/providers/azure/client.go:103.3,104.1 1 0
github.com/zyvorai/transiva/providers/azure/client.go:107.2,108.16 2 1
github.com/zyvorai/transiva/providers/azure/client.go:109.3,110.1 1 0
github.com/zyvorai/transiva/providers/azure/client.go:112.2,120.8 1 1
github.com/zyvorai/transiva/providers/azure/client.go:125.2,126.1 3 0
github.com/zyvorai/transiva/providers/azure/client.go:127.2,128.19 3 0
github.com/zyvorai/transiva/providers/azure/client.go:129.3,130.17 2 0
github.com/zyvorai/transiva/providers/azure/client.go:131.4,132.1 1 0
github.com/zyvorai/transiva/providers/azure/client.go:134.3,134.33 1 0
github.com/zyvorai/transiva/providers/azure/client.go:135.4,137.1 2 0
github.com/zyvorai/transiva/providers/azure/client.go:140.2,141.17 2 0
github.com/zyvorai/transiva/providers/azure/client.go:146.2,147.16 2 0
github.com/zyvorai/transiva/providers/azure/client.go:148.3,149.1 1 0
github.com/zyvorai/transiva/providers/azure/client.go:151.2,151.50 1 0
github.com/zyvorai/transiva/providers/azure/client.go:156.2,157.1 3 0
github.com/zyvorai/transiva/providers/azure/client.go:159.2,160.16 3 0
github.com/zyvorai/transiva/providers/azure/client.go:161.3,162.1 1 0
github.com/zyvorai/transiva/providers/azure/client.go:164.2,164.21 1 0
github.com/zyvorai/transiva/providers/azure/client.go:165.3,166.1 1 0
github.com/zyvorai/transiva/providers/azure/client.go:169.2,170.16 2 0
github.com/zyvorai/transiva/providers/azure/client.go:171.3,172.1 1 0
github.com/zyvorai/transiva/providers/azure/client.go:174.2,175.16 2 0
github.com/zyvorai/transiva/providers/azure/client.go:176.3,177.1 1 0
github.com/zyvorai/transiva/providers/azure/client.go:179.2,180.1 2 0
github.com/zyvorai/transiva/providers/azure/client.go:181.2,181.21 2 0
github.com/zyvorai/transiva/providers/azure/client.go:182.3,183.1 1 0
github.com/zyvorai/transiva/providers/azure/client.go:186.2,187.16 2 0
github.com/zyvorai/transiva/providers/azure/client.go:188.3,189.1 1 0
github.com/zyvorai/transiva/providers/azure/client.go:191.2,192.1 3 0
github.com/zyvorai/transiva/providers/azure/client.go:194.2,195.1 3 0
github.com/zyvorai/transiva/providers/azure/client.go:196.2,196.21 3 0
github.com/zyvorai/transiva/providers/azure/client.go:197.3,198.1 1 0
github.com/zyvorai/transiva/providers/azure/client.go:201.2,202.16 2 0
github.com/zyvorai/transiva/providers/azure/client.go:203.3,204.1 1 0
github.com/zyvorai/transiva/providers/azure/client.go:206.2,213.1 3 0
github.com/zyvorai/transiva/providers/azure/client.go:215.2,222.16 3 0
github.com/zyvorai/transiva/providers/azure/client.go:223.3,224.1 1 0
github.com/zyvorai/transiva/providers/azure/client.go:226.2,227.16 2 0
github.com/zyvorai/transiva/providers/azure/client.go:228.3,229.1 1 0
github.com/zyvorai/transiva/providers/azure/client.go:231.2,232.1 2 0
github.com/zyvorai/transiva/providers/azure/client.go:234.2,234.67 2 0
github.com/zyvorai/transiva/providers/azure/client.go:235.3,235.22 1 0
github.com/zyvorai/transiva/providers/azure/client.go:236.4,237.1 1 0
github.com/zyvorai/transiva/providers/azure/client.go:239.3,240.17 2 0
github.com/zyvorai/transiva/providers/azure/client.go:241.4,242.1 1 0
github.com/zyvorai/transiva/providers/azure/client.go:243.4,244.1 2 0
github.com/zyvorai/transiva/providers/azure/client.go:246.4,246.27 2 0
github.com/zyvorai/transiva/providers/azure/client.go:247.5,247.80 1 0
github.com/zyvorai/transiva/providers/azure/client.go:248.6,249.1 1 0
github.com/zyvorai/transiva/providers/azure/client.go:255.2,256.78 2 0
github.com/zyvorai/transiva/providers/azure/client.go:257.3,258.1 1 0
github.com/zyvorai/transiva/providers/azure/client.go:260.2,260.21 1 0
github.com/zyvorai/transiva/providers/azure/client.go:261.3,263.1 2 0
github.com/zyvorai/transiva/providers/azure/client.go:265.2,266.12 2 0
github.com/zyvorai/transiva/providers/azure/client.go:271.2,272.16 2 0
github.com/zyvorai/transiva/providers/azure/client.go:273.3,274.1 1 0
github.com/zyvorai/transiva/providers/azure/client.go:276.2,277.16 2 0
github.com/zyvorai/transiva/providers/azure/client.go:278.3,279.1 1 0
github.com/zyvorai/transiva/providers/azure/client.go:281.2,282.12 2 0
github.com/zyvorai/transiva/providers/azure/client.go:287.2,288.16 2 0
github.com/zyvorai/transiva/providers/azure/client.go:289.3,290.1 1 0
github.com/zyvorai/transiva/providers/azure/client.go:292.2,293.16 2 0
github.com/zyvorai/transiva/providers/azure/client.go:294.3,295.1 1 0
github.com/zyvorai/transiva/providers/azure/client.go:297.2,298.12 2 0
github.com/zyvorai/transiva/providers/azure/client.go:303.2,304.16 2 0
github.com/zyvorai/transiva/providers/azure/client.go:305.3,306.1 1 0
github.com/zyvorai/transiva/providers/azure/client.go:308.2,309.16 2 0
github.com/zyvorai/transiva/providers/azure/client.go:310.3,311.1 1 0
github.com/zyvorai/transiva/providers/azure/client.go:313.2,314.12 2 0
github.com/zyvorai/transiva/providers/azure/client.go:319.2,326.1 2 0
github.com/zyvorai/transiva/providers/azure/client.go:328.2,328.26 2 0
github.com/zyvorai/transiva/providers/azure/client.go:329.3,329.45 1 0
github.com/zyvorai/transiva/providers/azure/client.go:330.4,331.1 1 0
github.com/zyvorai/transiva/providers/azure/client.go:333.3,333.90 1 0
github.com/zyvorai/transiva/providers/azure/client.go:334.4,335.1 1 0
github.com/zyvorai/transiva/providers/azure/client.go:337.3,337.42 1 0
github.com/zyvorai/transiva/providers/azure/client.go:338.4,338.103 1 0
github.com/zyvorai/transiva/providers/azure/client.go:339.5,340.1 1 0
github.com/zyvorai/transiva/providers/azure/client.go:343.4,343.101 1 0
github.com/zyvorai/transiva/providers/azure/client.go:344.5,345.1 1 0
github.com/zyvorai/transiva/providers/azure/client.go:347.4,347.53 1 0
github.com/zyvorai/transiva/providers/azure/client.go:348.5,348.65 1 0
github.com/zyvorai/transiva/providers/azure/client.go:349.6,349.26 1 0
github.com/zyvorai/transiva/providers/azure/client.go:350.7,351.1 1 0
github.com/zyvorai/transiva/providers/azure/client.go:357.3,357.86 1 0
github.com/zyvorai/transiva/providers/azure/client.go:358.4,358.63 1 0
github.com/zyvorai/transiva/providers/azure/client.go:359.5,359.77 1 0
github.com/zyvorai/transiva/providers/azure/client.go:360.6,361.11 2 0
github.com/zyvorai/transiva/providers/azure/client.go:368.2,368.20 1 0
github.com/zyvorai/transiva/providers/azure/client.go:369.3,369.35 1 0
github.com/zyvorai/transiva/providers/azure/client.go:370.4,370.20 1 0
github.com/zyvorai/transiva/providers/azure/client.go:371.5,372.1 1 0
github.com/zyvorai/transiva/providers/azure/client.go:376.2,376.15 1 0
github.com/zyvorai/transiva/providers/azure/client.go:381.2,405.1 2 0
github.com/zyvorai/transiva/providers/azure/client.go:406.2,407.1 2 0
github.com/zyvorai/transiva/providers/azure/client.go:411.2,413.1 2 0
github.com/zyvorai/transiva/providers/azure/client.go:417.2,419.1 1 0
github.com/zyvorai/transiva/providers/azure/client.go:424.2,426.16 3 0
github.com/zyvorai/transiva/providers/azure/client.go:427.3,428.1 1 0
github.com/zyvorai/transiva/providers/azure/client.go:429.2,429.12 1 0
github.com/zyvorai/transiva/providers/azure/client.go:434.2,435.16 2 0
github.com/zyvorai/transiva/providers/azure/client.go:436.3,437.1 1 0
github.com/zyvorai/transiva/providers/azure/client.go:439.2,441.1 3 0
github.com/zyvorai/transiva/providers/azure/client.go:442.2,442.25 3 0
github.com/zyvorai/transiva/providers/azure/client.go:444.3,449.60 1 0
github.com/zyvorai/transiva/providers/azure/client.go:450.4,451.12 2 0
github.com/zyvorai/transiva/providers/azure/client.go:455.3,455.35 1 0
github.com/zyvorai/transiva/providers/azure/client.go:456.4,457.53 1 0
github.com/zyvorai/transiva/providers/azure/client.go:458.5,459.10 2 0
github.com/zyvorai/transiva/providers/azure/client.go:464.2,464.21 1 0
github.com/zyvorai/transiva/providers/azure/client.go:469.2,480.1 1 1
github.com/zyvorai/transiva/providers/azure/export.go:28.2,29.1 2 0
github.com/zyvorai/transiva/providers/azure/export.go:30.2,30.21 2 0
github.com/zyvorai/transiva/providers/azure/export.go:31.3,32.1 1 0
github.com/zyvorai/transiva/providers/azure/export.go:35.2,38.1 3 0
github.com/zyvorai/transiva/providers/azure/export.go:40.2,41.16 3 0
github.com/zyvorai/transiva/providers/azure/export.go:42.3,43.1 1 0
github.com/zyvorai/transiva/providers/azure/export.go:45.2,46.16 2 0
github.com/zyvorai/transiva/providers/azure/export.go:47.3,48.1 1 0
github.com/zyvorai/transiva/providers/azure/export.go:52.2,52.33 1 0
github.com/zyvorai/transiva/providers/azure/export.go:53.3,54.1 1 0
github.com/zyvorai/transiva/providers/azure/export.go:55.2,57.1 4 0
github.com/zyvorai/transiva/providers/azure/export.go:59.2,60.16 4 0
github.com/zyvorai/transiva/providers/azure/export.go:61.3,62.1 1 0
github.com/zyvorai/transiva/providers/azure/export.go:64.2,65.73 2 0
github.com/zyvorai/transiva/providers/azure/export.go:66.3,67.1 1 0
github.com/zyvorai/transiva/providers/azure/export.go:70.2,71.24 2 0
github.com/zyvorai/transiva/providers/azure/export.go:72.3,72.22 1 0
github.com/zyvorai/transiva/providers/azure/export.go:73.4,74.1 1 0
github.com/zyvorai/transiva/providers/azure/export.go:76.3,78.17 3 0
github.com/zyvorai/transiva/providers/azure/export.go:79.4,80.1 1 0
github.com/zyvorai/transiva/providers/azure/export.go:82.3,82.63 1 0
github.com/zyvorai/transiva/providers/azure/export.go:86.2,86.21 1 0
github.com/zyvorai/transiva/providers/azure/export.go:87.3,88.1 1 0
github.com/zyvorai/transiva/providers/azure/export.go:90.2,92.16 3 0
github.com/zyvorai/transiva/providers/azure/export.go:93.3,94.1 1 0
github.com/zyvorai/transiva/providers/azure/export.go:97.2,98.16 2 0
github.com/zyvorai/transiva/providers/azure/export.go:99.3,100.1 1 0
github.com/zyvorai/transiva/providers/azure/export.go:101.3,101.65 1 0
github.com/zyvorai/transiva/providers/azure/export.go:102.4,103.1 1 0
github.com/zyvorai/transiva/providers/azure/export.go:104.4,105.1 1 0
github.com/zyvorai/transiva/providers/azure/export.go:108.2,108.21 1 0
github.com/zyvorai/transiva/providers/azure/export.go:109.3,111.1 2 0
github.com/zyvorai/transiva/providers/azure/export.go:113.2,120.8 1 0
github.com/zyvorai/transiva/providers/azure/export.go:125.2,126.1 3 0
github.com/zyvorai/transiva/providers/azure/export.go:128.2,129.16 3 0
github.com/zyvorai/transiva/providers/azure/export.go:130.3,131.1 1 0
github.com/zyvorai/transiva/providers/azure/export.go:133.2,133.32 1 0
github.com/zyvorai/transiva/providers/azure/export.go:134.3,135.1 1 0
github.com/zyvorai/transiva/providers/azure/export.go:137.2,138.1 3 0
github.com/zyvorai/transiva/providers/azure/export.go:139.2,140.1 3 0
github.com/zyvorai/transiva/providers/azure/export.go:142.2,142.44 3 0
github.com/zyvorai/transiva/providers/azure/export.go:143.3,143.22 1 0
github.com/zyvorai/transiva/providers/azure/export.go:144.4,145.1 1 0
github.com/zyvorai/transiva/providers/azure/export.go:147.3,148.17 2 0
github.com/zyvorai/transiva/providers/azure/export.go:149.4,150.1 2 0
github.com/zyvorai/transiva/providers/azure/export.go:151.4,151.12 2 0
github.com/zyvorai/transiva/providers/azure/export.go:154.3,155.12 2 0
github.com/zyvorai/transiva/providers/azure/export.go:156.4,157.1 1 0
github.com/zyvorai/transiva/providers/azure/export.go:158.3,159.1 2 0
github.com/zyvorai/transiva/providers/azure/export.go:160.3,160.77 2 0
github.com/zyvorai/transiva/providers/azure/export.go:163.2,163.23 1 0
github.com/zyvorai/transiva/providers/azure/export.go:164.3,165.1 1 0
github.com/zyvorai/transiva/providers/azure/export.go:167.2,168.21 2 0
github.com/zyvorai/transiva/providers/azure/export.go:173.2,174.1 3 0
github.com/zyvorai/transiva/providers/azure/export.go:176.2,177.16 3 0
github.com/zyvorai/transiva/providers/azure/export.go:178.3,179.1 1 0
github.com/zyvorai/transiva/providers/azure/export.go:182.2,183.1 3 0
github.com/zyvorai/transiva/providers/azure/export.go:187.2,188.16 3 0
github.com/zyvorai/transiva/providers/azure/export.go:189.3,190.1 1 0
github.com/zyvorai/transiva/providers/azure/export.go:193.2,194.1 2 0
github.com/zyvorai/transiva/providers/azure/export.go:196.2,196.21 2 0
github.com/zyvorai/transiva/providers/azure/export.go:197.3,198.1 1 0
github.com/zyvorai/transiva/providers/azure/export.go:200.2,203.16 2 0
github.com/zyvorai/transiva/providers/azure/export.go:204.3,205.1 1 0
github.com/zyvorai/transiva/providers/azure/export.go:207.2,208.1 5 0
github.com/zyvorai/transiva/providers/azure/export.go:210.2,212.1 5 0
github.com/zyvorai/transiva/providers/azure/export.go:213.2,214.1 5 0
github.com/zyvorai/transiva/providers/azure/export.go:215.2,215.6 5 0
github.com/zyvorai/transiva/providers/azure/export.go:216.3,216.10 1 0
github.com/zyvorai/transiva/providers/azure/export.go:218.4,218.24 1 0
github.com/zyvorai/transiva/providers/azure/export.go:220.4,220.63 1 0
github.com/zyvorai/transiva/providers/azure/export.go:223.4,224.18 2 0
github.com/zyvorai/transiva/providers/azure/export.go:225.5,226.1 1 0
github.com/zyvorai/transiva/providers/azure/export.go:229.4,229.31 1 0
github.com/zyvorai/transiva/providers/azure/export.go:230.5,231.1 1 0
github.com/zyvorai/transiva/providers/azure/export.go:233.4,235.1 3 0
github.com/zyvorai/transiva/providers/azure/export.go:237.4,237.52 3 0
github.com/zyvorai/transiva/providers/azure/export.go:239.5,240.1 1 0
github.com/zyvorai/transiva/providers/azure/export.go:242.4,242.18 1 0
github.com/zyvorai/transiva/providers/azure/export.go:244.5,245.24 2 0
github.com/zyvorai/transiva/providers/azure/export.go:246.6,247.1 1 0
github.com/zyvorai/transiva/providers/azure/export.go:248.5,248.24 1 0
github.com/zyvorai/transiva/providers/azure/export.go:251.5,252.43 2 0
github.com/zyvorai/transiva/providers/azure/export.go:253.6,254.1 1 0
github.com/zyvorai/transiva/providers/azure/export.go:255.5,255.69 1 0
github.com/zyvorai/transiva/providers/azure/export.go:258.5,258.51 1 0
github.com/zyvorai/transiva/providers/azure/export.go:262.5,262.13 1 0
github.com/zyvorai/transiva/providers/azure/export.go:265.5,266.13 2 0
github.com/zyvorai/transiva/providers/azure/export.go:275.2,275.67 1 0
github.com/zyvorai/transiva/providers/azure/export.go:276.3,277.1 1 0
github.com/zyvorai/transiva/providers/azure/export.go:281.2,282.16 2 0
github.com/zyvorai/transiva/providers/azure/export.go:283.3,284.1 1 0
github.com/zyvorai/transiva/providers/azure/export.go:285.2,285.15 1 0
github.com/zyvorai/transiva/providers/azure/export.go:286.3,286.48 1 0
github.com/zyvorai/transiva/providers/azure/export.go:287.4,288.1 1 0
github.com/zyvorai/transiva/providers/azure/export.go:292.2,294.1 3 0
github.com/zyvorai/transiva/providers/azure/export.go:296.2,297.16 3 0
github.com/zyvorai/transiva/providers/azure/export.go:298.3,299.1 1 0
github.com/zyvorai/transiva/providers/azure/export.go:301.2,302.16 2 0
github.com/zyvorai/transiva/providers/azure/export.go:303.3,304.1 1 0
github.com/zyvorai/transiva/providers/azure/export.go:305.2,305.15 1 0
github.com/zyvorai/transiva/providers/azure/export.go:306.3,306.53 1 0
github.com/zyvorai/transiva/providers/azure/export.go:307.4,308.1 1 0
github.com/zyvorai/transiva/providers/azure/export.go:311.2,311.38 1 0
github.com/zyvorai/transiva/providers/azure/export.go:312.3,313.1 1 0
github.com/zyvorai/transiva/providers/azure/export.go:315.2,317.1 4 0
github.com/zyvorai/transiva/providers/azure/export.go:319.2,320.38 4 0
github.com/zyvorai/transiva/providers/azure/export.go:321.3,325.1 1 0
github.com/zyvorai/transiva/providers/azure/export.go:329.2,330.16 2 0
github.com/zyvorai/transiva/providers/azure/export.go:331.3,332.1 1 0
github.com/zyvorai/transiva/providers/azure/export.go:334.2,334.21 1 0
github.com/zyvorai/transiva/providers/azure/export.go:339.2,340.1 2 0
github.com/zyvorai/transiva/providers/azure/export.go:341.2,341.21 2 0
github.com/zyvorai/transiva/providers/azure/export.go:342.3,343.1 1 0
github.com/zyvorai/transiva/providers/azure/export.go:346.2,349.1 3 0
github.com/zyvorai/transiva/providers/azure/export.go:351.2,352.16 3 0
github.com/zyvorai/transiva/providers/azure/export.go:353.3,354.1 1 0
github.com/zyvorai/transiva/providers/azure/export.go:356.2,357.16 2 0
github.com/zyvorai/transiva/providers/azure/export.go:358.3,359.1 1 0
github.com/zyvorai/transiva/providers/azure/export.go:362.2,362.33 1 0
github.com/zyvorai/transiva/providers/azure/export.go:363.3,364.1 1 0
github.com/zyvorai/transiva/providers/azure/export.go:365.2,367.1 4 0
github.com/zyvorai/transiva/providers/azure/export.go:369.2,370.16 4 0
github.com/zyvorai/transiva/providers/azure/export.go:371.3,372.1 1 0
github.com/zyvorai/transiva/providers/azure/export.go:374.2,375.81 2 0
github.com/zyvorai/transiva/providers/azure/export.go:376.3,377.1 1 0
github.com/zyvorai/transiva/providers/azure/export.go:380.2,381.24 2 0
github.com/zyvorai/transiva/providers/azure/export.go:382.3,382.22 1 0
github.com/zyvorai/transiva/providers/azure/export.go:383.4,384.1 1 0
github.com/zyvorai/transiva/providers/azure/export.go:386.3,388.17 3 0
github.com/zyvorai/transiva/providers/azure/export.go:389.4,390.1 1 0
github.com/zyvorai/transiva/providers/azure/export.go:392.3,392.63 1 0
github.com/zyvorai/transiva/providers/azure/export.go:396.2,396.21 1 0
github.com/zyvorai/transiva/providers/azure/export.go:397.3,398.1 1 0
github.com/zyvorai/transiva/providers/azure/export.go:400.2,402.16 3 0
github.com/zyvorai/transiva/providers/azure/export.go:403.3,404.1 1 0
github.com/zyvorai/transiva/providers/azure/export.go:407.2,408.16 2 0
github.com/zyvorai/transiva/providers/azure/export.go:409.3,410.1 1 0
github.com/zyvorai/transiva/providers/azure/export.go:411.3,411.65 1 0
github.com/zyvorai/transiva/providers/azure/export.go:412.4,413.1 1 0
github.com/zyvorai/transiva/providers/azure/export.go:414.4,415.1 1 0
github.com/zyvorai/transiva/providers/azure/export.go:418.2,418.21 1 0
github.com/zyvorai/transiva/providers/azure/export.go:419.3,421.1 2 0
github.com/zyvorai/transiva/providers/azure/export.go:423.2,431.8 1 0
github.com/zyvorai/transiva/providers/azure/export.go:443.2,445.1 3 0
github.com/zyvorai/transiva/providers/azure/export.go:446.2,446.40 3 0
github.com/zyvorai/transiva/providers/azure/export.go:447.3,449.1 2 0
github.com/zyvorai/transiva/providers/azure/export.go:451.2,451.15 1 0
github.com/zyvorai/transiva/providers/azure/export.go:467.2,468.1 3 0
github.com/zyvorai/transiva/providers/azure/export.go:469.2,475.1 3 0
github.com/zyvorai/transiva/providers/azure/export.go:476.2,476.33 3 0
github.com/zyvorai/transiva/providers/azure/export.go:477.3,478.26 2 0
github.com/zyvorai/transiva/providers/azure/export.go:479.4,480.1 1 0
github.com/zyvorai/transiva/providers/azure/export.go:481.3,491.58 1 0
github.com/zyvorai/transiva/providers/azure/export.go:494.2,496.1 2 0
github.com/zyvorai/transiva/providers/azure/export.go:497.2,497.59 2 0
github.com/zyvorai/transiva/providers/azure/export.go:502.2,503.1 2 0
github.com/zyvorai/transiva/providers/azure/export.go:505.2,505.40 2 0
github.com/zyvorai/transiva/providers/azure/export.go:506.3,507.1 1 0
github.com/zyvorai/transiva/providers/azure/export.go:510.2,513.1 3 0
github.com/zyvorai/transiva/providers/azure/export.go:515.2,516.16 3 0
github.com/zyvorai/transiva/providers/azure/export.go:517.3,518.1 1 0
github.com/zyvorai/transiva/providers/azure/export.go:520.2,521.16 2 0
github.com/zyvorai/transiva/providers/azure/export.go:522.3,523.1 1 0
github.com/zyvorai/transiva/providers/azure/export.go:525.2,525.33 1 0
github.com/zyvorai/transiva/providers/azure/export.go:526.3,527.1 1 0
github.com/zyvorai/transiva/providers/azure/export.go:528.2,530.1 4 0
github.com/zyvorai/transiva/providers/azure/export.go:532.2,533.16 4 0
github.com/zyvorai/transiva/providers/azure/export.go:534.3,535.1 1 0
github.com/zyvorai/transiva/providers/azure/export.go:537.2,538.73 2 0
github.com/zyvorai/transiva/providers/azure/export.go:539.3,540.1 1 0
github.com/zyvorai/transiva/providers/azure/export.go:542.2,546.1 2 0
github.com/zyvorai/transiva/providers/azure/export.go:549.2,549.24 2 0
github.com/zyvorai/transiva/providers/azure/export.go:550.3,552.17 3 0
github.com/zyvorai/transiva/providers/azure/export.go:553.4,554.1 1 0
github.com/zyvorai/transiva/providers/azure/export.go:556.3,558.1 3 0
github.com/zyvorai/transiva/providers/azure/export.go:559.3,559.86 3 0
github.com/zyvorai/transiva/providers/azure/export.go:563.2,563.23 1 0
github.com/zyvorai/transiva/providers/azure/export.go:564.3,565.17 2 0
github.com/zyvorai/transiva/providers/azure/export.go:566.4,567.1 1 0
github.com/zyvorai/transiva/providers/azure/export.go:568.4,568.66 1 0
github.com/zyvorai/transiva/providers/azure/export.go:569.5,570.1 1 0
github.com/zyvorai/transiva/providers/azure/export.go:571.5,572.1 1 0
github.com/zyvorai/transiva/providers/azure/export.go:576.2,576.20 1 0
github.com/zyvorai/transiva/providers/azure/export.go:582.2,582.67 1 0
github.com/zyvorai/transiva/providers/azure/export.go:583.3,584.1 1 0
github.com/zyvorai/transiva/providers/azure/export.go:588.2,589.16 2 0
github.com/zyvorai/transiva/providers/azure/export.go:590.3,591.1 1 0
github.com/zyvorai/transiva/providers/azure/export.go:592.2,592.15 1 0
github.com/zyvorai/transiva/providers/azure/export.go:593.3,593.48 1 0
github.com/zyvorai/transiva/providers/azure/export.go:594.4,595.1 1 0
github.com/zyvorai/transiva/providers/azure/export.go:599.2,601.1 3 0
github.com/zyvorai/transiva/providers/azure/export.go:603.2,604.16 3 0
github.com/zyvorai/transiva/providers/azure/export.go:605.3,606.1 1 0
github.com/zyvorai/transiva/providers/azure/export.go:608.2,609.16 2 0
github.com/zyvorai/transiva/providers/azure/export.go:610.3,611.1 1 0
github.com/zyvorai/transiva/providers/azure/export.go:612.2,612.15 1 0
github.com/zyvorai/transiva/providers/azure/export.go:613.3,613.53 1 0
github.com/zyvorai/transiva/providers/azure/export.go:614.4,615.1 1 0
github.com/zyvorai/transiva/providers/azure/export.go:618.2,618.38 1 0
github.com/zyvorai/transiva/providers/azure/export.go:619.3,620.1 1 0
github.com/zyvorai/transiva/providers/azure/export.go:622.2,624.1 4 0
github.com/zyvorai/transiva/providers/azure/export.go:626.2,627.51 4 0
github.com/zyvorai/transiva/providers/azure/export.go:628.3,637.1 2 0
github.com/zyvorai/transiva/providers/azure/export.go:641.2,641.29 1 0
github.com/zyvorai/transiva/providers/azure/export.go:642.3,643.1 1 0
github.com/zyvorai/transiva/providers/azure/export.go:646.2,647.16 2 0
github.com/zyvorai/transiva/providers/azure/export.go:648.3,649.1 1 0
github.com/zyvorai/transiva/providers/azure/export.go:651.2,651.21 1 0
github.com/zyvorai/transiva/providers/azure/export.go:666.2,667.1 3 0
github.com/zyvorai/transiva/providers/azure/export.go:669.2,670.1 3 0
github.com/zyvorai/transiva/providers/azure/export.go:672.2,672.25 3 0
github.com/zyvorai/transiva/providers/azure/export.go:673.3,674.1 1 0
github.com/zyvorai/transiva/providers/azure/export.go:676.2,676.15 1 0
github.com/zyvorai/transiva/providers/azure/export_options.go:35.2,42.1 1 0
github.com/zyvorai/transiva/providers/azure/export_options.go:47.2,47.26 1 0
github.com/zyvorai/transiva/providers/azure/export_options.go:48.3,49.1 1 0
github.com/zyvorai/transiva/providers/azure/export_options.go:51.2,51.49 1 0
github.com/zyvorai/transiva/providers/azure/export_options.go:52.3,53.1 1 0
github.com/zyvorai/transiva/providers/azure/export_options.go:55.2,55.48 1 0
github.com/zyvorai/transiva/providers/azure/export_options.go:56.3,57.1 1 0
github.com/zyvorai/transiva/providers/azure/export_options.go:59.2,59.30 1 0
github.com/zyvorai/transiva/providers/azure/export_options.go:60.3,61.1 1 0
github.com/zyvorai/transiva/providers/azure/export_options.go:63.2,63.12 1 0
github.com/zyvorai/transiva/providers/azure/provider.go:22.2,26.1 1 1
github.com/zyvorai/transiva/providers/azure/provider.go:30.2,31.1 1 2
github.com/zyvorai/transiva/providers/azure/provider.go:35.2,36.1 1 2
github.com/zyvorai/transiva/providers/azure/provider.go:41.2,51.1 11 0
github.com/zyvorai/transiva/providers/azure/provider.go:53.2,53.20 11 0
github.com/zyvorai/transiva/providers/azure/provider.go:54.3,55.1 1 0
github.com/zyvorai/transiva/providers/azure/provider.go:56.2,56.24 1 0
github.com/zyvorai/transiva/providers/azure/provider.go:57.3,58.1 1 0
github.com/zyvorai/transiva/providers/azure/provider.go:61.2,61.20 1 0
github.com/zyvorai/transiva/providers/azure/provider.go:62.3,63.1 1 0
github.com/zyvorai/transiva/providers/azure/provider.go:64.2,64.24 1 0
github.com/zyvorai/transiva/providers/azure/provider.go:65.3,66.1 1 0
github.com/zyvorai/transiva/providers/azure/provider.go:69.2,80.1 3 0
github.com/zyvorai/transiva/providers/azure/provider.go:83.2,84.16 3 0
github.com/zyvorai/transiva/providers/azure/provider.go:85.3,86.1 1 0
github.com/zyvorai/transiva/providers/azure/provider.go:88.2,90.12 3 0
github.com/zyvorai/transiva/providers/azure/provider.go:95.2,95.21 1 1
github.com/zyvorai/transiva/providers/azure/provider.go:96.3,97.1 1 0
github.com/zyvorai/transiva/providers/azure/provider.go:98.2,98.12 1 1
github.com/zyvorai/transiva/providers/azure/provider.go:103.2,103.21 1 0
github.com/zyvorai/transiva/providers/azure/provider.go:104.3,105.1 1 0
github.com/zyvorai/transiva/providers/azure/provider.go:107.2,107.42 1 0
github.com/zyvorai/transiva/providers/azure/provider.go:112.2,112.21 1 0
github.com/zyvorai/transiva/providers/azure/provider.go:113.3,114.1 1 0
github.com/zyvorai/transiva/providers/azure/provider.go:116.2,117.16 2 0
github.com/zyvorai/transiva/providers/azure/provider.go:118.3,119.1 1 0
github.com/zyvorai/transiva/providers/azure/provider.go:121.2,122.25 2 0
github.com/zyvorai/transiva/providers/azure/provider.go:123.3,137.1 2 0
github.com/zyvorai/transiva/providers/azure/provider.go:138.3,139.1 2 0
github.com/zyvorai/transiva/providers/azure/provider.go:141.2,141.20 1 0
github.com/zyvorai/transiva/providers/azure/provider.go:146.2,146.21 1 0
github.com/zyvorai/transiva/providers/azure/provider.go:147.3,148.1 1 0
github.com/zyvorai/transiva/providers/azure/provider.go:150.2,151.16 2 0
github.com/zyvorai/transiva/providers/azure/provider.go:152.3,153.1 1 0
github.com/zyvorai/transiva/providers/azure/provider.go:155.2,169.8 1 0
github.com/zyvorai/transiva/providers/azure/provider.go:174.2,174.21 1 0
github.com/zyvorai/transiva/providers/azure/provider.go:175.3,176.1 1 0
github.com/zyvorai/transiva/providers/azure/provider.go:178.2,179.16 2 0
github.com/zyvorai/transiva/providers/azure/provider.go:180.3,181.1 1 0
github.com/zyvorai/transiva/providers/azure/provider.go:183.2,184.25 2 0
github.com/zyvorai/transiva/providers/azure/provider.go:185.3,197.1 2 0
github.com/zyvorai/transiva/providers/azure/provider.go:198.3,199.1 2 0
github.com/zyvorai/transiva/providers/azure/provider.go:201.2,201.20 1 0
github.com/zyvorai/transiva/providers/azure/provider.go:206.2,206.21 1 0
github.com/zyvorai/transiva/providers/azure/provider.go:207.3,208.1 1 0
github.com/zyvorai/transiva/providers/azure/provider.go:211.2,212.24 2 0
github.com/zyvorai/transiva/providers/azure/provider.go:213.3,214.1 1 0
github.com/zyvorai/transiva/providers/azure/provider.go:216.2,217.24 2 0
github.com/zyvorai/transiva/providers/azure/provider.go:218.3,219.1 1 0
github.com/zyvorai/transiva/providers/azure/provider.go:222.2,222.81 1 0
github.com/zyvorai/transiva/providers/azure/provider.go:223.3,224.17 2 0
github.com/zyvorai/transiva/providers/azure/provider.go:225.4,226.1 1 0
github.com/zyvorai/transiva/providers/azure/provider.go:228.3,228.27 1 0
github.com/zyvorai/transiva/providers/azure/provider.go:229.4,230.1 1 0
github.com/zyvorai/transiva/providers/azure/provider.go:233.3,233.87 1 0
github.com/zyvorai/transiva/providers/azure/provider.go:234.4,235.1 1 0
github.com/zyvorai/transiva/providers/azure/provider.go:238.3,252.9 2 0
github.com/zyvorai/transiva/providers/azure/provider.go:256.2,257.16 2 0
github.com/zyvorai/transiva/providers/azure/provider.go:258.3,259.1 1 0
github.com/zyvorai/transiva/providers/azure/provider.go:261.2,269.8 1 0
github.com/zyvorai/transiva/providers/azure/provider.go:274.2,281.1 1 1
github.com/zyvorai/transiva/providers/cost/calculator.go:21.2,24.1 3 7
github.com/zyvorai/transiva/providers/cost/calculator.go:27.2,28.1 3 7
github.com/zyvorai/transiva/providers/cost/calculator.go:29.2,30.1 3 7
github.com/zyvorai/transiva/providers/cost/calculator.go:36.2,68.1 3 7
github.com/zyvorai/transiva/providers/cost/calculator.go:71.2,100.1 3 7
github.com/zyvorai/transiva/providers/cost/calculator.go:103.2,134.1 3 7
github.com/zyvorai/transiva/providers/cost/calculator.go:139.2,140.13 2 22
github.com/zyvorai/transiva/providers/cost/calculator.go:141.3,142.1 1 1
github.com/zyvorai/transiva/providers/cost/calculator.go:144.2,145.1 3 21
github.com/zyvorai/transiva/providers/cost/calculator.go:147.2,148.13 3 21
github.com/zyvorai/transiva/providers/cost/calculator.go:149.3,150.1 1 1
github.com/zyvorai/transiva/providers/cost/calculator.go:152.2,154.1 5 20
github.com/zyvorai/transiva/providers/cost/calculator.go:156.2,157.1 5 20
github.com/zyvorai/transiva/providers/cost/calculator.go:159.2,160.1 5 20
github.com/zyvorai/transiva/providers/cost/calculator.go:162.2,162.82 5 20
github.com/zyvorai/transiva/providers/cost/calculator.go:163.3,164.1 1 1
github.com/zyvorai/transiva/providers/cost/calculator.go:167.2,167.73 1 20
github.com/zyvorai/transiva/providers/cost/calculator.go:168.3,168.33 1 2
github.com/zyvorai/transiva/providers/cost/calculator.go:169.4,171.1 2 1
github.com/zyvorai/transiva/providers/cost/calculator.go:174.2,179.1 2 20
github.com/zyvorai/transiva/providers/cost/calculator.go:180.2,189.8 2 20
github.com/zyvorai/transiva/providers/cost/calculator.go:194.2,194.21 1 25
github.com/zyvorai/transiva/providers/cost/calculator.go:195.3,196.1 1 4
github.com/zyvorai/transiva/providers/cost/calculator.go:198.2,200.1 3 21
github.com/zyvorai/transiva/providers/cost/calculator.go:202.2,202.36 3 21
github.com/zyvorai/transiva/providers/cost/calculator.go:204.3,212.1 2 14
github.com/zyvorai/transiva/providers/cost/calculator.go:214.3,214.30 2 14
github.com/zyvorai/transiva/providers/cost/calculator.go:215.4,215.22 1 28
github.com/zyvorai/transiva/providers/cost/calculator.go:216.5,216.10 1 14
github.com/zyvorai/transiva/providers/cost/calculator.go:218.4,220.23 3 14
github.com/zyvorai/transiva/providers/cost/calculator.go:222.9,222.50 1 7
github.com/zyvorai/transiva/providers/cost/calculator.go:224.3,224.24 1 4
github.com/zyvorai/transiva/providers/cost/calculator.go:225.4,226.1 1 3
github.com/zyvorai/transiva/providers/cost/calculator.go:227.3,228.1 3 1
github.com/zyvorai/transiva/providers/cost/calculator.go:229.3,236.1 3 1
github.com/zyvorai/transiva/providers/cost/calculator.go:238.3,238.30 3 1
github.com/zyvorai/transiva/providers/cost/calculator.go:239.4,239.22 1 2
github.com/zyvorai/transiva/providers/cost/calculator.go:240.5,240.10 1 1
github.com/zyvorai/transiva/providers/cost/calculator.go:242.4,244.23 3 1
github.com/zyvorai/transiva/providers/cost/calculator.go:246.9,246.44 1 3
github.com/zyvorai/transiva/providers/cost/calculator.go:248.3,255.1 2 3
github.com/zyvorai/transiva/providers/cost/calculator.go:257.3,257.30 2 3
github.com/zyvorai/transiva/providers/cost/calculator.go:258.4,258.22 1 7
github.com/zyvorai/transiva/providers/cost/calculator.go:259.5,259.10 1 3
github.com/zyvorai/transiva/providers/cost/calculator.go:261.4,263.23 3 4
github.com/zyvorai/transiva/providers/cost/calculator.go:267.2,267.13 1 18
github.com/zyvorai/transiva/providers/cost/calculator.go:272.2,272.19 1 24
github.com/zyvorai/transiva/providers/cost/calculator.go:273.3,274.1 1 4
github.com/zyvorai/transiva/providers/cost/calculator.go:277.2,280.1 5 20
github.com/zyvorai/transiva/providers/cost/calculator.go:281.2,284.1 5 20
github.com/zyvorai/transiva/providers/cost/calculator.go:285.2,285.13 5 20
github.com/zyvorai/transiva/providers/cost/calculator.go:290.2,293.1 6 1
github.com/zyvorai/transiva/providers/cost/calculator.go:295.2,300.1 6 1
github.com/zyvorai/transiva/providers/cost/calculator.go:302.2,304.1 6 1
github.com/zyvorai/transiva/providers/cost/calculator.go:305.2,305.37 6 1
github.com/zyvorai/transiva/providers/cost/calculator.go:306.3,309.1 5 3
github.com/zyvorai/transiva/providers/cost/calculator.go:310.3,311.17 5 3
github.com/zyvorai/transiva/providers/cost/calculator.go:312.4,313.12 2 0
github.com/zyvorai/transiva/providers/cost/calculator.go:316.3,317.1 2 3
github.com/zyvorai/transiva/providers/cost/calculator.go:318.3,318.65 2 3
github.com/zyvorai/transiva/providers/cost/calculator.go:319.4,321.1 2 2
github.com/zyvorai/transiva/providers/cost/calculator.go:323.3,323.75 1 3
github.com/zyvorai/transiva/providers/cost/calculator.go:324.4,325.1 1 2
github.com/zyvorai/transiva/providers/cost/calculator.go:328.2,328.45 1 1
github.com/zyvorai/transiva/providers/cost/calculator.go:329.3,330.1 1 1
github.com/zyvorai/transiva/providers/cost/calculator.go:333.2,334.1 2 1
github.com/zyvorai/transiva/providers/cost/calculator.go:335.2,335.24 2 1
github.com/zyvorai/transiva/providers/cost/calculator.go:340.2,343.1 2 1
github.com/zyvorai/transiva/providers/cost/calculator.go:345.2,345.39 2 1
github.com/zyvorai/transiva/providers/cost/calculator.go:346.3,348.1 4 12
github.com/zyvorai/transiva/providers/cost/calculator.go:349.3,350.17 4 12
github.com/zyvorai/transiva/providers/cost/calculator.go:351.4,352.1 1 0
github.com/zyvorai/transiva/providers/cost/calculator.go:354.3,358.1 2 12
github.com/zyvorai/transiva/providers/cost/calculator.go:360.3,360.45 2 12
github.com/zyvorai/transiva/providers/cost/calculator.go:363.2,364.1 2 1
github.com/zyvorai/transiva/providers/cost/calculator.go:365.2,365.24 2 1
github.com/zyvorai/transiva/providers/cost/calculator.go:370.2,374.1 3 5
github.com/zyvorai/transiva/providers/cost/calculator.go:377.2,378.16 3 5
github.com/zyvorai/transiva/providers/cost/calculator.go:380.3,380.25 1 2
github.com/zyvorai/transiva/providers/cost/calculator.go:382.3,382.26 1 2
github.com/zyvorai/transiva/providers/cost/calculator.go:384.3,384.25 1 1
github.com/zyvorai/transiva/providers/cost/calculator.go:386.3,386.25 1 0
github.com/zyvorai/transiva/providers/cost/calculator.go:389.2,391.1 3 5
github.com/zyvorai/transiva/providers/cost/calculator.go:392.2,392.22 3 5
github.com/zyvorai/transiva/providers/cost/calculator.go:394.3,395.1 1 1
github.com/zyvorai/transiva/providers/cost/calculator.go:397.2,397.17 1 5
github.com/zyvorai/transiva/providers/cost/calculator.go:402.2,403.1 2 4
github.com/zyvorai/transiva/providers/cost/calculator.go:404.2,410.1 2 4
github.com/zyvorai/transiva/providers/cost/calculator.go:415.2,417.1 2 41
github.com/zyvorai/transiva/providers/formats/converter.go:23.2,25.1 1 0
github.com/zyvorai/transiva/providers/formats/converter.go:41.2,45.1 1 0
github.com/zyvorai/transiva/providers/formats/converter.go:63.2,64.1 3 0
github.com/zyvorai/transiva/providers/formats/converter.go:65.2,70.1 3 0
github.com/zyvorai/transiva/providers/formats/converter.go:72.2,72.67 3 0
github.com/zyvorai/transiva/providers/formats/converter.go:73.3,74.17 2 0
github.com/zyvorai/transiva/providers/formats/converter.go:75.4,76.1 1 0
github.com/zyvorai/transiva/providers/formats/converter.go:77.3,78.62 2 0
github.com/zyvorai/transiva/providers/formats/converter.go:82.2,82.80 1 0
github.com/zyvorai/transiva/providers/formats/converter.go:83.3,84.1 1 0
github.com/zyvorai/transiva/providers/formats/converter.go:87.2,88.16 2 0
github.com/zyvorai/transiva/providers/formats/converter.go:89.3,90.1 1 0
github.com/zyvorai/transiva/providers/formats/converter.go:93.2,95.1 3 0
github.com/zyvorai/transiva/providers/formats/converter.go:96.2,96.9 3 0
github.com/zyvorai/transiva/providers/formats/converter.go:98.3,98.76 1 0
github.com/zyvorai/transiva/providers/formats/converter.go:100.3,100.76 1 0
github.com/zyvorai/transiva/providers/formats/converter.go:102.3,102.77 1 0
github.com/zyvorai/transiva/providers/formats/converter.go:104.3,104.75 1 0
github.com/zyvorai/transiva/providers/formats/converter.go:107.3,107.67 1 0
github.com/zyvorai/transiva/providers/formats/converter.go:109.3,109.99 1 0
github.com/zyvorai/transiva/providers/formats/converter.go:112.2,112.16 1 0
github.com/zyvorai/transiva/providers/formats/converter.go:113.3,114.1 1 0
github.com/zyvorai/transiva/providers/formats/converter.go:117.2,117.56 1 0
github.com/zyvorai/transiva/providers/formats/converter.go:118.3,119.1 1 0
github.com/zyvorai/transiva/providers/formats/converter.go:121.2,131.1 3 0
github.com/zyvorai/transiva/providers/formats/converter.go:133.2,138.1 3 0
github.com/zyvorai/transiva/providers/formats/converter.go:139.2,139.20 3 0
github.com/zyvorai/transiva/providers/formats/converter.go:144.2,145.1 3 0
github.com/zyvorai/transiva/providers/formats/converter.go:151.2,152.16 3 0
github.com/zyvorai/transiva/providers/formats/converter.go:153.3,154.1 1 0
github.com/zyvorai/transiva/providers/formats/converter.go:155.2,156.1 3 0
github.com/zyvorai/transiva/providers/formats/converter.go:158.2,159.16 3 0
github.com/zyvorai/transiva/providers/formats/converter.go:160.3,161.1 1 0
github.com/zyvorai/transiva/providers/formats/converter.go:162.2,163.1 2 0
github.com/zyvorai/transiva/providers/formats/converter.go:166.2,166.56 2 0
github.com/zyvorai/transiva/providers/formats/converter.go:167.3,168.1 1 0
github.com/zyvorai/transiva/providers/formats/converter.go:172.2,173.62 2 0
github.com/zyvorai/transiva/providers/formats/converter.go:178.2,179.1 3 0
github.com/zyvorai/transiva/providers/formats/converter.go:185.2,186.16 3 0
github.com/zyvorai/transiva/providers/formats/converter.go:187.3,188.1 1 0
github.com/zyvorai/transiva/providers/formats/converter.go:189.2,190.1 3 0
github.com/zyvorai/transiva/providers/formats/converter.go:192.2,193.16 3 0
github.com/zyvorai/transiva/providers/formats/converter.go:194.3,195.1 1 0
github.com/zyvorai/transiva/providers/formats/converter.go:196.2,197.1 3 0
github.com/zyvorai/transiva/providers/formats/converter.go:200.2,201.62 3 0
github.com/zyvorai/transiva/providers/formats/converter.go:206.2,207.1 4 0
github.com/zyvorai/transiva/providers/formats/converter.go:209.2,211.1 4 0
github.com/zyvorai/transiva/providers/formats/converter.go:213.2,213.79 4 0
github.com/zyvorai/transiva/providers/formats/converter.go:214.3,215.1 1 0
github.com/zyvorai/transiva/providers/formats/converter.go:218.2,218.61 1 0
github.com/zyvorai/transiva/providers/formats/converter.go:223.2,224.1 3 0
github.com/zyvorai/transiva/providers/formats/converter.go:230.2,231.16 3 0
github.com/zyvorai/transiva/providers/formats/converter.go:232.3,233.1 1 0
github.com/zyvorai/transiva/providers/formats/converter.go:234.2,235.1 3 0
github.com/zyvorai/transiva/providers/formats/converter.go:237.2,238.16 3 0
github.com/zyvorai/transiva/providers/formats/converter.go:239.3,240.1 1 0
github.com/zyvorai/transiva/providers/formats/converter.go:241.2,242.1 3 0
github.com/zyvorai/transiva/providers/formats/converter.go:244.2,245.62 3 0
github.com/zyvorai/transiva/providers/formats/converter.go:250.2,251.1 3 0
github.com/zyvorai/transiva/providers/formats/converter.go:253.2,254.16 3 0
github.com/zyvorai/transiva/providers/formats/converter.go:255.3,256.1 1 0
github.com/zyvorai/transiva/providers/formats/converter.go:257.2,258.1 3 0
github.com/zyvorai/transiva/providers/formats/converter.go:260.2,261.16 3 0
github.com/zyvorai/transiva/providers/formats/converter.go:262.3,263.1 1 0
github.com/zyvorai/transiva/providers/formats/converter.go:264.2,265.1 2 0
github.com/zyvorai/transiva/providers/formats/converter.go:266.2,266.62 2 0
github.com/zyvorai/transiva/providers/formats/converter.go:271.2,273.1 4 0
github.com/zyvorai/transiva/providers/formats/converter.go:275.2,276.39 4 0
github.com/zyvorai/transiva/providers/formats/converter.go:277.3,277.58 1 0
github.com/zyvorai/transiva/providers/formats/converter.go:278.4,279.58 2 0
github.com/zyvorai/transiva/providers/formats/converter.go:280.5,281.1 1 0
github.com/zyvorai/transiva/providers/formats/converter.go:285.2,285.6 1 0
github.com/zyvorai/transiva/providers/formats/converter.go:286.3,286.10 1 0
github.com/zyvorai/transiva/providers/formats/converter.go:288.4,288.33 1 0
github.com/zyvorai/transiva/providers/formats/converter.go:289.11,289.11 0 0
github.com/zyvorai/transiva/providers/formats/converter.go:292.3,293.13 2 0
github.com/zyvorai/transiva/providers/formats/converter.go:294.4,295.18 2 0
github.com/zyvorai/transiva/providers/formats/converter.go:296.5,297.1 1 0
github.com/zyvorai/transiva/providers/formats/converter.go:298.4,298.16 1 0
github.com/zyvorai/transiva/providers/formats/converter.go:299.5,300.1 1 0
github.com/zyvorai/transiva/providers/formats/converter.go:302.4,303.1 2 0
github.com/zyvorai/transiva/providers/formats/converter.go:305.4,305.53 2 0
github.com/zyvorai/transiva/providers/formats/converter.go:306.5,308.1 2 0
github.com/zyvorai/transiva/providers/formats/converter.go:311.3,311.20 1 0
github.com/zyvorai/transiva/providers/formats/converter.go:312.4,312.9 1 0
github.com/zyvorai/transiva/providers/formats/converter.go:314.3,314.17 1 0
github.com/zyvorai/transiva/providers/formats/converter.go:315.4,316.1 1 0
github.com/zyvorai/transiva/providers/formats/converter.go:319.2,319.25 1 0
github.com/zyvorai/transiva/providers/formats/converter.go:324.2,324.29 1 0
github.com/zyvorai/transiva/providers/formats/converter.go:325.3,326.1 1 0
github.com/zyvorai/transiva/providers/formats/converter.go:327.2,327.29 1 0
github.com/zyvorai/transiva/providers/formats/converter.go:328.3,329.1 1 0
github.com/zyvorai/transiva/providers/formats/converter.go:332.2,342.1 2 0
github.com/zyvorai/transiva/providers/formats/converter.go:344.2,344.30 2 0
github.com/zyvorai/transiva/providers/formats/converter.go:345.3,345.41 1 0
github.com/zyvorai/transiva/providers/formats/converter.go:346.4,347.1 1 0
github.com/zyvorai/transiva/providers/formats/converter.go:350.2,350.71 1 0
github.com/zyvorai/transiva/providers/formats/converter.go:355.2,356.1 3 0
github.com/zyvorai/transiva/providers/formats/converter.go:357.2,358.16 3 0
github.com/zyvorai/transiva/providers/formats/converter.go:359.3,359.71 1 0
github.com/zyvorai/transiva/providers/formats/converter.go:360.4,361.1 1 0
github.com/zyvorai/transiva/providers/formats/converter.go:362.3,362.18 1 0
github.com/zyvorai/transiva/providers/formats/converter.go:366.2,366.50 1 0
github.com/zyvorai/transiva/providers/formats/converter.go:367.3,367.71 1 0
github.com/zyvorai/transiva/providers/formats/converter.go:368.4,369.1 1 0
github.com/zyvorai/transiva/providers/formats/converter.go:370.3,370.64 1 0
github.com/zyvorai/transiva/providers/formats/converter.go:373.2,374.20 2 0
github.com/zyvorai/transiva/providers/formats/converter.go:379.2,383.1 5 0
github.com/zyvorai/transiva/providers/formats/converter.go:384.2,385.1 5 0
github.com/zyvorai/transiva/providers/formats/detector.go:49.2,50.16 2 4
github.com/zyvorai/transiva/providers/formats/detector.go:51.3,52.1 1 0
github.com/zyvorai/transiva/providers/formats/detector.go:53.2,54.1 2 4
github.com/zyvorai/transiva/providers/formats/detector.go:56.2,56.66 2 4
github.com/zyvorai/transiva/providers/formats/detector.go:58.3,58.74 1 4
github.com/zyvorai/transiva/providers/formats/detector.go:59.4,60.1 1 4
github.com/zyvorai/transiva/providers/formats/detector.go:64.2,64.30 1 0
github.com/zyvorai/transiva/providers/formats/detector.go:69.2,70.13 2 11
github.com/zyvorai/transiva/providers/formats/detector.go:72.3,72.21 1 3
github.com/zyvorai/transiva/providers/formats/detector.go:74.3,74.20 1 2
github.com/zyvorai/transiva/providers/formats/detector.go:76.3,76.19 1 1
github.com/zyvorai/transiva/providers/formats/detector.go:78.3,78.20 1 1
github.com/zyvorai/transiva/providers/formats/detector.go:80.3,80.19 1 3
github.com/zyvorai/transiva/providers/formats/detector.go:82.3,82.23 1 1
github.com/zyvorai/transiva/providers/formats/detector.go:89.2,90.67 2 7
github.com/zyvorai/transiva/providers/formats/detector.go:91.3,92.1 1 0
github.com/zyvorai/transiva/providers/formats/detector.go:95.2,95.42 1 7
github.com/zyvorai/transiva/providers/formats/detector.go:96.3,97.1 1 3
github.com/zyvorai/transiva/providers/formats/detector.go:100.2,100.39 1 4
github.com/zyvorai/transiva/providers/formats/detector.go:101.3,102.1 1 2
github.com/zyvorai/transiva/providers/formats/detector.go:105.2,105.41 1 2
github.com/zyvorai/transiva/providers/formats/detector.go:106.3,107.1 1 0
github.com/zyvorai/transiva/providers/formats/detector.go:110.2,111.38 2 2
github.com/zyvorai/transiva/providers/formats/detector.go:112.3,113.65 2 1
github.com/zyvorai/transiva/providers/formats/detector.go:114.4,114.40 1 1
github.com/zyvorai/transiva/providers/formats/detector.go:115.5,116.1 1 0
github.com/zyvorai/transiva/providers/formats/detector.go:121.2,121.23 1 2
github.com/zyvorai/transiva/providers/formats/detector.go:126.2,127.16 2 4
github.com/zyvorai/transiva/providers/formats/detector.go:128.3,129.1 1 0
github.com/zyvorai/transiva/providers/formats/detector.go:132.2,132.27 1 4
github.com/zyvorai/transiva/providers/formats/detector.go:133.3,134.1 1 1
github.com/zyvorai/transiva/providers/formats/detector.go:136.2,136.34 1 3
github.com/zyvorai/transiva/providers/formats/detector.go:141.2,142.16 2 1
github.com/zyvorai/transiva/providers/formats/detector.go:143.3,144.1 1 0
github.com/zyvorai/transiva/providers/formats/detector.go:148.2,149.16 2 1
github.com/zyvorai/transiva/providers/formats/detector.go:150.3,151.1 1 0
github.com/zyvorai/transiva/providers/formats/detector.go:152.2,153.1 3 1
github.com/zyvorai/transiva/providers/formats/detector.go:154.2,155.16 3 1
github.com/zyvorai/transiva/providers/formats/detector.go:156.3,157.1 1 0
github.com/zyvorai/transiva/providers/formats/detector.go:159.2,163.1 2 1
github.com/zyvorai/transiva/providers/formats/detector.go:166.2,166.16 2 1
github.com/zyvorai/transiva/providers/formats/detector.go:168.3,168.51 1 1
github.com/zyvorai/transiva/providers/formats/detector.go:169.4,170.1 1 0
github.com/zyvorai/transiva/providers/formats/detector.go:172.3,172.50 1 0
github.com/zyvorai/transiva/providers/formats/detector.go:173.4,174.1 1 0
github.com/zyvorai/transiva/providers/formats/detector.go:176.3,176.49 1 0
github.com/zyvorai/transiva/providers/formats/detector.go:177.4,178.1 1 0
github.com/zyvorai/transiva/providers/formats/detector.go:180.3,181.26 2 0
github.com/zyvorai/transiva/providers/formats/detector.go:184.2,184.18 1 1
github.com/zyvorai/transiva/providers/formats/detector.go:190.2,198.1 2 1
github.com/zyvorai/transiva/providers/formats/detector.go:200.2,200.69 2 1
github.com/zyvorai/transiva/providers/formats/detector.go:201.3,202.1 1 0
github.com/zyvorai/transiva/providers/formats/detector.go:204.2,204.33 1 1
github.com/zyvorai/transiva/providers/formats/detector.go:205.3,206.1 1 0
github.com/zyvorai/transiva/providers/formats/detector.go:207.2,212.1 6 1
github.com/zyvorai/transiva/providers/formats/detector.go:213.2,213.12 6 1
github.com/zyvorai/transiva/providers/formats/detector.go:219.2,221.33 3 0
github.com/zyvorai/transiva/providers/formats/detector.go:222.3,223.1 1 0
github.com/zyvorai/transiva/providers/formats/detector.go:225.2,226.1 3 0
github.com/zyvorai/transiva/providers/formats/detector.go:228.2,229.29 3 0
github.com/zyvorai/transiva/providers/formats/detector.go:230.3,231.1 2 0
github.com/zyvorai/transiva/providers/formats/detector.go:233.3,233.75 2 0
github.com/zyvorai/transiva/providers/formats/detector.go:234.4,235.24 2 0
github.com/zyvorai/transiva/providers/formats/detector.go:236.5,237.65 2 0
github.com/zyvorai/transiva/providers/formats/detector.go:238.6,239.1 1 0
github.com/zyvorai/transiva/providers/formats/detector.go:240.5,241.10 2 0
github.com/zyvorai/transiva/providers/formats/detector.go:246.2,247.12 2 0
github.com/zyvorai/transiva/providers/formats/detector.go:252.2,253.16 2 0
github.com/zyvorai/transiva/providers/formats/detector.go:254.3,255.1 1 0
github.com/zyvorai/transiva/providers/formats/detector.go:258.2,259.64 2 0
github.com/zyvorai/transiva/providers/formats/detector.go:260.3,261.1 1 0
github.com/zyvorai/transiva/providers/formats/detector.go:264.2,265.29 2 0
github.com/zyvorai/transiva/providers/formats/detector.go:266.3,267.1 1 0
github.com/zyvorai/transiva/providers/formats/detector.go:268.2,270.1 3 0
github.com/zyvorai/transiva/providers/formats/detector.go:271.2,271.12 3 0
github.com/zyvorai/transiva/providers/formats/detector.go:276.2,276.28 1 11
github.com/zyvorai/transiva/providers/formats/detector.go:278.3,278.21 1 3
github.com/zyvorai/transiva/providers/formats/detector.go:280.3,280.20 1 2
github.com/zyvorai/transiva/providers/formats/detector.go:282.3,282.19 1 1
github.com/zyvorai/transiva/providers/formats/detector.go:284.3,284.20 1 1
github.com/zyvorai/transiva/providers/formats/detector.go:286.3,286.19 1 3
github.com/zyvorai/transiva/providers/formats/detector.go:288.3,288.23 1 1
github.com/zyvorai/transiva/providers/formats/detector.go:294.2,295.1 1 0
github.com/zyvorai/transiva/providers/formats/detector.go:299.2,299.11 1 6
github.com/zyvorai/transiva/providers/formats/detector.go:301.3,301.18 1 1
github.com/zyvorai/transiva/providers/formats/detector.go:303.3,303.17 1 1
github.com/zyvorai/transiva/providers/formats/detector.go:305.3,305.16 1 1
github.com/zyvorai/transiva/providers/formats/detector.go:307.3,307.17 1 1
github.com/zyvorai/transiva/providers/formats/detector.go:309.3,309.16 1 1
github.com/zyvorai/transiva/providers/formats/detector.go:311.3,311.12 1 1
github.com/zyvorai/transiva/providers/common/audit.go:82.2,83.50 2 16
github.com/zyvorai/transiva/providers/common/audit.go:84.3,85.1 1 0
github.com/zyvorai/transiva/providers/common/audit.go:89.2,90.16 2 16
github.com/zyvorai/transiva/providers/common/audit.go:91.3,92.1 1 0
github.com/zyvorai/transiva/providers/common/audit.go:95.2,97.17 3 16
github.com/zyvorai/transiva/providers/common/audit.go:98.3,99.1 1 16
github.com/zyvorai/transiva/providers/common/audit.go:101.2,107.8 1 16
github.com/zyvorai/transiva/providers/common/audit.go:112.2,114.1 3 45
github.com/zyvorai/transiva/providers/common/audit.go:116.2,116.25 3 45
github.com/zyvorai/transiva/providers/common/audit.go:117.3,118.1 1 45
github.com/zyvorai/transiva/providers/common/audit.go:119.2,119.30 1 45
github.com/zyvorai/transiva/providers/common/audit.go:120.3,121.1 1 18
github.com/zyvorai/transiva/providers/common/audit.go:124.2,125.16 2 45
github.com/zyvorai/transiva/providers/common/audit.go:126.3,127.1 1 0
github.com/zyvorai/transiva/providers/common/audit.go:130.2,132.16 3 45
github.com/zyvorai/transiva/providers/common/audit.go:133.3,134.1 1 0
github.com/zyvorai/transiva/providers/common/audit.go:136.2,137.1 2 45
github.com/zyvorai/transiva/providers/common/audit.go:139.2,139.37 2 45
github.com/zyvorai/transiva/providers/common/audit.go:140.3,140.37 1 27
github.com/zyvorai/transiva/providers/common/audit.go:141.4,142.1 1 0
github.com/zyvorai/transiva/providers/common/audit.go:145.2,145.12 1 45
github.com/zyvorai/transiva/providers/common/audit.go:151.2,151.43 1 31
github.com/zyvorai/transiva/providers/common/audit.go:152.3,153.1 1 0
github.com/zyvorai/transiva/providers/common/audit.go:156.2,156.39 1 31
github.com/zyvorai/transiva/providers/common/audit.go:157.3,159.76 3 44
github.com/zyvorai/transiva/providers/common/audit.go:160.4,161.1 1 0
github.com/zyvorai/transiva/providers/common/audit.go:165.2,165.63 1 31
github.com/zyvorai/transiva/providers/common/audit.go:166.3,167.1 1 0
github.com/zyvorai/transiva/providers/common/audit.go:170.2,171.69 2 31
github.com/zyvorai/transiva/providers/common/audit.go:172.3,173.1 1 0
github.com/zyvorai/transiva/providers/common/audit.go:177.2,178.16 2 31
github.com/zyvorai/transiva/providers/common/audit.go:179.3,180.1 1 0
github.com/zyvorai/transiva/providers/common/audit.go:182.2,184.1 3 31
github.com/zyvorai/transiva/providers/common/audit.go:185.2,185.12 3 31
github.com/zyvorai/transiva/providers/common/audit.go:190.2,192.1 3 17
github.com/zyvorai/transiva/providers/common/audit.go:193.2,193.23 3 17
github.com/zyvorai/transiva/providers/common/audit.go:194.3,197.1 3 16
github.com/zyvorai/transiva/providers/common/audit.go:198.2,198.12 1 1
github.com/zyvorai/transiva/providers/common/audit.go:203.2,214.1 1 2
github.com/zyvorai/transiva/providers/common/audit.go:218.2,231.1 1 2
github.com/zyvorai/transiva/providers/common/audit.go:235.2,247.1 1 1
github.com/zyvorai/transiva/providers/common/audit.go:251.2,261.1 1 1
github.com/zyvorai/transiva/providers/common/audit.go:265.2,279.1 1 1
github.com/zyvorai/transiva/providers/common/audit.go:283.2,292.1 1 1
github.com/zyvorai/transiva/providers/common/audit.go:296.2,310.1 1 1
github.com/zyvorai/transiva/providers/common/audit.go:314.2,326.1 1 1
github.com/zyvorai/transiva/providers/common/audit.go:330.2,344.1 1 1
github.com/zyvorai/transiva/providers/common/audit.go:348.2,357.1 1 1
github.com/zyvorai/transiva/providers/common/audit.go:361.2,376.1 1 1
github.com/zyvorai/transiva/providers/common/audit.go:380.2,389.1 1 1
github.com/zyvorai/transiva/providers/common/audit.go:393.2,403.1 1 2
github.com/zyvorai/transiva/providers/common/audit.go:410.2,412.1 2 47
github.com/zyvorai/transiva/providers/common/audit.go:430.2,431.16 2 6
github.com/zyvorai/transiva/providers/common/audit.go:432.3,433.1 1 0
github.com/zyvorai/transiva/providers/common/audit.go:434.2,435.1 4 6
github.com/zyvorai/transiva/providers/common/audit.go:436.2,438.1 4 6
github.com/zyvorai/transiva/providers/common/audit.go:439.2,439.6 4 6
github.com/zyvorai/transiva/providers/common/audit.go:440.3,441.48 2 22
github.com/zyvorai/transiva/providers/common/audit.go:442.4,442.9 1 5
github.com/zyvorai/transiva/providers/common/audit.go:446.3,446.79 1 17
github.com/zyvorai/transiva/providers/common/audit.go:447.4,447.12 1 0
github.com/zyvorai/transiva/providers/common/audit.go:449.3,449.74 1 17
github.com/zyvorai/transiva/providers/common/audit.go:450.4,450.12 1 0
github.com/zyvorai/transiva/providers/common/audit.go:452.3,452.34 1 17
github.com/zyvorai/transiva/providers/common/audit.go:453.4,454.42 2 3
github.com/zyvorai/transiva/providers/common/audit.go:455.5,455.30 1 3
github.com/zyvorai/transiva/providers/common/audit.go:456.6,457.11 2 1
github.com/zyvorai/transiva/providers/common/audit.go:460.4,460.14 1 3
github.com/zyvorai/transiva/providers/common/audit.go:461.5,461.13 1 2
github.com/zyvorai/transiva/providers/common/audit.go:464.3,464.61 1 15
github.com/zyvorai/transiva/providers/common/audit.go:465.4,465.12 1 2
github.com/zyvorai/transiva/providers/common/audit.go:467.3,467.61 1 13
github.com/zyvorai/transiva/providers/common/audit.go:468.4,468.12 1 2
github.com/zyvorai/transiva/providers/common/audit.go:470.3,470.67 1 11
github.com/zyvorai/transiva/providers/common/audit.go:471.4,471.12 1 0
github.com/zyvorai/transiva/providers/common/audit.go:473.3,473.55 1 11
github.com/zyvorai/transiva/providers/common/audit.go:474.4,474.12 1 0
github.com/zyvorai/transiva/providers/common/audit.go:476.3,476.66 1 11
github.com/zyvorai/transiva/providers/common/audit.go:477.4,477.12 1 1
github.com/zyvorai/transiva/providers/common/audit.go:480.3,481.1 2 10
github.com/zyvorai/transiva/providers/common/audit.go:483.3,483.56 2 10
github.com/zyvorai/transiva/providers/common/audit.go:484.4,484.9 1 1
github.com/zyvorai/transiva/providers/common/audit.go:488.2,488.20 1 6
github.com/zyvorai/transiva/providers/common/batch_orchestrator.go:106.2,106.19 1 0
github.com/zyvorai/transiva/providers/common/batch_orchestrator.go:107.3,108.1 1 0
github.com/zyvorai/transiva/providers/common/batch_orchestrator.go:110.2,110.42 1 0
github.com/zyvorai/transiva/providers/common/batch_orchestrator.go:111.3,112.1 1 0
github.com/zyvorai/transiva/providers/common/batch_orchestrator.go:115.2,115.29 1 0
github.com/zyvorai/transiva/providers/common/batch_orchestrator.go:116.3,117.1 1 0
github.com/zyvorai/transiva/providers/common/batch_orchestrator.go:119.2,119.27 1 0
github.com/zyvorai/transiva/providers/common/batch_orchestrator.go:120.3,121.1 1 0
github.com/zyvorai/transiva/providers/common/batch_orchestrator.go:123.2,123.28 1 0
github.com/zyvorai/transiva/providers/common/batch_orchestrator.go:124.3,125.1 1 0
github.com/zyvorai/transiva/providers/common/batch_orchestrator.go:127.2,130.8 1 0
github.com/zyvorai/transiva/providers/common/batch_orchestrator.go:135.2,136.1 1 0
github.com/zyvorai/transiva/providers/common/batch_orchestrator.go:140.2,141.1 1 0
github.com/zyvorai/transiva/providers/common/batch_orchestrator.go:145.2,146.1 1 0
github.com/zyvorai/transiva/providers/common/batch_orchestrator.go:150.2,153.1 6 0
github.com/zyvorai/transiva/providers/common/batch_orchestrator.go:155.2,156.1 6 0
github.com/zyvorai/transiva/providers/common/batch_orchestrator.go:158.2,159.1 6 0
github.com/zyvorai/transiva/providers/common/batch_orchestrator.go:161.2,162.1 6 0
github.com/zyvorai/transiva/providers/common/batch_orchestrator.go:164.2,165.1 6 0
github.com/zyvorai/transiva/providers/common/batch_orchestrator.go:167.2,167.33 6 0
github.com/zyvorai/transiva/providers/common/batch_orchestrator.go:168.3,169.31 2 0
github.com/zyvorai/transiva/providers/common/batch_orchestrator.go:170.4,171.1 3 0
github.com/zyvorai/transiva/providers/common/batch_orchestrator.go:173.4,174.17 3 0
github.com/zyvorai/transiva/providers/common/batch_orchestrator.go:174.19,174.26 1 0
github.com/zyvorai/transiva/providers/common/batch_orchestrator.go:177.4,178.21 2 0
github.com/zyvorai/transiva/providers/common/batch_orchestrator.go:183.2,183.12 1 0
github.com/zyvorai/transiva/providers/common/batch_orchestrator.go:184.3,186.1 2 0
github.com/zyvorai/transiva/providers/common/batch_orchestrator.go:189.2,190.30 2 0
github.com/zyvorai/transiva/providers/common/batch_orchestrator.go:191.3,192.1 2 0
github.com/zyvorai/transiva/providers/common/batch_orchestrator.go:193.3,193.21 2 0
github.com/zyvorai/transiva/providers/common/batch_orchestrator.go:194.4,198.1 1 0
github.com/zyvorai/transiva/providers/common/batch_orchestrator.go:199.4,202.1 2 0
github.com/zyvorai/transiva/providers/common/batch_orchestrator.go:204.4,204.34 2 0
github.com/zyvorai/transiva/providers/common/batch_orchestrator.go:205.5,206.1 1 0
github.com/zyvorai/transiva/providers/common/batch_orchestrator.go:211.2,212.1 2 0
github.com/zyvorai/transiva/providers/common/batch_orchestrator.go:213.2,213.24 2 0
github.com/zyvorai/transiva/providers/common/batch_orchestrator.go:218.2,219.1 5 0
github.com/zyvorai/transiva/providers/common/batch_orchestrator.go:220.2,221.1 5 0
github.com/zyvorai/transiva/providers/common/batch_orchestrator.go:222.2,225.1 5 0
github.com/zyvorai/transiva/providers/common/batch_orchestrator.go:228.2,229.63 5 0
github.com/zyvorai/transiva/providers/common/batch_orchestrator.go:230.3,230.18 1 0
github.com/zyvorai/transiva/providers/common/batch_orchestrator.go:231.4,236.1 2 0
github.com/zyvorai/transiva/providers/common/batch_orchestrator.go:238.3,239.17 2 0
github.com/zyvorai/transiva/providers/common/batch_orchestrator.go:240.4,243.1 3 0
github.com/zyvorai/transiva/providers/common/batch_orchestrator.go:245.3,248.17 1 0
github.com/zyvorai/transiva/providers/common/batch_orchestrator.go:252.2,255.15 4 0
github.com/zyvorai/transiva/providers/common/batch_orchestrator.go:261.2,262.21 2 0
github.com/zyvorai/transiva/providers/common/batch_orchestrator.go:263.3,264.1 1 0
github.com/zyvorai/transiva/providers/common/batch_orchestrator.go:267.2,267.53 1 0
github.com/zyvorai/transiva/providers/common/batch_orchestrator.go:268.3,269.1 1 0
github.com/zyvorai/transiva/providers/common/batch_orchestrator.go:272.2,274.1 3 0
github.com/zyvorai/transiva/providers/common/batch_orchestrator.go:275.2,275.24 3 0
github.com/zyvorai/transiva/providers/common/batch_orchestrator.go:277.3,281.1 4 0
github.com/zyvorai/transiva/providers/common/batch_orchestrator.go:282.3,284.17 4 0
github.com/zyvorai/transiva/providers/common/batch_orchestrator.go:285.4,286.1 1 0
github.com/zyvorai/transiva/providers/common/batch_orchestrator.go:288.3,292.29 2 0
github.com/zyvorai/transiva/providers/common/batch_orchestrator.go:295.3,299.1 3 0
github.com/zyvorai/transiva/providers/common/batch_orchestrator.go:301.3,301.58 3 0
github.com/zyvorai/transiva/providers/common/batch_orchestrator.go:302.4,303.1 1 0
github.com/zyvorai/transiva/providers/common/batch_orchestrator.go:307.2,307.25 1 0
github.com/zyvorai/transiva/providers/common/batch_orchestrator.go:308.3,309.1 3 0
github.com/zyvorai/transiva/providers/common/batch_orchestrator.go:310.3,311.33 3 0
github.com/zyvorai/transiva/providers/common/batch_orchestrator.go:311.34,311.34 0 0
github.com/zyvorai/transiva/providers/common/batch_orchestrator.go:316.3,317.17 2 0
github.com/zyvorai/transiva/providers/common/batch_orchestrator.go:318.4,319.1 1 0
github.com/zyvorai/transiva/providers/common/batch_orchestrator.go:321.3,322.52 2 0
github.com/zyvorai/transiva/providers/common/batch_orchestrator.go:326.2,326.51 1 0
github.com/zyvorai/transiva/providers/common/batch_orchestrator.go:327.3,330.1 4 0
github.com/zyvorai/transiva/providers/common/batch_orchestrator.go:332.3,334.1 4 0
github.com/zyvorai/transiva/providers/common/batch_orchestrator.go:336.3,337.17 4 0
github.com/zyvorai/transiva/providers/common/batch_orchestrator.go:338.4,339.1 1 0
github.com/zyvorai/transiva/providers/common/batch_orchestrator.go:341.3,341.39 1 0
github.com/zyvorai/transiva/providers/common/batch_orchestrator.go:344.2,344.12 1 0
github.com/zyvorai/transiva/providers/common/batch_orchestrator.go:349.2,351.1 3 0
github.com/zyvorai/transiva/providers/common/batch_orchestrator.go:353.2,353.32 3 0
github.com/zyvorai/transiva/providers/common/batch_orchestrator.go:354.3,354.37 1 0
github.com/zyvorai/transiva/providers/common/batch_orchestrator.go:355.4,355.41 1 0
github.com/zyvorai/transiva/providers/common/batch_orchestrator.go:356.5,357.1 1 0
github.com/zyvorai/transiva/providers/common/batch_orchestrator.go:361.2,361.12 1 0
github.com/zyvorai/transiva/providers/common/batch_orchestrator.go:366.2,368.1 3 0
github.com/zyvorai/transiva/providers/common/batch_orchestrator.go:369.2,369.33 3 0
github.com/zyvorai/transiva/providers/common/batch_orchestrator.go:370.3,370.21 1 0
github.com/zyvorai/transiva/providers/common/batch_orchestrator.go:371.4,372.1 1 0
github.com/zyvorai/transiva/providers/common/batch_orchestrator.go:373.4,374.1 1 0
github.com/zyvorai/transiva/providers/common/batch_orchestrator.go:375.3,375.40 1 0
github.com/zyvorai/transiva/providers/common/batch_orchestrator.go:378.2,379.22 2 0
github.com/zyvorai/transiva/providers/common/batch_orchestrator.go:380.3,381.1 1 0
github.com/zyvorai/transiva/providers/common/batch_orchestrator.go:383.2,388.31 1 0
github.com/zyvorai/transiva/providers/common/batch_orchestrator.go:393.2,393.23 1 0
github.com/zyvorai/transiva/providers/common/batch_orchestrator.go:394.3,395.1 1 0
github.com/zyvorai/transiva/providers/common/batch_orchestrator.go:397.2,397.25 1 0
github.com/zyvorai/transiva/providers/common/batch_orchestrator.go:398.3,399.1 1 0
github.com/zyvorai/transiva/providers/common/batch_orchestrator.go:402.2,402.29 1 0
github.com/zyvorai/transiva/providers/common/batch_orchestrator.go:403.3,403.18 1 0
github.com/zyvorai/transiva/providers/common/batch_orchestrator.go:404.4,405.1 1 0
github.com/zyvorai/transiva/providers/common/batch_orchestrator.go:406.3,406.20 1 0
github.com/zyvorai/transiva/providers/common/batch_orchestrator.go:407.4,408.1 1 0
github.com/zyvorai/transiva/providers/common/batch_orchestrator.go:409.3,409.24 1 0
github.com/zyvorai/transiva/providers/common/batch_orchestrator.go:410.4,411.1 1 0
github.com/zyvorai/transiva/providers/common/batch_orchestrator.go:415.2,415.50 1 0
github.com/zyvorai/transiva/providers/common/batch_orchestrator.go:416.3,416.53 1 0
github.com/zyvorai/transiva/providers/common/batch_orchestrator.go:417.4,418.1 1 0
github.com/zyvorai/transiva/providers/common/batch_orchestrator.go:421.2,421.12 1 0
github.com/zyvorai/transiva/providers/common/batch_orchestrator.go:426.2,427.16 2 0
github.com/zyvorai/transiva/providers/common/batch_orchestrator.go:428.3,429.1 1 0
github.com/zyvorai/transiva/providers/common/batch_orchestrator.go:431.2,431.55 1 0
github.com/zyvorai/transiva/providers/common/batch_orchestrator.go:432.3,433.1 1 0
github.com/zyvorai/transiva/providers/common/batch_orchestrator.go:435.2,435.12 1 0
github.com/zyvorai/transiva/providers/common/batch_orchestrator.go:441.2,442.16 2 0
github.com/zyvorai/transiva/providers/common/batch_orchestrator.go:443.3,444.1 1 0
github.com/zyvorai/transiva/providers/common/batch_orchestrator.go:446.2,447.54 2 0
github.com/zyvorai/transiva/providers/common/batch_orchestrator.go:448.3,449.1 1 0
github.com/zyvorai/transiva/providers/common/batch_orchestrator.go:451.2,451.21 1 0
github.com/zyvorai/transiva/providers/common/checkpoint.go:44.2,55.1 2 13
github.com/zyvorai/transiva/providers/common/checkpoint.go:60.2,70.1 2 11
github.com/zyvorai/transiva/providers/common/checkpoint.go:74.2,74.25 1 9
github.com/zyvorai/transiva/providers/common/checkpoint.go:75.3,75.30 1 11
github.com/zyvorai/transiva/providers/common/checkpoint.go:76.4,81.1 5 8
github.com/zyvorai/transiva/providers/common/checkpoint.go:87.2,87.25 1 2
github.com/zyvorai/transiva/providers/common/checkpoint.go:88.3,88.30 1 2
github.com/zyvorai/transiva/providers/common/checkpoint.go:89.4,90.1 1 1
github.com/zyvorai/transiva/providers/common/checkpoint.go:92.2,92.12 1 1
github.com/zyvorai/transiva/providers/common/checkpoint.go:97.2,97.23 1 4
github.com/zyvorai/transiva/providers/common/checkpoint.go:98.3,99.1 1 1
github.com/zyvorai/transiva/providers/common/checkpoint.go:101.2,101.31 1 3
github.com/zyvorai/transiva/providers/common/checkpoint.go:102.3,102.33 1 5
github.com/zyvorai/transiva/providers/common/checkpoint.go:103.4,104.1 1 2
github.com/zyvorai/transiva/providers/common/checkpoint.go:106.2,106.13 1 1
github.com/zyvorai/transiva/providers/common/checkpoint.go:111.2,111.23 1 5
github.com/zyvorai/transiva/providers/common/checkpoint.go:112.3,113.1 1 1
github.com/zyvorai/transiva/providers/common/checkpoint.go:115.2,116.31 2 4
github.com/zyvorai/transiva/providers/common/checkpoint.go:117.3,119.1 2 8
github.com/zyvorai/transiva/providers/common/checkpoint.go:121.2,121.20 1 4
github.com/zyvorai/transiva/providers/common/checkpoint.go:122.3,123.1 1 1
github.com/zyvorai/transiva/providers/common/checkpoint.go:125.2,125.53 1 3
github.com/zyvorai/transiva/providers/common/checkpoint.go:131.2,131.72 1 5
github.com/zyvorai/transiva/providers/common/checkpoint.go:132.3,133.1 1 0
github.com/zyvorai/transiva/providers/common/checkpoint.go:136.2,137.16 2 5
github.com/zyvorai/transiva/providers/common/checkpoint.go:138.3,139.1 1 0
github.com/zyvorai/transiva/providers/common/checkpoint.go:142.2,143.59 2 5
github.com/zyvorai/transiva/providers/common/checkpoint.go:144.3,145.1 1 0
github.com/zyvorai/transiva/providers/common/checkpoint.go:148.2,148.60 1 5
github.com/zyvorai/transiva/providers/common/checkpoint.go:149.3,150.1 1 0
github.com/zyvorai/transiva/providers/common/checkpoint.go:152.2,152.12 1 5
github.com/zyvorai/transiva/providers/common/checkpoint.go:158.2,159.16 2 4
github.com/zyvorai/transiva/providers/common/checkpoint.go:160.3,161.1 1 1
github.com/zyvorai/transiva/providers/common/checkpoint.go:163.2,164.58 2 3
github.com/zyvorai/transiva/providers/common/checkpoint.go:165.3,166.1 1 1
github.com/zyvorai/transiva/providers/common/checkpoint.go:169.2,169.45 1 2
github.com/zyvorai/transiva/providers/common/checkpoint.go:170.3,172.1 1 1
github.com/zyvorai/transiva/providers/common/checkpoint.go:174.2,174.25 1 1
github.com/zyvorai/transiva/providers/common/checkpoint.go:179.2,179.73 1 2
github.com/zyvorai/transiva/providers/common/checkpoint.go:180.3,181.1 1 0
github.com/zyvorai/transiva/providers/common/checkpoint.go:182.2,182.12 1 2
github.com/zyvorai/transiva/providers/common/checkpoint.go:188.2,189.16 2 3
github.com/zyvorai/transiva/providers/common/checkpoint.go:190.3,191.1 1 1
github.com/zyvorai/transiva/providers/common/checkpoint.go:192.2,193.1 3 2
github.com/zyvorai/transiva/providers/common/checkpoint.go:194.2,195.47 3 2
github.com/zyvorai/transiva/providers/common/checkpoint.go:196.3,197.1 1 0
github.com/zyvorai/transiva/providers/common/checkpoint.go:199.2,199.46 1 2
github.com/zyvorai/transiva/providers/common/checkpoint.go:204.2,205.1 1 1
github.com/zyvorai/transiva/providers/common/checkpoint.go:209.2,211.1 2 3
github.com/zyvorai/transiva/providers/common/cloud_storage.go:142.2,142.19 1 0
github.com/zyvorai/transiva/providers/common/cloud_storage.go:143.3,144.1 1 0
github.com/zyvorai/transiva/providers/common/cloud_storage.go:147.2,147.42 1 0
github.com/zyvorai/transiva/providers/common/cloud_storage.go:148.3,149.1 1 0
github.com/zyvorai/transiva/providers/common/cloud_storage.go:151.2,153.8 1 0
github.com/zyvorai/transiva/providers/common/cloud_storage.go:158.2,159.1 1 0
github.com/zyvorai/transiva/providers/common/cloud_storage.go:163.2,163.25 1 0
github.com/zyvorai/transiva/providers/common/cloud_storage.go:164.3,165.1 1 0
github.com/zyvorai/transiva/providers/common/cloud_storage.go:167.2,167.37 1 0
github.com/zyvorai/transiva/providers/common/cloud_storage.go:168.3,169.1 1 0
github.com/zyvorai/transiva/providers/common/cloud_storage.go:172.2,173.50 2 0
github.com/zyvorai/transiva/providers/common/cloud_storage.go:174.3,177.1 3 0
github.com/zyvorai/transiva/providers/common/cloud_storage.go:180.2,188.1 3 0
github.com/zyvorai/transiva/providers/common/cloud_storage.go:191.2,192.70 3 0
github.com/zyvorai/transiva/providers/common/cloud_storage.go:193.3,194.1 1 0
github.com/zyvorai/transiva/providers/common/cloud_storage.go:197.2,198.43 2 0
github.com/zyvorai/transiva/providers/common/cloud_storage.go:199.3,201.18 3 0
github.com/zyvorai/transiva/providers/common/cloud_storage.go:202.4,203.1 1 0
github.com/zyvorai/transiva/providers/common/cloud_storage.go:205.3,210.5 1 0
github.com/zyvorai/transiva/providers/common/cloud_storage.go:214.2,214.28 1 0
github.com/zyvorai/transiva/providers/common/cloud_storage.go:215.3,215.32 1 0
github.com/zyvorai/transiva/providers/common/cloud_storage.go:216.4,216.47 1 0
github.com/zyvorai/transiva/providers/common/cloud_storage.go:218.5,219.1 1 0
github.com/zyvorai/transiva/providers/common/cloud_storage.go:223.2,223.21 1 0
github.com/zyvorai/transiva/providers/common/cloud_storage.go:228.2,228.22 1 0
github.com/zyvorai/transiva/providers/common/cloud_storage.go:230.3,230.26 1 0
github.com/zyvorai/transiva/providers/common/cloud_storage.go:231.4,232.1 1 0
github.com/zyvorai/transiva/providers/common/cloud_storage.go:233.3,233.32 1 0
github.com/zyvorai/transiva/providers/common/cloud_storage.go:234.4,235.1 1 0
github.com/zyvorai/transiva/providers/common/cloud_storage.go:236.3,236.32 1 0
github.com/zyvorai/transiva/providers/common/cloud_storage.go:237.4,238.1 1 0
github.com/zyvorai/transiva/providers/common/cloud_storage.go:241.3,241.29 1 0
github.com/zyvorai/transiva/providers/common/cloud_storage.go:242.4,243.1 1 0
github.com/zyvorai/transiva/providers/common/cloud_storage.go:244.3,244.40 1 0
github.com/zyvorai/transiva/providers/common/cloud_storage.go:245.4,246.1 1 0
github.com/zyvorai/transiva/providers/common/cloud_storage.go:247.3,247.38 1 0
github.com/zyvorai/transiva/providers/common/cloud_storage.go:248.4,249.1 1 0
github.com/zyvorai/transiva/providers/common/cloud_storage.go:252.3,252.27 1 0
github.com/zyvorai/transiva/providers/common/cloud_storage.go:253.4,254.1 1 0
github.com/zyvorai/transiva/providers/common/cloud_storage.go:255.3,255.33 1 0
github.com/zyvorai/transiva/providers/common/cloud_storage.go:256.4,257.1 1 0
github.com/zyvorai/transiva/providers/common/cloud_storage.go:258.3,258.36 1 0
github.com/zyvorai/transiva/providers/common/cloud_storage.go:259.4,260.1 1 0
github.com/zyvorai/transiva/providers/common/cloud_storage.go:262.21,262.21 0 0
github.com/zyvorai/transiva/providers/common/cloud_storage.go:266.3,266.76 1 0
github.com/zyvorai/transiva/providers/common/cloud_storage.go:269.2,269.12 1 0
github.com/zyvorai/transiva/providers/common/cloud_storage.go:282.2,286.1 1 0
github.com/zyvorai/transiva/providers/common/cloud_storage.go:291.2,293.1 3 0
github.com/zyvorai/transiva/providers/common/cloud_storage.go:294.2,294.24 3 0
github.com/zyvorai/transiva/providers/common/cloud_storage.go:295.3,296.1 1 0
github.com/zyvorai/transiva/providers/common/cloud_storage.go:298.2,298.15 1 0
github.com/zyvorai/transiva/providers/common/conversion_manager.go:25.2,25.19 1 0
github.com/zyvorai/transiva/providers/common/conversion_manager.go:26.3,27.1 1 0
github.com/zyvorai/transiva/providers/common/conversion_manager.go:30.2,30.25 1 0
github.com/zyvorai/transiva/providers/common/conversion_manager.go:31.3,32.1 1 0
github.com/zyvorai/transiva/providers/common/conversion_manager.go:34.2,37.8 1 0
github.com/zyvorai/transiva/providers/common/conversion_manager.go:42.2,43.1 1 0
github.com/zyvorai/transiva/providers/common/conversion_manager.go:47.2,47.25 1 0
github.com/zyvorai/transiva/providers/common/conversion_manager.go:48.3,49.1 1 0
github.com/zyvorai/transiva/providers/common/conversion_manager.go:52.2,52.48 1 0
github.com/zyvorai/transiva/providers/common/conversion_manager.go:53.3,54.1 1 0
github.com/zyvorai/transiva/providers/common/conversion_manager.go:57.2,59.16 3 0
github.com/zyvorai/transiva/providers/common/conversion_manager.go:60.3,62.1 2 0
github.com/zyvorai/transiva/providers/common/conversion_manager.go:64.2,64.20 1 0
github.com/zyvorai/transiva/providers/common/conversion_manager.go:65.3,68.1 1 0
github.com/zyvorai/transiva/providers/common/conversion_manager.go:69.3,70.1 1 0
github.com/zyvorai/transiva/providers/common/conversion_manager.go:72.2,72.20 1 0
github.com/zyvorai/transiva/providers/common/conversion_manager.go:80.2,81.16 2 0
github.com/zyvorai/transiva/providers/common/conversion_manager.go:82.3,83.1 1 0
github.com/zyvorai/transiva/providers/common/conversion_manager.go:85.2,86.1 2 0
github.com/zyvorai/transiva/providers/common/conversion_manager.go:88.2,88.107 2 0
github.com/zyvorai/transiva/providers/common/conversion_manager.go:89.3,90.1 1 0
github.com/zyvorai/transiva/providers/common/conversion_manager.go:91.2,91.87 1 0
github.com/zyvorai/transiva/providers/common/conversion_manager.go:92.3,93.1 1 0
github.com/zyvorai/transiva/providers/common/conversion_manager.go:94.2,94.53 1 0
github.com/zyvorai/transiva/providers/common/conversion_manager.go:95.3,96.1 1 0
github.com/zyvorai/transiva/providers/common/conversion_manager.go:97.2,97.91 1 0
github.com/zyvorai/transiva/providers/common/conversion_manager.go:98.3,99.1 1 0
github.com/zyvorai/transiva/providers/common/conversion_manager.go:101.2,101.73 1 0
github.com/zyvorai/transiva/providers/common/conversion_manager.go:107.2,112.1 2 0
github.com/zyvorai/transiva/providers/common/conversion_manager.go:114.2,114.39 2 0
github.com/zyvorai/transiva/providers/common/conversion_manager.go:115.3,116.17 2 0
github.com/zyvorai/transiva/providers/common/conversion_manager.go:117.4,118.1 1 0
github.com/zyvorai/transiva/providers/common/conversion_manager.go:121.2,121.86 1 0
github.com/zyvorai/transiva/providers/common/conversion_manager.go:126.2,127.16 2 0
github.com/zyvorai/transiva/providers/common/conversion_manager.go:128.3,129.1 1 0
github.com/zyvorai/transiva/providers/common/conversion_manager.go:131.2,131.18 1 0
github.com/zyvorai/transiva/providers/common/conversion_manager.go:132.3,133.1 1 0
github.com/zyvorai/transiva/providers/common/conversion_manager.go:136.2,136.27 1 0
github.com/zyvorai/transiva/providers/common/conversion_manager.go:137.3,138.1 1 0
github.com/zyvorai/transiva/providers/common/conversion_manager.go:140.2,140.12 1 0
github.com/zyvorai/transiva/providers/common/conversion_manager.go:147.2,155.1 1 0
github.com/zyvorai/transiva/providers/common/dashboard.go:90.2,94.1 1 0
github.com/zyvorai/transiva/providers/common/dashboard.go:99.2,101.1 6 0
github.com/zyvorai/transiva/providers/common/dashboard.go:103.2,106.1 6 0
github.com/zyvorai/transiva/providers/common/dashboard.go:107.2,107.39 6 0
github.com/zyvorai/transiva/providers/common/dashboard.go:108.3,108.41 1 0
github.com/zyvorai/transiva/providers/common/dashboard.go:109.4,117.1 1 0
github.com/zyvorai/transiva/providers/common/dashboard.go:117.10,117.45 1 0
github.com/zyvorai/transiva/providers/common/dashboard.go:118.4,127.1 1 0
github.com/zyvorai/transiva/providers/common/dashboard.go:128.4,129.1 1 0
github.com/zyvorai/transiva/providers/common/dashboard.go:133.2,133.33 1 0
github.com/zyvorai/transiva/providers/common/dashboard.go:134.3,135.1 1 0
github.com/zyvorai/transiva/providers/common/dashboard.go:136.2,136.30 1 0
github.com/zyvorai/transiva/providers/common/dashboard.go:137.3,138.1 1 0
github.com/zyvorai/transiva/providers/common/dashboard.go:141.2,145.1 7 0
github.com/zyvorai/transiva/providers/common/dashboard.go:146.2,154.1 7 0
github.com/zyvorai/transiva/providers/common/dashboard.go:157.2,158.41 7 0
github.com/zyvorai/transiva/providers/common/dashboard.go:159.3,165.1 1 0
github.com/zyvorai/transiva/providers/common/dashboard.go:169.2,170.39 2 0
github.com/zyvorai/transiva/providers/common/dashboard.go:171.3,172.1 1 0
github.com/zyvorai/transiva/providers/common/dashboard.go:173.2,173.42 1 0
github.com/zyvorai/transiva/providers/common/dashboard.go:174.3,175.1 1 0
github.com/zyvorai/transiva/providers/common/dashboard.go:177.2,187.1 1 0
github.com/zyvorai/transiva/providers/common/dashboard.go:199.2,202.1 1 0
github.com/zyvorai/transiva/providers/common/dashboard.go:207.2,208.1 8 0
github.com/zyvorai/transiva/providers/common/dashboard.go:210.2,211.1 8 0
github.com/zyvorai/transiva/providers/common/dashboard.go:213.2,214.1 8 0
github.com/zyvorai/transiva/providers/common/dashboard.go:216.2,217.1 8 0
github.com/zyvorai/transiva/providers/common/dashboard.go:219.2,220.1 8 0
github.com/zyvorai/transiva/providers/common/dashboard.go:222.2,223.1 8 0
github.com/zyvorai/transiva/providers/common/dashboard.go:224.2,228.1 8 0
github.com/zyvorai/transiva/providers/common/dashboard.go:230.2,231.1 8 0
github.com/zyvorai/transiva/providers/common/dashboard.go:235.2,235.22 1 0
github.com/zyvorai/transiva/providers/common/dashboard.go:236.3,237.1 1 0
github.com/zyvorai/transiva/providers/common/dashboard.go:238.2,238.12 1 0
github.com/zyvorai/transiva/providers/common/dashboard.go:243.2,243.32 1 0
github.com/zyvorai/transiva/providers/common/dashboard.go:244.3,246.1 2 0
github.com/zyvorai/transiva/providers/common/dashboard.go:248.2,249.1 3 0
github.com/zyvorai/transiva/providers/common/dashboard.go:250.2,251.56 3 0
github.com/zyvorai/transiva/providers/common/dashboard.go:252.3,253.1 1 0
github.com/zyvorai/transiva/providers/common/dashboard.go:258.2,258.32 1 0
github.com/zyvorai/transiva/providers/common/dashboard.go:259.3,261.1 2 0
github.com/zyvorai/transiva/providers/common/dashboard.go:263.2,264.1 3 0
github.com/zyvorai/transiva/providers/common/dashboard.go:265.2,270.17 3 0
github.com/zyvorai/transiva/providers/common/dashboard.go:271.3,272.1 1 0
github.com/zyvorai/transiva/providers/common/dashboard.go:277.2,277.32 1 0
github.com/zyvorai/transiva/providers/common/dashboard.go:278.3,280.1 2 0
github.com/zyvorai/transiva/providers/common/dashboard.go:282.2,283.1 3 0
github.com/zyvorai/transiva/providers/common/dashboard.go:284.2,288.17 3 0
github.com/zyvorai/transiva/providers/common/dashboard.go:289.3,290.1 1 0
github.com/zyvorai/transiva/providers/common/dashboard.go:295.2,295.32 1 0
github.com/zyvorai/transiva/providers/common/dashboard.go:296.3,298.1 2 0
github.com/zyvorai/transiva/providers/common/dashboard.go:300.2,301.1 3 0
github.com/zyvorai/transiva/providers/common/dashboard.go:302.2,306.17 3 0
github.com/zyvorai/transiva/providers/common/dashboard.go:307.3,308.1 1 0
github.com/zyvorai/transiva/providers/common/dashboard.go:313.2,313.32 1 0
github.com/zyvorai/transiva/providers/common/dashboard.go:314.3,316.1 2 0
github.com/zyvorai/transiva/providers/common/dashboard.go:318.2,319.1 3 0
github.com/zyvorai/transiva/providers/common/dashboard.go:320.2,324.17 3 0
github.com/zyvorai/transiva/providers/common/dashboard.go:325.3,326.1 1 0
github.com/zyvorai/transiva/providers/common/dashboard.go:341.2,342.1 4 0
github.com/zyvorai/transiva/providers/common/dashboard.go:343.2,347.1 4 0
github.com/zyvorai/transiva/providers/common/dashboard.go:349.2,350.31 4 0
github.com/zyvorai/transiva/providers/common/dashboard.go:351.3,351.13 1 0
github.com/zyvorai/transiva/providers/common/dashboard.go:352.4,353.9 2 0
github.com/zyvorai/transiva/providers/common/dashboard.go:357.2,358.14 2 0
github.com/zyvorai/transiva/providers/common/dashboard.go:359.3,360.1 1 0
github.com/zyvorai/transiva/providers/common/dashboard.go:360.9,360.80 1 0
github.com/zyvorai/transiva/providers/common/dashboard.go:361.3,362.1 1 0
github.com/zyvorai/transiva/providers/common/dashboard.go:364.2,371.1 1 0
github.com/zyvorai/transiva/providers/common/guest_config.go:124.2,125.16 2 0
github.com/zyvorai/transiva/providers/common/guest_config.go:126.3,127.1 1 0
github.com/zyvorai/transiva/providers/common/guest_config.go:129.2,130.54 2 0
github.com/zyvorai/transiva/providers/common/guest_config.go:131.3,132.1 1 0
github.com/zyvorai/transiva/providers/common/guest_config.go:134.2,134.21 1 0
github.com/zyvorai/transiva/providers/common/guest_config.go:139.2,140.16 2 0
github.com/zyvorai/transiva/providers/common/guest_config.go:141.3,142.1 1 0
github.com/zyvorai/transiva/providers/common/guest_config.go:145.2,145.55 1 0
github.com/zyvorai/transiva/providers/common/guest_config.go:146.3,147.1 1 0
github.com/zyvorai/transiva/providers/common/guest_config.go:149.2,149.12 1 0
github.com/zyvorai/transiva/providers/common/guest_config.go:155.2,155.23 1 0
github.com/zyvorai/transiva/providers/common/guest_config.go:156.3,156.47 1 0
github.com/zyvorai/transiva/providers/common/guest_config.go:157.4,157.24 1 0
github.com/zyvorai/transiva/providers/common/guest_config.go:158.5,159.1 1 0
github.com/zyvorai/transiva/providers/common/guest_config.go:161.4,161.58 1 0
github.com/zyvorai/transiva/providers/common/guest_config.go:162.5,163.1 1 0
github.com/zyvorai/transiva/providers/common/guest_config.go:165.4,165.32 1 0
github.com/zyvorai/transiva/providers/common/guest_config.go:166.5,166.30 1 0
github.com/zyvorai/transiva/providers/common/guest_config.go:167.6,168.1 1 0
github.com/zyvorai/transiva/providers/common/guest_config.go:169.5,169.28 1 0
github.com/zyvorai/transiva/providers/common/guest_config.go:170.6,171.1 1 0
github.com/zyvorai/transiva/providers/common/guest_config.go:177.2,177.32 1 0
github.com/zyvorai/transiva/providers/common/guest_config.go:178.3,178.26 1 0
github.com/zyvorai/transiva/providers/common/guest_config.go:179.4,180.1 1 0
github.com/zyvorai/transiva/providers/common/guest_config.go:182.3,182.89 1 0
github.com/zyvorai/transiva/providers/common/guest_config.go:183.4,184.1 1 0
github.com/zyvorai/transiva/providers/common/guest_config.go:188.2,188.33 1 0
github.com/zyvorai/transiva/providers/common/guest_config.go:189.3,189.21 1 0
github.com/zyvorai/transiva/providers/common/guest_config.go:190.4,191.1 1 0
github.com/zyvorai/transiva/providers/common/guest_config.go:192.3,192.26 1 0
github.com/zyvorai/transiva/providers/common/guest_config.go:193.4,194.1 1 0
github.com/zyvorai/transiva/providers/common/guest_config.go:197.2,197.12 1 0
github.com/zyvorai/transiva/providers/common/guest_config.go:202.2,203.1 2 0
github.com/zyvorai/transiva/providers/common/guest_config.go:205.2,205.23 2 0
github.com/zyvorai/transiva/providers/common/guest_config.go:206.3,207.1 1 0
github.com/zyvorai/transiva/providers/common/guest_config.go:210.2,210.23 1 0
github.com/zyvorai/transiva/providers/common/guest_config.go:211.3,212.1 1 0
github.com/zyvorai/transiva/providers/common/guest_config.go:215.2,215.21 1 0
github.com/zyvorai/transiva/providers/common/guest_config.go:216.3,217.1 1 0
github.com/zyvorai/transiva/providers/common/guest_config.go:220.2,220.23 1 0
github.com/zyvorai/transiva/providers/common/guest_config.go:221.3,222.33 2 0
github.com/zyvorai/transiva/providers/common/guest_config.go:223.4,225.1 2 0
github.com/zyvorai/transiva/providers/common/guest_config.go:227.4,227.31 2 0
github.com/zyvorai/transiva/providers/common/guest_config.go:228.5,229.1 1 0
github.com/zyvorai/transiva/providers/common/guest_config.go:229.11,229.34 1 0
github.com/zyvorai/transiva/providers/common/guest_config.go:230.5,232.1 2 0
github.com/zyvorai/transiva/providers/common/guest_config.go:234.4,234.28 1 0
github.com/zyvorai/transiva/providers/common/guest_config.go:235.5,236.1 1 0
github.com/zyvorai/transiva/providers/common/guest_config.go:238.4,238.17 1 0
github.com/zyvorai/transiva/providers/common/guest_config.go:239.5,240.1 1 0
github.com/zyvorai/transiva/providers/common/guest_config.go:242.4,242.24 1 0
github.com/zyvorai/transiva/providers/common/guest_config.go:243.5,244.1 1 0
github.com/zyvorai/transiva/providers/common/guest_config.go:246.4,246.39 1 0
github.com/zyvorai/transiva/providers/common/guest_config.go:247.5,248.1 1 0
github.com/zyvorai/transiva/providers/common/guest_config.go:250.4,250.28 1 0
github.com/zyvorai/transiva/providers/common/guest_config.go:252.3,252.31 1 0
github.com/zyvorai/transiva/providers/common/guest_config.go:256.2,256.25 1 0
github.com/zyvorai/transiva/providers/common/guest_config.go:257.3,258.34 2 0
github.com/zyvorai/transiva/providers/common/guest_config.go:259.4,260.1 1 0
github.com/zyvorai/transiva/providers/common/guest_config.go:261.3,261.47 1 0
github.com/zyvorai/transiva/providers/common/guest_config.go:265.2,265.26 1 0
github.com/zyvorai/transiva/providers/common/guest_config.go:266.3,267.1 1 0
github.com/zyvorai/transiva/providers/common/guest_config.go:270.2,270.34 1 0
github.com/zyvorai/transiva/providers/common/guest_config.go:271.3,272.1 1 0
github.com/zyvorai/transiva/providers/common/guest_config.go:275.2,275.57 1 0
github.com/zyvorai/transiva/providers/common/guest_config.go:276.3,278.1 4 0
github.com/zyvorai/transiva/providers/common/guest_config.go:279.3,280.47 4 0
github.com/zyvorai/transiva/providers/common/guest_config.go:281.4,282.1 2 0
github.com/zyvorai/transiva/providers/common/guest_config.go:283.4,283.30 2 0
github.com/zyvorai/transiva/providers/common/guest_config.go:284.5,285.1 1 0
github.com/zyvorai/transiva/providers/common/guest_config.go:285.11,285.39 1 0
github.com/zyvorai/transiva/providers/common/guest_config.go:286.5,287.28 2 0
github.com/zyvorai/transiva/providers/common/guest_config.go:288.6,289.1 1 0
github.com/zyvorai/transiva/providers/common/guest_config.go:292.4,292.30 1 0
github.com/zyvorai/transiva/providers/common/guest_config.go:293.5,294.1 1 0
github.com/zyvorai/transiva/providers/common/guest_config.go:296.4,296.21 1 0
github.com/zyvorai/transiva/providers/common/guest_config.go:297.5,298.1 1 0
github.com/zyvorai/transiva/providers/common/guest_config.go:300.4,300.39 1 0
github.com/zyvorai/transiva/providers/common/guest_config.go:303.3,304.1 2 0
github.com/zyvorai/transiva/providers/common/guest_config.go:305.3,305.37 2 0
github.com/zyvorai/transiva/providers/common/guest_config.go:306.4,308.1 2 0
github.com/zyvorai/transiva/providers/common/guest_config.go:309.4,309.41 2 0
github.com/zyvorai/transiva/providers/common/guest_config.go:310.5,311.1 1 0
github.com/zyvorai/transiva/providers/common/guest_config.go:314.3,314.41 1 0
github.com/zyvorai/transiva/providers/common/guest_config.go:317.2,318.16 2 0
github.com/zyvorai/transiva/providers/common/guest_config.go:319.3,320.1 1 0
github.com/zyvorai/transiva/providers/common/guest_config.go:322.2,322.46 1 0
github.com/zyvorai/transiva/providers/common/guest_config.go:327.2,339.1 1 0
github.com/zyvorai/transiva/providers/common/job_store.go:101.2,102.16 2 14
github.com/zyvorai/transiva/providers/common/job_store.go:103.3,104.1 1 0
github.com/zyvorai/transiva/providers/common/job_store.go:107.2,107.62 1 14
github.com/zyvorai/transiva/providers/common/job_store.go:108.3,108.46 1 1
github.com/zyvorai/transiva/providers/common/job_store.go:109.4,110.1 1 0
github.com/zyvorai/transiva/providers/common/job_store.go:111.3,111.53 1 1
github.com/zyvorai/transiva/providers/common/job_store.go:114.2,115.1 2 13
github.com/zyvorai/transiva/providers/common/job_store.go:117.2,117.43 2 13
github.com/zyvorai/transiva/providers/common/job_store.go:118.3,118.46 1 0
github.com/zyvorai/transiva/providers/common/job_store.go:119.4,120.1 1 0
github.com/zyvorai/transiva/providers/common/job_store.go:121.3,121.55 1 0
github.com/zyvorai/transiva/providers/common/job_store.go:124.2,124.19 1 13
github.com/zyvorai/transiva/providers/common/job_store.go:129.2,163.1 3 13
github.com/zyvorai/transiva/providers/common/job_store.go:164.2,166.1 3 13
github.com/zyvorai/transiva/providers/common/job_store.go:170.2,171.16 2 19
github.com/zyvorai/transiva/providers/common/job_store.go:172.3,173.1 1 0
github.com/zyvorai/transiva/providers/common/job_store.go:175.2,182.1 3 19
github.com/zyvorai/transiva/providers/common/job_store.go:183.2,201.1 3 19
github.com/zyvorai/transiva/providers/common/job_store.go:202.2,202.16 3 19
github.com/zyvorai/transiva/providers/common/job_store.go:203.3,204.1 1 0
github.com/zyvorai/transiva/providers/common/job_store.go:206.2,206.12 1 19
github.com/zyvorai/transiva/providers/common/job_store.go:211.2,218.1 6 11
github.com/zyvorai/transiva/providers/common/job_store.go:219.2,222.1 6 11
github.com/zyvorai/transiva/providers/common/job_store.go:223.2,241.1 6 11
github.com/zyvorai/transiva/providers/common/job_store.go:242.2,242.26 6 11
github.com/zyvorai/transiva/providers/common/job_store.go:243.3,244.1 1 2
github.com/zyvorai/transiva/providers/common/job_store.go:245.2,245.16 1 9
github.com/zyvorai/transiva/providers/common/job_store.go:246.3,247.1 1 0
github.com/zyvorai/transiva/providers/common/job_store.go:249.2,249.21 1 9
github.com/zyvorai/transiva/providers/common/job_store.go:250.3,251.1 1 0
github.com/zyvorai/transiva/providers/common/job_store.go:252.2,252.23 1 9
github.com/zyvorai/transiva/providers/common/job_store.go:253.3,254.1 1 0
github.com/zyvorai/transiva/providers/common/job_store.go:256.2,256.24 1 9
github.com/zyvorai/transiva/providers/common/job_store.go:257.3,257.77 1 9
github.com/zyvorai/transiva/providers/common/job_store.go:258.4,259.1 1 0
github.com/zyvorai/transiva/providers/common/job_store.go:262.2,262.18 1 9
github.com/zyvorai/transiva/providers/common/job_store.go:267.2,275.1 3 6
github.com/zyvorai/transiva/providers/common/job_store.go:276.2,276.25 3 6
github.com/zyvorai/transiva/providers/common/job_store.go:277.3,279.1 2 1
github.com/zyvorai/transiva/providers/common/job_store.go:281.2,281.27 1 6
github.com/zyvorai/transiva/providers/common/job_store.go:282.3,284.1 2 1
github.com/zyvorai/transiva/providers/common/job_store.go:286.2,286.23 1 6
github.com/zyvorai/transiva/providers/common/job_store.go:287.3,289.1 2 1
github.com/zyvorai/transiva/providers/common/job_store.go:291.2,291.28 1 6
github.com/zyvorai/transiva/providers/common/job_store.go:292.3,294.1 2 0
github.com/zyvorai/transiva/providers/common/job_store.go:296.2,296.28 1 6
github.com/zyvorai/transiva/providers/common/job_store.go:297.3,299.1 2 0
github.com/zyvorai/transiva/providers/common/job_store.go:301.2,302.1 2 6
github.com/zyvorai/transiva/providers/common/job_store.go:303.2,303.22 2 6
github.com/zyvorai/transiva/providers/common/job_store.go:304.3,306.1 2 1
github.com/zyvorai/transiva/providers/common/job_store.go:308.2,308.23 1 6
github.com/zyvorai/transiva/providers/common/job_store.go:309.3,311.1 2 0
github.com/zyvorai/transiva/providers/common/job_store.go:313.2,314.16 2 6
github.com/zyvorai/transiva/providers/common/job_store.go:315.3,316.1 1 0
github.com/zyvorai/transiva/providers/common/job_store.go:317.2,318.1 3 6
github.com/zyvorai/transiva/providers/common/job_store.go:319.2,320.18 3 6
github.com/zyvorai/transiva/providers/common/job_store.go:321.3,324.1 5 15
github.com/zyvorai/transiva/providers/common/job_store.go:325.3,343.17 5 15
github.com/zyvorai/transiva/providers/common/job_store.go:344.4,345.1 1 0
github.com/zyvorai/transiva/providers/common/job_store.go:347.3,347.22 1 15
github.com/zyvorai/transiva/providers/common/job_store.go:348.4,349.1 1 0
github.com/zyvorai/transiva/providers/common/job_store.go:350.3,350.24 1 15
github.com/zyvorai/transiva/providers/common/job_store.go:351.4,352.1 1 1
github.com/zyvorai/transiva/providers/common/job_store.go:354.3,354.25 1 15
github.com/zyvorai/transiva/providers/common/job_store.go:355.4,355.78 1 15
github.com/zyvorai/transiva/providers/common/job_store.go:356.5,357.1 1 0
github.com/zyvorai/transiva/providers/common/job_store.go:360.3,360.28 1 15
github.com/zyvorai/transiva/providers/common/job_store.go:363.2,363.25 1 6
github.com/zyvorai/transiva/providers/common/job_store.go:368.2,370.16 3 3
github.com/zyvorai/transiva/providers/common/job_store.go:371.3,372.1 1 0
github.com/zyvorai/transiva/providers/common/job_store.go:374.2,375.16 2 3
github.com/zyvorai/transiva/providers/common/job_store.go:376.3,377.1 1 0
github.com/zyvorai/transiva/providers/common/job_store.go:379.2,379.15 1 3
github.com/zyvorai/transiva/providers/common/job_store.go:380.3,381.1 1 1
github.com/zyvorai/transiva/providers/common/job_store.go:383.2,383.12 1 2
github.com/zyvorai/transiva/providers/common/job_store.go:388.2,390.16 3 4
github.com/zyvorai/transiva/providers/common/job_store.go:391.3,392.1 1 0
github.com/zyvorai/transiva/providers/common/job_store.go:394.2,395.16 2 4
github.com/zyvorai/transiva/providers/common/job_store.go:396.3,397.1 1 0
github.com/zyvorai/transiva/providers/common/job_store.go:399.2,399.15 1 4
github.com/zyvorai/transiva/providers/common/job_store.go:400.3,401.1 1 0
github.com/zyvorai/transiva/providers/common/job_store.go:403.2,403.12 1 4
github.com/zyvorai/transiva/providers/common/job_store.go:408.2,410.16 3 2
github.com/zyvorai/transiva/providers/common/job_store.go:411.3,412.1 1 0
github.com/zyvorai/transiva/providers/common/job_store.go:414.2,415.16 2 2
github.com/zyvorai/transiva/providers/common/job_store.go:416.3,417.1 1 0
github.com/zyvorai/transiva/providers/common/job_store.go:419.2,419.15 1 2
github.com/zyvorai/transiva/providers/common/job_store.go:420.3,421.1 1 1
github.com/zyvorai/transiva/providers/common/job_store.go:423.2,423.12 1 1
github.com/zyvorai/transiva/providers/common/job_store.go:428.2,438.1 4 1
github.com/zyvorai/transiva/providers/common/job_store.go:439.2,448.16 4 1
github.com/zyvorai/transiva/providers/common/job_store.go:449.3,450.1 1 0
github.com/zyvorai/transiva/providers/common/job_store.go:453.2,453.21 1 1
github.com/zyvorai/transiva/providers/common/job_store.go:454.3,455.1 1 1
github.com/zyvorai/transiva/providers/common/job_store.go:457.2,457.20 1 1
github.com/zyvorai/transiva/providers/common/job_store.go:462.2,463.1 1 13
github.com/zyvorai/transiva/providers/common/job_store.go:467.2,468.1 4 1
github.com/zyvorai/transiva/providers/common/job_store.go:469.2,471.16 4 1
github.com/zyvorai/transiva/providers/common/job_store.go:472.3,473.1 1 0
github.com/zyvorai/transiva/providers/common/job_store.go:475.2,475.30 1 1
github.com/zyvorai/transiva/providers/common/libvirt.go:44.2,44.22 1 0
github.com/zyvorai/transiva/providers/common/libvirt.go:45.3,46.1 1 0
github.com/zyvorai/transiva/providers/common/libvirt.go:47.2,47.32 1 0
github.com/zyvorai/transiva/providers/common/libvirt.go:48.3,49.1 1 0
github.com/zyvorai/transiva/providers/common/libvirt.go:50.2,50.30 1 0
github.com/zyvorai/transiva/providers/common/libvirt.go:51.3,52.1 1 0
github.com/zyvorai/transiva/providers/common/libvirt.go:54.2,57.1 1 0
github.com/zyvorai/transiva/providers/common/libvirt.go:63.2,64.1 4 0
github.com/zyvorai/transiva/providers/common/libvirt.go:65.2,66.1 4 0
github.com/zyvorai/transiva/providers/common/libvirt.go:68.2,69.16 4 0
github.com/zyvorai/transiva/providers/common/libvirt.go:70.3,71.1 1 0
github.com/zyvorai/transiva/providers/common/libvirt.go:74.2,75.16 2 0
github.com/zyvorai/transiva/providers/common/libvirt.go:76.3,77.1 1 0
github.com/zyvorai/transiva/providers/common/libvirt.go:78.2,79.1 2 0
github.com/zyvorai/transiva/providers/common/libvirt.go:80.2,80.59 2 0
github.com/zyvorai/transiva/providers/common/libvirt.go:81.3,82.1 1 0
github.com/zyvorai/transiva/providers/common/libvirt.go:83.2,83.40 1 0
github.com/zyvorai/transiva/providers/common/libvirt.go:84.3,85.1 1 0
github.com/zyvorai/transiva/providers/common/libvirt.go:90.2,92.16 3 0
github.com/zyvorai/transiva/providers/common/libvirt.go:93.3,94.1 1 0
github.com/zyvorai/transiva/providers/common/libvirt.go:96.2,97.1 2 0
github.com/zyvorai/transiva/providers/common/libvirt.go:99.2,99.24 2 0
github.com/zyvorai/transiva/providers/common/libvirt.go:101.3,103.17 3 0
github.com/zyvorai/transiva/providers/common/libvirt.go:104.4,105.1 1 0
github.com/zyvorai/transiva/providers/common/libvirt.go:107.4,108.1 1 0
github.com/zyvorai/transiva/providers/common/libvirt.go:111.2,111.24 1 0
github.com/zyvorai/transiva/providers/common/libvirt.go:117.2,117.46 1 0
github.com/zyvorai/transiva/providers/common/libvirt.go:118.3,119.1 1 0
github.com/zyvorai/transiva/providers/common/libvirt.go:122.2,124.15 3 0
github.com/zyvorai/transiva/providers/common/libvirt.go:125.3,126.1 1 0
github.com/zyvorai/transiva/providers/common/libvirt.go:128.2,128.37 1 0
github.com/zyvorai/transiva/providers/common/libvirt.go:134.2,137.1 5 0
github.com/zyvorai/transiva/providers/common/libvirt.go:139.2,140.26 5 0
github.com/zyvorai/transiva/providers/common/libvirt.go:141.3,141.72 1 0
github.com/zyvorai/transiva/providers/common/libvirt.go:142.4,143.1 1 0
github.com/zyvorai/transiva/providers/common/libvirt.go:146.2,147.1 3 0
github.com/zyvorai/transiva/providers/common/libvirt.go:149.2,150.1 3 0
github.com/zyvorai/transiva/providers/common/libvirt.go:152.2,152.21 3 0
github.com/zyvorai/transiva/providers/common/libvirt.go:153.3,154.1 1 0
github.com/zyvorai/transiva/providers/common/libvirt.go:156.2,156.18 1 0
github.com/zyvorai/transiva/providers/common/libvirt.go:162.2,163.1 3 0
github.com/zyvorai/transiva/providers/common/libvirt.go:165.2,166.16 3 0
github.com/zyvorai/transiva/providers/common/libvirt.go:167.3,168.1 1 0
github.com/zyvorai/transiva/providers/common/libvirt.go:170.2,171.52 2 0
github.com/zyvorai/transiva/providers/common/libvirt.go:172.3,173.1 1 0
github.com/zyvorai/transiva/providers/common/libvirt.go:175.2,175.29 1 0
github.com/zyvorai/transiva/providers/common/libvirt.go:180.2,189.1 2 0
github.com/zyvorai/transiva/providers/common/libvirt.go:192.2,192.17 2 0
github.com/zyvorai/transiva/providers/common/libvirt.go:193.3,193.19 1 0
github.com/zyvorai/transiva/providers/common/libvirt.go:194.4,195.1 1 0
github.com/zyvorai/transiva/providers/common/libvirt.go:196.3,196.21 1 0
github.com/zyvorai/transiva/providers/common/libvirt.go:197.4,198.1 1 0
github.com/zyvorai/transiva/providers/common/libvirt.go:199.3,199.26 1 0
github.com/zyvorai/transiva/providers/common/libvirt.go:200.4,201.1 1 0
github.com/zyvorai/transiva/providers/common/libvirt.go:205.2,205.44 1 0
github.com/zyvorai/transiva/providers/common/libvirt.go:206.3,207.1 1 0
github.com/zyvorai/transiva/providers/common/libvirt.go:210.2,211.13 2 0
github.com/zyvorai/transiva/providers/common/libvirt.go:213.3,213.31 1 0
github.com/zyvorai/transiva/providers/common/libvirt.go:215.3,215.29 1 0
github.com/zyvorai/transiva/providers/common/libvirt.go:217.3,217.29 1 0
github.com/zyvorai/transiva/providers/common/libvirt.go:220.2,220.13 1 0
github.com/zyvorai/transiva/providers/common/metrics.go:46.2,49.1 1 0
github.com/zyvorai/transiva/providers/common/metrics.go:54.2,56.1 5 0
github.com/zyvorai/transiva/providers/common/metrics.go:57.2,60.1 5 0
github.com/zyvorai/transiva/providers/common/metrics.go:64.2,66.1 11 0
github.com/zyvorai/transiva/providers/common/metrics.go:67.2,69.1 11 0
github.com/zyvorai/transiva/providers/common/metrics.go:70.2,74.1 11 0
github.com/zyvorai/transiva/providers/common/metrics.go:75.2,78.1 11 0
github.com/zyvorai/transiva/providers/common/metrics.go:82.2,84.1 4 0
github.com/zyvorai/transiva/providers/common/metrics.go:85.2,87.1 4 0
github.com/zyvorai/transiva/providers/common/metrics.go:91.2,93.1 39 0
github.com/zyvorai/transiva/providers/common/metrics.go:94.2,95.1 39 0
github.com/zyvorai/transiva/providers/common/metrics.go:97.2,100.1 39 0
github.com/zyvorai/transiva/providers/common/metrics.go:101.2,104.1 39 0
github.com/zyvorai/transiva/providers/common/metrics.go:105.2,108.1 39 0
github.com/zyvorai/transiva/providers/common/metrics.go:109.2,112.1 39 0
github.com/zyvorai/transiva/providers/common/metrics.go:113.2,116.1 39 0
github.com/zyvorai/transiva/providers/common/metrics.go:117.2,120.1 39 0
github.com/zyvorai/transiva/providers/common/metrics.go:121.2,124.1 39 0
github.com/zyvorai/transiva/providers/common/metrics.go:125.2,128.1 39 0
github.com/zyvorai/transiva/providers/common/metrics.go:129.2,132.1 39 0
github.com/zyvorai/transiva/providers/common/metrics.go:133.2,136.1 39 0
github.com/zyvorai/transiva/providers/common/metrics.go:137.2,140.1 39 0
github.com/zyvorai/transiva/providers/common/metrics.go:142.2,144.49 39 0
github.com/zyvorai/transiva/providers/common/metrics.go:145.3,146.1 1 0
github.com/zyvorai/transiva/providers/common/metrics.go:149.2,153.1 6 0
github.com/zyvorai/transiva/providers/common/metrics.go:155.2,156.28 6 0
github.com/zyvorai/transiva/providers/common/metrics.go:157.3,158.1 1 0
github.com/zyvorai/transiva/providers/common/metrics.go:159.2,162.1 5 0
github.com/zyvorai/transiva/providers/common/metrics.go:164.2,165.32 5 0
github.com/zyvorai/transiva/providers/common/metrics.go:166.3,170.1 4 0
github.com/zyvorai/transiva/providers/common/metrics.go:172.2,175.1 13 0
github.com/zyvorai/transiva/providers/common/metrics.go:176.2,179.1 13 0
github.com/zyvorai/transiva/providers/common/metrics.go:180.2,183.1 13 0
github.com/zyvorai/transiva/providers/common/metrics.go:184.2,187.1 13 0
github.com/zyvorai/transiva/providers/common/metrics.go:188.2,188.16 13 0
github.com/zyvorai/transiva/providers/common/metrics.go:193.2,195.1 4 0
github.com/zyvorai/transiva/providers/common/metrics.go:196.2,197.28 4 0
github.com/zyvorai/transiva/providers/common/metrics.go:198.3,199.1 1 0
github.com/zyvorai/transiva/providers/common/metrics.go:201.2,202.32 2 0
github.com/zyvorai/transiva/providers/common/metrics.go:203.3,207.1 4 0
github.com/zyvorai/transiva/providers/common/metrics.go:209.2,234.1 1 0
github.com/zyvorai/transiva/providers/common/metrics.go:239.2,241.1 15 0
github.com/zyvorai/transiva/providers/common/metrics.go:242.2,255.1 15 0
github.com/zyvorai/transiva/providers/common/metrics.go:266.2,269.1 1 0
github.com/zyvorai/transiva/providers/common/metrics.go:274.2,275.1 6 0
github.com/zyvorai/transiva/providers/common/metrics.go:277.2,278.1 6 0
github.com/zyvorai/transiva/providers/common/metrics.go:280.2,281.1 6 0
github.com/zyvorai/transiva/providers/common/metrics.go:283.2,284.1 6 0
github.com/zyvorai/transiva/providers/common/metrics.go:285.2,289.1 6 0
github.com/zyvorai/transiva/providers/common/metrics.go:291.2,292.1 6 0
github.com/zyvorai/transiva/providers/common/metrics.go:296.2,296.22 1 0
github.com/zyvorai/transiva/providers/common/metrics.go:297.3,298.1 1 0
github.com/zyvorai/transiva/providers/common/metrics.go:299.2,299.12 1 0
github.com/zyvorai/transiva/providers/common/metrics.go:304.2,304.32 1 0
github.com/zyvorai/transiva/providers/common/metrics.go:305.3,307.1 2 0
github.com/zyvorai/transiva/providers/common/metrics.go:309.2,310.70 2 0
github.com/zyvorai/transiva/providers/common/metrics.go:311.3,312.1 1 0
github.com/zyvorai/transiva/providers/common/metrics.go:317.2,317.32 1 0
github.com/zyvorai/transiva/providers/common/metrics.go:318.3,320.1 2 0
github.com/zyvorai/transiva/providers/common/metrics.go:322.2,324.1 4 0
github.com/zyvorai/transiva/providers/common/metrics.go:326.2,327.16 4 0
github.com/zyvorai/transiva/providers/common/metrics.go:328.3,330.1 2 0
github.com/zyvorai/transiva/providers/common/metrics.go:331.2,331.41 1 0
github.com/zyvorai/transiva/providers/common/metrics.go:332.3,333.1 1 0
github.com/zyvorai/transiva/providers/common/metrics.go:338.2,338.32 1 0
github.com/zyvorai/transiva/providers/common/metrics.go:339.3,341.1 2 0
github.com/zyvorai/transiva/providers/common/metrics.go:343.2,344.62 2 0
github.com/zyvorai/transiva/providers/common/metrics.go:345.3,346.1 1 0
github.com/zyvorai/transiva/providers/common/migration_orchestrator.go:104.2,106.1 2 0
github.com/zyvorai/transiva/providers/common/migration_orchestrator.go:109.2,109.29 2 0
github.com/zyvorai/transiva/providers/common/migration_orchestrator.go:110.3,111.17 2 0
github.com/zyvorai/transiva/providers/common/migration_orchestrator.go:112.4,113.1 1 0
github.com/zyvorai/transiva/providers/common/migration_orchestrator.go:114.3,114.33 1 0
github.com/zyvorai/transiva/providers/common/migration_orchestrator.go:118.2,118.37 1 0
github.com/zyvorai/transiva/providers/common/migration_orchestrator.go:120.3,121.1 1 0
github.com/zyvorai/transiva/providers/common/migration_orchestrator.go:123.2,123.37 1 0
github.com/zyvorai/transiva/providers/common/migration_orchestrator.go:124.3,125.17 2 0
github.com/zyvorai/transiva/providers/common/migration_orchestrator.go:126.4,127.1 1 0
github.com/zyvorai/transiva/providers/common/migration_orchestrator.go:128.3,128.35 1 0
github.com/zyvorai/transiva/providers/common/migration_orchestrator.go:132.2,132.27 1 0
github.com/zyvorai/transiva/providers/common/migration_orchestrator.go:133.3,134.1 1 0
github.com/zyvorai/transiva/providers/common/migration_orchestrator.go:136.2,136.26 1 0
github.com/zyvorai/transiva/providers/common/migration_orchestrator.go:137.3,138.1 1 0
github.com/zyvorai/transiva/providers/common/migration_orchestrator.go:140.2,140.60 1 0
github.com/zyvorai/transiva/providers/common/migration_orchestrator.go:141.3,142.17 2 0
github.com/zyvorai/transiva/providers/common/migration_orchestrator.go:143.4,144.1 1 0
github.com/zyvorai/transiva/providers/common/migration_orchestrator.go:145.3,145.31 1 0
github.com/zyvorai/transiva/providers/common/migration_orchestrator.go:148.2,148.61 1 0
github.com/zyvorai/transiva/providers/common/migration_orchestrator.go:149.3,150.1 1 0
github.com/zyvorai/transiva/providers/common/migration_orchestrator.go:152.2,152.16 1 0
github.com/zyvorai/transiva/providers/common/migration_orchestrator.go:176.2,178.1 5 0
github.com/zyvorai/transiva/providers/common/migration_orchestrator.go:179.2,184.1 5 0
github.com/zyvorai/transiva/providers/common/migration_orchestrator.go:186.2,190.1 5 0
github.com/zyvorai/transiva/providers/common/migration_orchestrator.go:192.2,192.31 5 0
github.com/zyvorai/transiva/providers/common/migration_orchestrator.go:193.3,194.1 1 0
github.com/zyvorai/transiva/providers/common/migration_orchestrator.go:197.2,197.32 1 0
github.com/zyvorai/transiva/providers/common/migration_orchestrator.go:198.3,199.1 1 0
github.com/zyvorai/transiva/providers/common/migration_orchestrator.go:201.2,201.27 1 0
github.com/zyvorai/transiva/providers/common/migration_orchestrator.go:202.3,202.111 1 0
github.com/zyvorai/transiva/providers/common/migration_orchestrator.go:203.4,204.1 1 0
github.com/zyvorai/transiva/providers/common/migration_orchestrator.go:207.2,207.30 1 0
github.com/zyvorai/transiva/providers/common/migration_orchestrator.go:208.3,209.1 1 0
github.com/zyvorai/transiva/providers/common/migration_orchestrator.go:215.2,215.60 1 0
github.com/zyvorai/transiva/providers/common/migration_orchestrator.go:216.3,217.1 2 0
github.com/zyvorai/transiva/providers/common/migration_orchestrator.go:218.3,218.32 2 0
github.com/zyvorai/transiva/providers/common/migration_orchestrator.go:219.4,219.81 1 0
github.com/zyvorai/transiva/providers/common/migration_orchestrator.go:220.5,221.1 1 0
github.com/zyvorai/transiva/providers/common/migration_orchestrator.go:224.3,224.28 1 0
github.com/zyvorai/transiva/providers/common/migration_orchestrator.go:225.4,225.83 1 0
github.com/zyvorai/transiva/providers/common/migration_orchestrator.go:226.5,227.1 1 0
github.com/zyvorai/transiva/providers/common/migration_orchestrator.go:230.3,231.1 4 0
github.com/zyvorai/transiva/providers/common/migration_orchestrator.go:233.3,234.1 4 0
github.com/zyvorai/transiva/providers/common/migration_orchestrator.go:236.3,237.17 4 0
github.com/zyvorai/transiva/providers/common/migration_orchestrator.go:238.4,239.1 1 0
github.com/zyvorai/transiva/providers/common/migration_orchestrator.go:241.3,242.1 3 0
github.com/zyvorai/transiva/providers/common/migration_orchestrator.go:243.3,244.39 3 0
github.com/zyvorai/transiva/providers/common/migration_orchestrator.go:245.4,245.44 1 0
github.com/zyvorai/transiva/providers/common/migration_orchestrator.go:246.5,247.1 1 0
github.com/zyvorai/transiva/providers/common/migration_orchestrator.go:250.3,254.1 5 0
github.com/zyvorai/transiva/providers/common/migration_orchestrator.go:255.3,255.28 5 0
github.com/zyvorai/transiva/providers/common/migration_orchestrator.go:256.4,256.116 1 0
github.com/zyvorai/transiva/providers/common/migration_orchestrator.go:257.5,258.1 1 0
github.com/zyvorai/transiva/providers/common/migration_orchestrator.go:261.3,264.33 1 0
github.com/zyvorai/transiva/providers/common/migration_orchestrator.go:268.2,268.85 1 0
github.com/zyvorai/transiva/providers/common/migration_orchestrator.go:269.3,272.1 2 0
github.com/zyvorai/transiva/providers/common/migration_orchestrator.go:273.3,273.32 2 0
github.com/zyvorai/transiva/providers/common/migration_orchestrator.go:274.4,274.80 1 0
github.com/zyvorai/transiva/providers/common/migration_orchestrator.go:275.5,276.1 1 0
github.com/zyvorai/transiva/providers/common/migration_orchestrator.go:279.3,279.28 1 0
github.com/zyvorai/transiva/providers/common/migration_orchestrator.go:280.4,280.104 1 0
github.com/zyvorai/transiva/providers/common/migration_orchestrator.go:281.5,282.1 1 0
github.com/zyvorai/transiva/providers/common/migration_orchestrator.go:285.3,286.1 3 0
github.com/zyvorai/transiva/providers/common/migration_orchestrator.go:290.3,291.37 3 0
github.com/zyvorai/transiva/providers/common/migration_orchestrator.go:292.4,293.1 1 0
github.com/zyvorai/transiva/providers/common/migration_orchestrator.go:293.10,293.43 1 0
github.com/zyvorai/transiva/providers/common/migration_orchestrator.go:294.4,295.1 1 0
github.com/zyvorai/transiva/providers/common/migration_orchestrator.go:297.3,297.30 1 0
github.com/zyvorai/transiva/providers/common/migration_orchestrator.go:298.4,299.1 1 0
github.com/zyvorai/transiva/providers/common/migration_orchestrator.go:301.4,303.1 3 0
github.com/zyvorai/transiva/providers/common/migration_orchestrator.go:306.4,307.18 3 0
github.com/zyvorai/transiva/providers/common/migration_orchestrator.go:308.5,309.1 1 0
github.com/zyvorai/transiva/providers/common/migration_orchestrator.go:312.4,315.1 5 0
github.com/zyvorai/transiva/providers/common/migration_orchestrator.go:317.4,318.37 5 0
github.com/zyvorai/transiva/providers/common/migration_orchestrator.go:319.5,320.1 1 0
github.com/zyvorai/transiva/providers/common/migration_orchestrator.go:321.4,322.1 3 0
github.com/zyvorai/transiva/providers/common/migration_orchestrator.go:324.4,325.37 3 0
github.com/zyvorai/transiva/providers/common/migration_orchestrator.go:326.5,327.1 1 0
github.com/zyvorai/transiva/providers/common/migration_orchestrator.go:329.4,329.29 1 0
github.com/zyvorai/transiva/providers/common/migration_orchestrator.go:330.5,330.139 1 0
github.com/zyvorai/transiva/providers/common/migration_orchestrator.go:331.6,332.1 1 0
github.com/zyvorai/transiva/providers/common/migration_orchestrator.go:335.4,338.33 1 0
github.com/zyvorai/transiva/providers/common/migration_orchestrator.go:343.2,345.1 7 0
github.com/zyvorai/transiva/providers/common/migration_orchestrator.go:346.2,350.1 7 0
github.com/zyvorai/transiva/providers/common/migration_orchestrator.go:352.2,352.31 7 0
github.com/zyvorai/transiva/providers/common/migration_orchestrator.go:353.3,353.65 1 0
github.com/zyvorai/transiva/providers/common/migration_orchestrator.go:354.4,355.1 1 0
github.com/zyvorai/transiva/providers/common/migration_orchestrator.go:358.2,358.32 1 0
github.com/zyvorai/transiva/providers/common/migration_orchestrator.go:359.3,368.1 1 0
github.com/zyvorai/transiva/providers/common/migration_orchestrator.go:370.2,370.27 1 0
github.com/zyvorai/transiva/providers/common/migration_orchestrator.go:371.3,383.17 1 0
github.com/zyvorai/transiva/providers/common/migration_orchestrator.go:384.4,385.1 1 0
github.com/zyvorai/transiva/providers/common/migration_orchestrator.go:388.2,388.30 1 0
github.com/zyvorai/transiva/providers/common/migration_orchestrator.go:389.3,390.1 1 0
github.com/zyvorai/transiva/providers/common/migration_orchestrator.go:392.2,396.1 2 0
github.com/zyvorai/transiva/providers/common/migration_orchestrator.go:397.2,397.20 2 0
github.com/zyvorai/transiva/providers/common/migration_orchestrator.go:407.2,411.1 6 0
github.com/zyvorai/transiva/providers/common/migration_orchestrator.go:412.2,415.1 6 0
github.com/zyvorai/transiva/providers/common/migration_orchestrator.go:417.2,417.31 6 0
github.com/zyvorai/transiva/providers/common/migration_orchestrator.go:418.3,418.74 1 0
github.com/zyvorai/transiva/providers/common/migration_orchestrator.go:419.4,420.1 1 0
github.com/zyvorai/transiva/providers/common/migration_orchestrator.go:423.2,423.32 1 0
github.com/zyvorai/transiva/providers/common/migration_orchestrator.go:424.3,425.1 1 0
github.com/zyvorai/transiva/providers/common/migration_orchestrator.go:427.2,427.27 1 0
github.com/zyvorai/transiva/providers/common/migration_orchestrator.go:428.3,428.123 1 0
github.com/zyvorai/transiva/providers/common/migration_orchestrator.go:429.4,430.1 1 0
github.com/zyvorai/transiva/providers/common/migration_orchestrator.go:433.2,433.30 1 0
github.com/zyvorai/transiva/providers/common/migration_orchestrator.go:434.3,435.1 1 0
github.com/zyvorai/transiva/providers/common/migration_orchestrator.go:437.2,437.20 1 0
github.com/zyvorai/transiva/providers/common/migration_orchestrator.go:445.2,445.33 1 0
github.com/zyvorai/transiva/providers/common/migration_orchestrator.go:446.3,447.1 1 0
github.com/zyvorai/transiva/providers/common/migration_orchestrator.go:449.2,450.1 3 0
github.com/zyvorai/transiva/providers/common/migration_orchestrator.go:453.2,454.1 3 0
github.com/zyvorai/transiva/providers/common/migration_orchestrator.go:455.2,455.33 3 0
github.com/zyvorai/transiva/providers/common/migration_orchestrator.go:456.3,460.1 3 0
github.com/zyvorai/transiva/providers/common/migration_orchestrator.go:461.3,462.17 3 0
github.com/zyvorai/transiva/providers/common/migration_orchestrator.go:463.4,466.1 1 0
github.com/zyvorai/transiva/providers/common/migration_orchestrator.go:468.3,468.36 1 0
github.com/zyvorai/transiva/providers/common/migration_orchestrator.go:471.2,471.21 1 0
github.com/zyvorai/transiva/providers/common/migration_orchestrator.go:476.2,477.1 1 0
github.com/zyvorai/transiva/providers/common/migration_orchestrator.go:481.2,482.1 1 0
github.com/zyvorai/transiva/providers/common/migration_orchestrator.go:486.2,487.1 1 0
github.com/zyvorai/transiva/providers/common/migration_orchestrator.go:491.2,491.27 1 0
github.com/zyvorai/transiva/providers/common/migration_orchestrator.go:492.3,493.1 1 0
github.com/zyvorai/transiva/providers/common/migration_orchestrator.go:494.2,494.12 1 0
github.com/zyvorai/transiva/providers/common/migration_orchestrator.go:499.2,500.1 1 0
github.com/zyvorai/transiva/providers/common/parallel_converter.go:23.2,23.22 1 0
github.com/zyvorai/transiva/providers/common/parallel_converter.go:24.3,25.1 1 0
github.com/zyvorai/transiva/providers/common/parallel_converter.go:27.2,31.1 1 0
github.com/zyvorai/transiva/providers/common/parallel_converter.go:51.2,51.21 1 0
github.com/zyvorai/transiva/providers/common/parallel_converter.go:52.3,53.1 1 0
github.com/zyvorai/transiva/providers/common/parallel_converter.go:55.2,56.1 5 0
github.com/zyvorai/transiva/providers/common/parallel_converter.go:58.2,59.1 5 0
github.com/zyvorai/transiva/providers/common/parallel_converter.go:61.2,62.1 5 0
github.com/zyvorai/transiva/providers/common/parallel_converter.go:64.2,65.1 5 0
github.com/zyvorai/transiva/providers/common/parallel_converter.go:67.2,67.29 5 0
github.com/zyvorai/transiva/providers/common/parallel_converter.go:68.3,69.34 2 0
github.com/zyvorai/transiva/providers/common/parallel_converter.go:70.4,71.1 3 0
github.com/zyvorai/transiva/providers/common/parallel_converter.go:73.4,74.17 3 0
github.com/zyvorai/transiva/providers/common/parallel_converter.go:74.19,74.26 1 0
github.com/zyvorai/transiva/providers/common/parallel_converter.go:77.4,78.21 2 0
github.com/zyvorai/transiva/providers/common/parallel_converter.go:83.2,83.12 1 0
github.com/zyvorai/transiva/providers/common/parallel_converter.go:84.3,86.1 2 0
github.com/zyvorai/transiva/providers/common/parallel_converter.go:89.2,90.30 2 0
github.com/zyvorai/transiva/providers/common/parallel_converter.go:91.3,92.1 2 0
github.com/zyvorai/transiva/providers/common/parallel_converter.go:93.3,93.26 2 0
github.com/zyvorai/transiva/providers/common/parallel_converter.go:94.4,97.1 1 0
github.com/zyvorai/transiva/providers/common/parallel_converter.go:98.4,102.1 1 0
github.com/zyvorai/transiva/providers/common/parallel_converter.go:106.2,107.36 2 0
github.com/zyvorai/transiva/providers/common/parallel_converter.go:108.3,108.26 1 0
github.com/zyvorai/transiva/providers/common/parallel_converter.go:109.4,110.1 1 0
github.com/zyvorai/transiva/providers/common/parallel_converter.go:113.2,113.21 1 0
github.com/zyvorai/transiva/providers/common/parallel_converter.go:114.3,117.1 1 0
github.com/zyvorai/transiva/providers/common/parallel_converter.go:118.3,120.1 1 0
github.com/zyvorai/transiva/providers/common/parallel_converter.go:122.2,122.24 1 0
github.com/zyvorai/transiva/providers/common/parallel_converter.go:127.2,128.1 4 0
github.com/zyvorai/transiva/providers/common/parallel_converter.go:129.2,130.1 4 0
github.com/zyvorai/transiva/providers/common/parallel_converter.go:131.2,132.1 4 0
github.com/zyvorai/transiva/providers/common/parallel_converter.go:133.2,138.1 4 0
github.com/zyvorai/transiva/providers/common/parallel_converter.go:143.2,144.1 3 0
github.com/zyvorai/transiva/providers/common/parallel_converter.go:145.2,146.41 3 0
github.com/zyvorai/transiva/providers/common/parallel_converter.go:147.3,152.1 1 0
github.com/zyvorai/transiva/providers/common/parallel_converter.go:154.2,155.16 2 0
github.com/zyvorai/transiva/providers/common/parallel_converter.go:156.3,157.1 1 0
github.com/zyvorai/transiva/providers/common/parallel_converter.go:160.2,161.33 2 0
github.com/zyvorai/transiva/providers/common/parallel_converter.go:162.3,162.22 1 0
github.com/zyvorai/transiva/providers/common/parallel_converter.go:164.4,168.1 1 0
github.com/zyvorai/transiva/providers/common/parallel_converter.go:169.4,170.1 1 0
github.com/zyvorai/transiva/providers/common/parallel_converter.go:173.2,173.21 1 0
github.com/zyvorai/transiva/providers/common/parallel_converter.go:189.2,191.1 2 0
github.com/zyvorai/transiva/providers/common/parallel_converter.go:193.2,193.23 2 0
github.com/zyvorai/transiva/providers/common/parallel_converter.go:194.3,195.1 1 0
github.com/zyvorai/transiva/providers/common/parallel_converter.go:197.2,198.1 2 0
github.com/zyvorai/transiva/providers/common/parallel_converter.go:199.2,199.33 2 0
github.com/zyvorai/transiva/providers/common/parallel_converter.go:200.3,200.26 1 0
github.com/zyvorai/transiva/providers/common/parallel_converter.go:201.4,202.1 1 0
github.com/zyvorai/transiva/providers/common/parallel_converter.go:203.4,204.1 1 0
github.com/zyvorai/transiva/providers/common/parallel_converter.go:206.3,207.1 2 0
github.com/zyvorai/transiva/providers/common/parallel_converter.go:208.3,208.42 2 0
github.com/zyvorai/transiva/providers/common/parallel_converter.go:209.4,210.1 1 0
github.com/zyvorai/transiva/providers/common/parallel_converter.go:212.3,212.42 1 0
github.com/zyvorai/transiva/providers/common/parallel_converter.go:213.4,214.1 1 0
github.com/zyvorai/transiva/providers/common/parallel_converter.go:217.2,217.26 1 0
github.com/zyvorai/transiva/providers/common/parallel_converter.go:218.3,219.1 1 0
github.com/zyvorai/transiva/providers/common/parallel_converter.go:221.2,221.14 1 0
github.com/zyvorai/transiva/providers/common/pipeline.go:110.2,110.32 1 3
github.com/zyvorai/transiva/providers/common/pipeline.go:112.3,113.1 1 0
github.com/zyvorai/transiva/providers/common/pipeline.go:114.2,114.29 1 3
github.com/zyvorai/transiva/providers/common/pipeline.go:115.3,116.1 1 3
github.com/zyvorai/transiva/providers/common/pipeline.go:118.2,121.1 1 3
github.com/zyvorai/transiva/providers/common/pipeline.go:127.2,127.25 1 0
github.com/zyvorai/transiva/providers/common/pipeline.go:128.3,129.1 1 0
github.com/zyvorai/transiva/providers/common/pipeline.go:132.2,133.35 2 0
github.com/zyvorai/transiva/providers/common/pipeline.go:134.3,135.1 1 0
github.com/zyvorai/transiva/providers/common/pipeline.go:138.2,139.34 2 0
github.com/zyvorai/transiva/providers/common/pipeline.go:140.3,141.1 1 0
github.com/zyvorai/transiva/providers/common/pipeline.go:144.2,145.24 2 0
github.com/zyvorai/transiva/providers/common/pipeline.go:150.2,150.23 1 1
github.com/zyvorai/transiva/providers/common/pipeline.go:151.3,155.1 1 0
github.com/zyvorai/transiva/providers/common/pipeline.go:158.2,158.24 1 1
github.com/zyvorai/transiva/providers/common/pipeline.go:159.3,160.15 2 0
github.com/zyvorai/transiva/providers/common/pipeline.go:161.4,163.1 2 0
github.com/zyvorai/transiva/providers/common/pipeline.go:167.2,168.29 2 1
github.com/zyvorai/transiva/providers/common/pipeline.go:174.2,174.34 1 1
github.com/zyvorai/transiva/providers/common/pipeline.go:175.3,176.1 1 1
github.com/zyvorai/transiva/providers/common/pipeline.go:178.2,182.1 4 0
github.com/zyvorai/transiva/providers/common/pipeline.go:184.2,185.1 4 0
github.com/zyvorai/transiva/providers/common/pipeline.go:187.2,187.59 4 0
github.com/zyvorai/transiva/providers/common/pipeline.go:188.3,190.1 2 0
github.com/zyvorai/transiva/providers/common/pipeline.go:193.2,193.58 1 0
github.com/zyvorai/transiva/providers/common/pipeline.go:194.3,196.1 2 0
github.com/zyvorai/transiva/providers/common/pipeline.go:199.2,200.22 2 0
github.com/zyvorai/transiva/providers/common/pipeline.go:201.3,202.1 1 0
github.com/zyvorai/transiva/providers/common/pipeline.go:203.2,203.21 1 0
github.com/zyvorai/transiva/providers/common/pipeline.go:204.3,205.1 1 0
github.com/zyvorai/transiva/providers/common/pipeline.go:208.2,209.1 3 0
github.com/zyvorai/transiva/providers/common/pipeline.go:211.2,212.16 3 0
github.com/zyvorai/transiva/providers/common/pipeline.go:213.3,215.1 2 0
github.com/zyvorai/transiva/providers/common/pipeline.go:216.2,217.16 2 0
github.com/zyvorai/transiva/providers/common/pipeline.go:218.3,220.1 2 0
github.com/zyvorai/transiva/providers/common/pipeline.go:223.2,224.36 2 0
github.com/zyvorai/transiva/providers/common/pipeline.go:225.3,227.1 2 0
github.com/zyvorai/transiva/providers/common/pipeline.go:230.2,233.1 4 0
github.com/zyvorai/transiva/providers/common/pipeline.go:235.2,235.12 4 0
github.com/zyvorai/transiva/providers/common/pipeline.go:236.3,236.32 1 0
github.com/zyvorai/transiva/providers/common/pipeline.go:237.4,239.1 2 0
github.com/zyvorai/transiva/providers/common/pipeline.go:243.2,243.35 1 0
github.com/zyvorai/transiva/providers/common/pipeline.go:244.3,248.1 4 0
github.com/zyvorai/transiva/providers/common/pipeline.go:250.2,252.1 5 0
github.com/zyvorai/transiva/providers/common/pipeline.go:254.2,256.1 5 0
github.com/zyvorai/transiva/providers/common/pipeline.go:258.2,258.60 5 0
github.com/zyvorai/transiva/providers/common/pipeline.go:259.3,260.62 2 0
github.com/zyvorai/transiva/providers/common/pipeline.go:261.4,262.1 1 0
github.com/zyvorai/transiva/providers/common/pipeline.go:266.2,266.20 1 0
github.com/zyvorai/transiva/providers/common/pipeline.go:271.2,275.1 4 0
github.com/zyvorai/transiva/providers/common/pipeline.go:278.2,279.20 4 0
github.com/zyvorai/transiva/providers/common/pipeline.go:280.3,281.1 1 0
github.com/zyvorai/transiva/providers/common/pipeline.go:283.2,284.21 2 0
github.com/zyvorai/transiva/providers/common/pipeline.go:285.3,286.1 1 0
github.com/zyvorai/transiva/providers/common/pipeline.go:288.2,289.23 2 0
github.com/zyvorai/transiva/providers/common/pipeline.go:290.3,291.1 1 0
github.com/zyvorai/transiva/providers/common/pipeline.go:293.2,294.18 2 0
github.com/zyvorai/transiva/providers/common/pipeline.go:295.3,296.1 1 0
github.com/zyvorai/transiva/providers/common/pipeline.go:298.2,303.1 2 0
github.com/zyvorai/transiva/providers/common/pipeline.go:305.2,305.45 2 0
github.com/zyvorai/transiva/providers/common/pipeline.go:306.3,308.1 2 0
github.com/zyvorai/transiva/providers/common/pipeline.go:311.2,311.46 1 0
github.com/zyvorai/transiva/providers/common/pipeline.go:312.3,314.1 2 0
github.com/zyvorai/transiva/providers/common/pipeline.go:317.2,318.16 2 0
github.com/zyvorai/transiva/providers/common/pipeline.go:319.3,321.1 2 0
github.com/zyvorai/transiva/providers/common/pipeline.go:323.2,324.18 2 0
github.com/zyvorai/transiva/providers/common/pipeline.go:325.3,326.1 1 0
github.com/zyvorai/transiva/providers/common/pipeline.go:329.2,329.74 1 0
github.com/zyvorai/transiva/providers/common/pipeline.go:330.3,332.1 2 0
github.com/zyvorai/transiva/providers/common/pipeline.go:335.2,336.1 2 0
github.com/zyvorai/transiva/providers/common/pipeline.go:337.2,337.89 2 0
github.com/zyvorai/transiva/providers/common/pipeline.go:338.3,340.1 2 0
github.com/zyvorai/transiva/providers/common/pipeline.go:341.2,342.1 3 0
github.com/zyvorai/transiva/providers/common/pipeline.go:343.2,344.16 3 0
github.com/zyvorai/transiva/providers/common/pipeline.go:345.3,347.1 2 0
github.com/zyvorai/transiva/providers/common/pipeline.go:350.2,350.63 1 0
github.com/zyvorai/transiva/providers/common/pipeline.go:351.3,353.1 2 0
github.com/zyvorai/transiva/providers/common/pipeline.go:356.2,357.1 6 0
github.com/zyvorai/transiva/providers/common/pipeline.go:358.2,360.1 6 0
github.com/zyvorai/transiva/providers/common/pipeline.go:361.2,363.1 6 0
github.com/zyvorai/transiva/providers/common/pipeline.go:364.2,364.6 6 0
github.com/zyvorai/transiva/providers/common/pipeline.go:365.3,365.10 1 0
github.com/zyvorai/transiva/providers/common/pipeline.go:367.4,368.31 2 0
github.com/zyvorai/transiva/providers/common/pipeline.go:371.4,374.31 4 0
github.com/zyvorai/transiva/providers/common/pipeline.go:378.4,379.53 2 0
github.com/zyvorai/transiva/providers/common/pipeline.go:380.5,385.1 6 0
github.com/zyvorai/transiva/providers/common/pipeline.go:387.5,387.63 6 0
github.com/zyvorai/transiva/providers/common/pipeline.go:388.6,389.65 2 0
github.com/zyvorai/transiva/providers/common/pipeline.go:390.7,391.1 1 0
github.com/zyvorai/transiva/providers/common/pipeline.go:394.5,394.23 1 0
github.com/zyvorai/transiva/providers/common/pipeline.go:398.4,399.1 2 0
github.com/zyvorai/transiva/providers/common/pipeline.go:400.4,400.55 2 0
github.com/zyvorai/transiva/providers/common/pipeline.go:401.5,405.1 4 0
github.com/zyvorai/transiva/providers/common/pipeline.go:407.4,407.63 1 0
github.com/zyvorai/transiva/providers/common/pipeline.go:416.2,416.30 1 0
github.com/zyvorai/transiva/providers/common/pipeline.go:417.3,417.41 1 0
github.com/zyvorai/transiva/providers/common/pipeline.go:418.4,419.23 2 0
github.com/zyvorai/transiva/providers/common/pipeline.go:420.5,421.1 1 0
github.com/zyvorai/transiva/providers/common/pipeline.go:424.3,424.40 1 0
github.com/zyvorai/transiva/providers/common/pipeline.go:425.4,426.23 2 0
github.com/zyvorai/transiva/providers/common/pipeline.go:427.5,428.1 1 0
github.com/zyvorai/transiva/providers/common/pipeline.go:433.2,434.16 2 0
github.com/zyvorai/transiva/providers/common/pipeline.go:435.3,436.1 1 0
github.com/zyvorai/transiva/providers/common/pipeline.go:438.2,438.76 1 0
github.com/zyvorai/transiva/providers/common/pipeline.go:439.3,440.1 1 0
github.com/zyvorai/transiva/providers/common/pipeline.go:442.2,442.11 1 0
github.com/zyvorai/transiva/providers/common/pipeline.go:448.2,449.16 2 0
github.com/zyvorai/transiva/providers/common/pipeline.go:450.3,451.1 1 0
github.com/zyvorai/transiva/providers/common/pipeline.go:454.2,458.1 3 0
github.com/zyvorai/transiva/providers/common/pipeline.go:460.2,461.16 3 0
github.com/zyvorai/transiva/providers/common/pipeline.go:462.3,463.1 1 0
github.com/zyvorai/transiva/providers/common/pipeline.go:465.2,467.1 3 0
github.com/zyvorai/transiva/providers/common/pipeline.go:468.2,468.12 3 0
github.com/zyvorai/transiva/providers/common/pipeline.go:473.2,474.21 2 0
github.com/zyvorai/transiva/providers/common/pipeline.go:475.3,476.1 1 0
github.com/zyvorai/transiva/providers/common/pipeline.go:482.2,489.1 2 0
github.com/zyvorai/transiva/providers/common/pipeline.go:492.2,492.33 2 0
github.com/zyvorai/transiva/providers/common/pipeline.go:493.3,493.42 1 0
github.com/zyvorai/transiva/providers/common/pipeline.go:494.4,495.1 1 0
github.com/zyvorai/transiva/providers/common/pipeline.go:499.2,499.57 1 0
github.com/zyvorai/transiva/providers/common/pipeline.go:500.3,501.1 1 0
github.com/zyvorai/transiva/providers/common/pipeline.go:504.2,504.39 1 0
github.com/zyvorai/transiva/providers/common/pipeline_config.go:50.2,86.1 1 0
github.com/zyvorai/transiva/providers/common/pipeline_config.go:91.2,112.1 1 0
github.com/zyvorai/transiva/providers/common/pipeline_config.go:117.2,151.1 1 0
github.com/zyvorai/transiva/providers/common/pipeline_config.go:157.2,158.16 2 0
github.com/zyvorai/transiva/providers/common/pipeline_config.go:159.3,160.1 1 0
github.com/zyvorai/transiva/providers/common/pipeline_config.go:162.2,163.54 2 0
github.com/zyvorai/transiva/providers/common/pipeline_config.go:164.3,165.1 1 0
github.com/zyvorai/transiva/providers/common/pipeline_config.go:167.2,167.21 1 0
github.com/zyvorai/transiva/providers/common/pipeline_config.go:172.2,173.16 2 0
github.com/zyvorai/transiva/providers/common/pipeline_config.go:174.3,175.1 1 0
github.com/zyvorai/transiva/providers/common/pipeline_config.go:177.2,177.55 1 0
github.com/zyvorai/transiva/providers/common/pipeline_config.go:178.3,179.1 1 0
github.com/zyvorai/transiva/providers/common/pipeline_config.go:181.2,181.12 1 0
github.com/zyvorai/transiva/providers/common/pipeline_config.go:186.2,186.19 1 0
github.com/zyvorai/transiva/providers/common/pipeline_config.go:187.3,188.1 1 0
github.com/zyvorai/transiva/providers/common/pipeline_config.go:190.2,190.25 1 0
github.com/zyvorai/transiva/providers/common/pipeline_config.go:191.3,192.1 1 0
github.com/zyvorai/transiva/providers/common/pipeline_config.go:195.2,196.34 2 0
github.com/zyvorai/transiva/providers/common/pipeline_config.go:197.3,197.20 1 0
github.com/zyvorai/transiva/providers/common/pipeline_config.go:198.4,199.9 2 0
github.com/zyvorai/transiva/providers/common/pipeline_config.go:203.2,203.22 1 0
github.com/zyvorai/transiva/providers/common/pipeline_config.go:204.3,205.1 1 0
github.com/zyvorai/transiva/providers/common/pipeline_config.go:207.2,207.12 1 0
github.com/zyvorai/transiva/providers/common/pipeline_config.go:212.2,212.40 1 0
github.com/zyvorai/transiva/providers/common/pipeline_config.go:213.3,214.1 1 0
github.com/zyvorai/transiva/providers/common/pipeline_config.go:215.2,215.14 1 0
github.com/zyvorai/transiva/providers/common/pipeline_config.go:220.2,220.40 1 0
github.com/zyvorai/transiva/providers/common/pipeline_config.go:221.3,222.1 1 0
github.com/zyvorai/transiva/providers/common/pipeline_config.go:223.2,223.12 1 0
github.com/zyvorai/transiva/providers/common/pipeline_config.go:228.2,229.17 2 0
github.com/zyvorai/transiva/providers/common/pipeline_config.go:230.3,231.1 1 0
github.com/zyvorai/transiva/providers/common/pipeline_config.go:233.2,234.16 2 0
github.com/zyvorai/transiva/providers/common/pipeline_config.go:239.2,239.40 1 0
github.com/zyvorai/transiva/providers/common/pipeline_config.go:240.3,241.1 1 0
github.com/zyvorai/transiva/providers/common/pipeline_config.go:242.3,243.1 1 0
github.com/zyvorai/transiva/providers/common/pipeline_config.go:248.2,248.40 1 0
github.com/zyvorai/transiva/providers/common/pipeline_config.go:249.3,250.1 1 0
github.com/zyvorai/transiva/providers/common/pipeline_config.go:255.2,255.40 1 0
github.com/zyvorai/transiva/providers/common/pipeline_config.go:256.3,256.28 1 0
github.com/zyvorai/transiva/providers/common/pipeline_config.go:257.4,258.1 1 0
github.com/zyvorai/transiva/providers/common/pipeline_config.go:259.3,259.30 1 0
github.com/zyvorai/transiva/providers/common/pipeline_config.go:261.3,266.1 1 0
github.com/zyvorai/transiva/providers/common/progress_api.go:85.2,88.1 1 0
github.com/zyvorai/transiva/providers/common/progress_api.go:93.2,95.1 6 0
github.com/zyvorai/transiva/providers/common/progress_api.go:96.2,105.1 6 0
github.com/zyvorai/transiva/providers/common/progress_api.go:107.2,109.1 6 0
github.com/zyvorai/transiva/providers/common/progress_api.go:110.2,111.1 6 0
github.com/zyvorai/transiva/providers/common/progress_api.go:115.2,117.1 4 0
github.com/zyvorai/transiva/providers/common/progress_api.go:118.2,119.9 4 0
github.com/zyvorai/transiva/providers/common/progress_api.go:120.3,121.1 1 0
github.com/zyvorai/transiva/providers/common/progress_api.go:123.2,125.1 4 0
github.com/zyvorai/transiva/providers/common/progress_api.go:126.2,127.1 4 0
github.com/zyvorai/transiva/providers/common/progress_api.go:128.2,128.12 4 0
github.com/zyvorai/transiva/providers/common/progress_api.go:133.2,133.60 1 0
github.com/zyvorai/transiva/providers/common/progress_api.go:134.3,135.1 1 0
github.com/zyvorai/transiva/providers/common/progress_api.go:140.2,140.60 1 0
github.com/zyvorai/transiva/providers/common/progress_api.go:141.3,143.1 2 0
github.com/zyvorai/transiva/providers/common/progress_api.go:148.2,148.60 1 0
github.com/zyvorai/transiva/providers/common/progress_api.go:149.3,150.1 1 0
github.com/zyvorai/transiva/providers/common/progress_api.go:155.2,155.60 1 0
github.com/zyvorai/transiva/providers/common/progress_api.go:156.3,158.1 2 0
github.com/zyvorai/transiva/providers/common/progress_api.go:163.2,163.60 1 0
github.com/zyvorai/transiva/providers/common/progress_api.go:164.3,166.1 2 0
github.com/zyvorai/transiva/providers/common/progress_api.go:171.2,171.60 1 0
github.com/zyvorai/transiva/providers/common/progress_api.go:172.3,174.1 2 0
github.com/zyvorai/transiva/providers/common/progress_api.go:179.2,179.60 1 0
github.com/zyvorai/transiva/providers/common/progress_api.go:180.3,184.1 4 0
github.com/zyvorai/transiva/providers/common/progress_api.go:189.2,189.60 1 0
github.com/zyvorai/transiva/providers/common/progress_api.go:190.3,194.1 4 0
github.com/zyvorai/transiva/providers/common/progress_api.go:199.2,199.60 1 0
github.com/zyvorai/transiva/providers/common/progress_api.go:200.3,201.1 1 0
github.com/zyvorai/transiva/providers/common/progress_api.go:206.2,208.1 4 0
github.com/zyvorai/transiva/providers/common/progress_api.go:209.2,210.9 4 0
github.com/zyvorai/transiva/providers/common/progress_api.go:211.3,212.1 1 0
github.com/zyvorai/transiva/providers/common/progress_api.go:215.2,216.23 2 0
github.com/zyvorai/transiva/providers/common/progress_api.go:221.2,223.1 4 0
github.com/zyvorai/transiva/providers/common/progress_api.go:224.2,225.32 4 0
github.com/zyvorai/transiva/providers/common/progress_api.go:226.3,228.1 2 0
github.com/zyvorai/transiva/providers/common/progress_api.go:230.2,230.20 1 0
github.com/zyvorai/transiva/providers/common/progress_api.go:235.2,237.1 5 0
github.com/zyvorai/transiva/providers/common/progress_api.go:238.2,240.1 5 0
github.com/zyvorai/transiva/providers/common/progress_api.go:241.2,242.1 5 0
github.com/zyvorai/transiva/providers/common/progress_api.go:246.2,248.1 4 0
github.com/zyvorai/transiva/providers/common/progress_api.go:249.2,250.37 4 0
github.com/zyvorai/transiva/providers/common/progress_api.go:251.3,251.21 1 0
github.com/zyvorai/transiva/providers/common/progress_api.go:252.4,254.9 3 0
github.com/zyvorai/transiva/providers/common/progress_api.go:261.2,263.1 3 0
github.com/zyvorai/transiva/providers/common/progress_api.go:264.2,264.31 3 0
github.com/zyvorai/transiva/providers/common/progress_api.go:265.3,265.10 1 0
github.com/zyvorai/transiva/providers/common/progress_api.go:266.24,266.24 0 0
github.com/zyvorai/transiva/providers/common/progress_api.go:267.11,267.11 0 0
github.com/zyvorai/transiva/providers/common/progress_api.go:275.2,277.1 4 0
github.com/zyvorai/transiva/providers/common/progress_api.go:278.2,279.1 4 0
github.com/zyvorai/transiva/providers/common/progress_api.go:281.2,281.42 4 0
github.com/zyvorai/transiva/providers/common/progress_api.go:282.3,283.1 1 0
github.com/zyvorai/transiva/providers/common/progress_api.go:284.2,284.30 1 0
github.com/zyvorai/transiva/providers/common/progress_api.go:296.2,299.1 1 0
github.com/zyvorai/transiva/providers/common/progress_api.go:304.2,305.1 6 0
github.com/zyvorai/transiva/providers/common/progress_api.go:307.2,308.1 6 0
github.com/zyvorai/transiva/providers/common/progress_api.go:310.2,311.1 6 0
github.com/zyvorai/transiva/providers/common/progress_api.go:313.2,314.1 6 0
github.com/zyvorai/transiva/providers/common/progress_api.go:315.2,319.1 6 0
github.com/zyvorai/transiva/providers/common/progress_api.go:321.2,322.1 6 0
github.com/zyvorai/transiva/providers/common/progress_api.go:326.2,326.21 1 0
github.com/zyvorai/transiva/providers/common/progress_api.go:327.3,328.1 1 0
github.com/zyvorai/transiva/providers/common/progress_api.go:329.2,329.12 1 0
github.com/zyvorai/transiva/providers/common/progress_api.go:334.2,334.32 1 0
github.com/zyvorai/transiva/providers/common/progress_api.go:335.3,337.1 2 0
github.com/zyvorai/transiva/providers/common/progress_api.go:339.2,340.1 3 0
github.com/zyvorai/transiva/providers/common/progress_api.go:341.2,345.17 3 0
github.com/zyvorai/transiva/providers/common/progress_api.go:346.3,347.1 1 0
github.com/zyvorai/transiva/providers/common/progress_api.go:352.2,352.32 1 0
github.com/zyvorai/transiva/providers/common/progress_api.go:353.3,355.1 2 0
github.com/zyvorai/transiva/providers/common/progress_api.go:358.2,359.18 2 0
github.com/zyvorai/transiva/providers/common/progress_api.go:360.3,362.1 2 0
github.com/zyvorai/transiva/providers/common/progress_api.go:364.2,365.16 2 0
github.com/zyvorai/transiva/providers/common/progress_api.go:366.3,368.1 2 0
github.com/zyvorai/transiva/providers/common/progress_api.go:370.2,371.60 2 0
github.com/zyvorai/transiva/providers/common/progress_api.go:372.3,373.1 1 0
github.com/zyvorai/transiva/providers/common/progress_api.go:378.2,378.32 1 0
github.com/zyvorai/transiva/providers/common/progress_api.go:379.3,381.1 2 0
github.com/zyvorai/transiva/providers/common/progress_api.go:384.2,385.18 2 0
github.com/zyvorai/transiva/providers/common/progress_api.go:386.3,388.1 2 0
github.com/zyvorai/transiva/providers/common/progress_api.go:391.2,394.1 6 0
github.com/zyvorai/transiva/providers/common/progress_api.go:396.2,398.1 6 0
github.com/zyvorai/transiva/providers/common/progress_api.go:400.2,400.64 6 0
github.com/zyvorai/transiva/providers/common/progress_api.go:401.3,403.36 3 0
github.com/zyvorai/transiva/providers/common/progress_api.go:404.4,405.1 1 0
github.com/zyvorai/transiva/providers/common/progress_api.go:409.2,409.6 1 0
github.com/zyvorai/transiva/providers/common/progress_api.go:410.3,410.10 1 0
github.com/zyvorai/transiva/providers/common/progress_api.go:412.4,412.10 1 0
github.com/zyvorai/transiva/providers/common/progress_api.go:414.4,414.11 1 0
github.com/zyvorai/transiva/providers/common/progress_api.go:415.5,416.1 1 0
github.com/zyvorai/transiva/providers/common/progress_api.go:417.4,419.37 3 0
github.com/zyvorai/transiva/providers/common/progress_api.go:420.5,421.1 1 0
github.com/zyvorai/transiva/providers/common/throttled_reader.go:23.2,23.25 1 0
github.com/zyvorai/transiva/providers/common/throttled_reader.go:25.3,26.1 1 0
github.com/zyvorai/transiva/providers/common/throttled_reader.go:28.2,28.20 1 0
github.com/zyvorai/transiva/providers/common/throttled_reader.go:30.3,31.24 2 0
github.com/zyvorai/transiva/providers/common/throttled_reader.go:32.4,33.1 1 0
github.com/zyvorai/transiva/providers/common/throttled_reader.go:36.2,40.1 1 0
github.com/zyvorai/transiva/providers/common/throttled_reader.go:45.2,45.25 1 0
github.com/zyvorai/transiva/providers/common/throttled_reader.go:46.3,47.1 1 0
github.com/zyvorai/transiva/providers/common/throttled_reader.go:49.2,49.20 1 0
github.com/zyvorai/transiva/providers/common/throttled_reader.go:50.3,51.24 2 0
github.com/zyvorai/transiva/providers/common/throttled_reader.go:52.4,53.1 1 0
github.com/zyvorai/transiva/providers/common/throttled_reader.go:56.2,60.1 1 0
github.com/zyvorai/transiva/providers/common/throttled_reader.go:66.2,66.57 1 0
github.com/zyvorai/transiva/providers/common/throttled_reader.go:67.3,68.1 1 0
github.com/zyvorai/transiva/providers/common/throttled_reader.go:71.2,71.26 1 0
github.com/zyvorai/transiva/providers/common/throttled_reader.go:76.2,77.1 1 0
github.com/zyvorai/transiva/providers/common/throttled_reader.go:81.2,82.1 1 0
github.com/zyvorai/transiva/providers/common/webhooks.go:80.2,80.25 1 0
github.com/zyvorai/transiva/providers/common/webhooks.go:81.3,82.1 1 0
github.com/zyvorai/transiva/providers/common/webhooks.go:83.2,83.28 1 0
github.com/zyvorai/transiva/providers/common/webhooks.go:84.3,85.1 1 0
github.com/zyvorai/transiva/providers/common/webhooks.go:86.2,86.28 1 0
github.com/zyvorai/transiva/providers/common/webhooks.go:87.3,88.1 1 0
github.com/zyvorai/transiva/providers/common/webhooks.go:90.2,96.1 1 0
github.com/zyvorai/transiva/providers/common/webhooks.go:101.2,101.24 1 0
github.com/zyvorai/transiva/providers/common/webhooks.go:102.3,103.1 1 0
github.com/zyvorai/transiva/providers/common/webhooks.go:106.2,106.29 1 0
github.com/zyvorai/transiva/providers/common/webhooks.go:107.3,108.1 1 0
github.com/zyvorai/transiva/providers/common/webhooks.go:110.2,114.1 4 0
github.com/zyvorai/transiva/providers/common/webhooks.go:116.2,118.1 4 0
github.com/zyvorai/transiva/providers/common/webhooks.go:119.2,119.24 4 0
github.com/zyvorai/transiva/providers/common/webhooks.go:121.3,121.41 1 0
github.com/zyvorai/transiva/providers/common/webhooks.go:123.3,123.43 1 0
github.com/zyvorai/transiva/providers/common/webhooks.go:125.3,125.18 1 0
github.com/zyvorai/transiva/providers/common/webhooks.go:127.3,127.68 1 0
github.com/zyvorai/transiva/providers/common/webhooks.go:131.2,131.63 1 0
github.com/zyvorai/transiva/providers/common/webhooks.go:132.3,132.18 1 0
github.com/zyvorai/transiva/providers/common/webhooks.go:133.4,137.1 2 0
github.com/zyvorai/transiva/providers/common/webhooks.go:139.3,140.17 2 0
github.com/zyvorai/transiva/providers/common/webhooks.go:141.4,145.1 2 0
github.com/zyvorai/transiva/providers/common/webhooks.go:147.3,149.17 1 0
github.com/zyvorai/transiva/providers/common/webhooks.go:152.2,152.88 1 0
github.com/zyvorai/transiva/providers/common/webhooks.go:157.2,157.25 1 0
github.com/zyvorai/transiva/providers/common/webhooks.go:159.3,159.27 1 0
github.com/zyvorai/transiva/providers/common/webhooks.go:161.3,161.30 1 0
github.com/zyvorai/transiva/providers/common/webhooks.go:163.3,163.27 1 0
github.com/zyvorai/transiva/providers/common/webhooks.go:165.3,165.29 1 0
github.com/zyvorai/transiva/providers/common/webhooks.go:167.3,167.14 1 0
github.com/zyvorai/transiva/providers/common/webhooks.go:173.2,174.16 2 0
github.com/zyvorai/transiva/providers/common/webhooks.go:175.3,176.1 1 0
github.com/zyvorai/transiva/providers/common/webhooks.go:178.2,179.16 2 0
github.com/zyvorai/transiva/providers/common/webhooks.go:180.3,181.1 1 0
github.com/zyvorai/transiva/providers/common/webhooks.go:183.2,185.1 4 0
github.com/zyvorai/transiva/providers/common/webhooks.go:186.2,187.16 4 0
github.com/zyvorai/transiva/providers/common/webhooks.go:188.3,189.1 1 0
github.com/zyvorai/transiva/providers/common/webhooks.go:190.2,191.1 2 0
github.com/zyvorai/transiva/providers/common/webhooks.go:192.2,192.53 2 0
github.com/zyvorai/transiva/providers/common/webhooks.go:193.3,194.1 1 0
github.com/zyvorai/transiva/providers/common/webhooks.go:196.2,196.12 1 0
github.com/zyvorai/transiva/providers/common/webhooks.go:201.2,202.32 2 0
github.com/zyvorai/transiva/providers/common/webhooks.go:203.3,204.1 1 0
github.com/zyvorai/transiva/providers/common/webhooks.go:204.9,204.41 1 0
github.com/zyvorai/transiva/providers/common/webhooks.go:205.3,206.1 1 0
github.com/zyvorai/transiva/providers/common/webhooks.go:208.2,209.20 2 0
github.com/zyvorai/transiva/providers/common/webhooks.go:210.3,211.1 1 0
github.com/zyvorai/transiva/providers/common/webhooks.go:213.2,224.1 2 0
github.com/zyvorai/transiva/providers/common/webhooks.go:226.2,226.25 2 0
github.com/zyvorai/transiva/providers/common/webhooks.go:227.3,228.1 1 0
github.com/zyvorai/transiva/providers/common/webhooks.go:230.2,230.23 1 0
github.com/zyvorai/transiva/providers/common/webhooks.go:231.3,237.1 1 0
github.com/zyvorai/transiva/providers/common/webhooks.go:239.2,239.24 1 0
github.com/zyvorai/transiva/providers/common/webhooks.go:240.3,246.1 1 0
github.com/zyvorai/transiva/providers/common/webhooks.go:248.2,251.1 2 0
github.com/zyvorai/transiva/providers/common/webhooks.go:253.2,253.34 2 0
github.com/zyvorai/transiva/providers/common/webhooks.go:254.3,255.1 1 0
github.com/zyvorai/transiva/providers/common/webhooks.go:257.2,257.34 1 0
github.com/zyvorai/transiva/providers/common/webhooks.go:258.3,259.1 1 0
github.com/zyvorai/transiva/providers/common/webhooks.go:261.2,261.16 1 0
github.com/zyvorai/transiva/providers/common/webhooks.go:266.2,267.32 2 0
github.com/zyvorai/transiva/providers/common/webhooks.go:268.3,269.1 1 0
github.com/zyvorai/transiva/providers/common/webhooks.go:269.9,269.41 1 0
github.com/zyvorai/transiva/providers/common/webhooks.go:270.3,271.1 1 0
github.com/zyvorai/transiva/providers/common/webhooks.go:273.2,274.20 2 0
github.com/zyvorai/transiva/providers/common/webhooks.go:275.3,276.1 1 0
github.com/zyvorai/transiva/providers/common/webhooks.go:278.2,283.1 2 0
github.com/zyvorai/transiva/providers/common/webhooks.go:285.2,285.23 2 0
github.com/zyvorai/transiva/providers/common/webhooks.go:286.3,291.1 1 0
github.com/zyvorai/transiva/providers/common/webhooks.go:293.2,293.24 1 0
github.com/zyvorai/transiva/providers/common/webhooks.go:294.3,299.1 1 0
github.com/zyvorai/transiva/providers/common/webhooks.go:301.2,310.1 3 0
github.com/zyvorai/transiva/providers/common/webhooks.go:312.2,315.1 3 0
github.com/zyvorai/transiva/providers/common/webhooks.go:317.2,317.38 3 0
github.com/zyvorai/transiva/providers/common/webhooks.go:318.3,319.1 1 0
github.com/zyvorai/transiva/providers/common/webhooks.go:321.2,321.16 1 0
github.com/zyvorai/transiva/providers/common/webhooks.go:326.2,335.1 1 0
github.com/zyvorai/transiva/providers/common/webhooks.go:339.2,349.1 1 0
github.com/zyvorai/transiva/providers/common/webhooks.go:353.2,363.1 1 0
github.com/zyvorai/transiva/providers/common/webhooks.go:367.2,376.1 1 0
github.com/zyvorai/transiva/providers/common/webhooks.go:386.2,387.33 2 0
github.com/zyvorai/transiva/providers/common/webhooks.go:388.3,388.21 1 0
github.com/zyvorai/transiva/providers/common/webhooks.go:389.4,390.1 1 0
github.com/zyvorai/transiva/providers/common/webhooks.go:393.2,396.1 1 0
github.com/zyvorai/transiva/providers/common/webhooks.go:401.2,401.40 1 0
github.com/zyvorai/transiva/providers/common/webhooks.go:402.3,402.31 1 0
github.com/zyvorai/transiva/providers/common/webhooks.go:403.4,403.42 1 0
github.com/zyvorai/transiva/providers/common/webhooks.go:404.5,407.1 1 0
github.com/zyvorai/transiva/providers/common/webhooks.go:414.2,422.1 1 0
github.com/zyvorai/transiva/providers/common/webhooks.go:426.2,435.1 1 0
github.com/zyvorai/transiva/providers/common/webhooks.go:439.2,448.1 1 0
github.com/zyvorai/transiva/providers/hyperv/client.go:59.2,59.22 1 0
github.com/zyvorai/transiva/providers/hyperv/client.go:60.3,61.1 1 0
github.com/zyvorai/transiva/providers/hyperv/client.go:63.2,63.24 1 0
github.com/zyvorai/transiva/providers/hyperv/client.go:64.3,64.19 1 0
github.com/zyvorai/transiva/providers/hyperv/client.go:65.4,66.1 1 0
github.com/zyvorai/transiva/providers/hyperv/client.go:67.4,68.1 1 0
github.com/zyvorai/transiva/providers/hyperv/client.go:71.2,74.1 2 0
github.com/zyvorai/transiva/providers/hyperv/client.go:77.2,77.18 2 0
github.com/zyvorai/transiva/providers/hyperv/client.go:78.3,78.53 1 0
github.com/zyvorai/transiva/providers/hyperv/client.go:79.4,80.1 1 0
github.com/zyvorai/transiva/providers/hyperv/client.go:83.2,83.20 1 0
github.com/zyvorai/transiva/providers/hyperv/client.go:88.2,89.1 4 0
github.com/zyvorai/transiva/providers/hyperv/client.go:91.2,92.1 4 0
github.com/zyvorai/transiva/providers/hyperv/client.go:93.2,94.16 4 0
github.com/zyvorai/transiva/providers/hyperv/client.go:95.3,96.1 1 0
github.com/zyvorai/transiva/providers/hyperv/client.go:99.2,100.1 3 0
github.com/zyvorai/transiva/providers/hyperv/client.go:102.2,103.36 3 0
github.com/zyvorai/transiva/providers/hyperv/client.go:105.3,105.62 1 0
github.com/zyvorai/transiva/providers/hyperv/client.go:106.4,107.1 1 0
github.com/zyvorai/transiva/providers/hyperv/client.go:108.9,108.43 1 0
github.com/zyvorai/transiva/providers/hyperv/client.go:110.3,111.61 2 0
github.com/zyvorai/transiva/providers/hyperv/client.go:112.4,113.1 1 0
github.com/zyvorai/transiva/providers/hyperv/client.go:114.3,114.23 1 0
github.com/zyvorai/transiva/providers/hyperv/client.go:117.3,118.1 1 0
github.com/zyvorai/transiva/providers/hyperv/client.go:121.2,121.25 1 0
github.com/zyvorai/transiva/providers/hyperv/client.go:122.3,123.17 2 0
github.com/zyvorai/transiva/providers/hyperv/client.go:124.4,125.1 1 0
github.com/zyvorai/transiva/providers/hyperv/client.go:126.4,127.1 1 0
github.com/zyvorai/transiva/providers/hyperv/client.go:130.2,131.17 2 0
github.com/zyvorai/transiva/providers/hyperv/client.go:136.2,137.1 4 0
github.com/zyvorai/transiva/providers/hyperv/client.go:138.2,139.1 4 0
github.com/zyvorai/transiva/providers/hyperv/client.go:140.2,141.16 4 0
github.com/zyvorai/transiva/providers/hyperv/client.go:142.3,143.1 1 0
github.com/zyvorai/transiva/providers/hyperv/client.go:145.2,146.79 2 0
github.com/zyvorai/transiva/providers/hyperv/client.go:147.3,148.1 1 0
github.com/zyvorai/transiva/providers/hyperv/client.go:151.2,152.16 2 0
github.com/zyvorai/transiva/providers/hyperv/client.go:153.3,154.1 1 0
github.com/zyvorai/transiva/providers/hyperv/client.go:155.3,156.1 1 0
github.com/zyvorai/transiva/providers/hyperv/client.go:158.2,158.17 1 0
github.com/zyvorai/transiva/providers/hyperv/client.go:163.2,164.1 3 0
github.com/zyvorai/transiva/providers/hyperv/client.go:165.2,166.16 3 0
github.com/zyvorai/transiva/providers/hyperv/client.go:167.3,168.1 1 0
github.com/zyvorai/transiva/providers/hyperv/client.go:170.2,172.29 3 0
github.com/zyvorai/transiva/providers/hyperv/client.go:173.3,174.17 2 0
github.com/zyvorai/transiva/providers/hyperv/client.go:175.4,176.1 1 0
github.com/zyvorai/transiva/providers/hyperv/client.go:179.2,179.20 1 0
github.com/zyvorai/transiva/providers/hyperv/client.go:184.2,185.1 2 0
github.com/zyvorai/transiva/providers/hyperv/client.go:186.2,186.21 2 0
github.com/zyvorai/transiva/providers/hyperv/client.go:187.3,188.1 1 0
github.com/zyvorai/transiva/providers/hyperv/client.go:191.2,192.16 2 0
github.com/zyvorai/transiva/providers/hyperv/client.go:193.3,194.1 1 0
github.com/zyvorai/transiva/providers/hyperv/client.go:197.2,198.1 5 0
github.com/zyvorai/transiva/providers/hyperv/client.go:200.2,201.1 5 0
github.com/zyvorai/transiva/providers/hyperv/client.go:202.2,203.1 5 0
github.com/zyvorai/transiva/providers/hyperv/client.go:204.2,205.16 5 0
github.com/zyvorai/transiva/providers/hyperv/client.go:206.3,207.1 1 0
github.com/zyvorai/transiva/providers/hyperv/client.go:209.2,210.1 3 0
github.com/zyvorai/transiva/providers/hyperv/client.go:212.2,213.61 3 0
github.com/zyvorai/transiva/providers/hyperv/client.go:214.3,215.1 1 0
github.com/zyvorai/transiva/providers/hyperv/client.go:217.2,217.21 1 0
github.com/zyvorai/transiva/providers/hyperv/client.go:218.3,220.1 2 0
github.com/zyvorai/transiva/providers/hyperv/client.go:222.2,222.12 1 0
github.com/zyvorai/transiva/providers/hyperv/client.go:227.2,228.1 3 0
github.com/zyvorai/transiva/providers/hyperv/client.go:230.2,231.16 3 0
github.com/zyvorai/transiva/providers/hyperv/client.go:232.3,233.1 1 0
github.com/zyvorai/transiva/providers/hyperv/client.go:235.2,235.24 1 0
github.com/zyvorai/transiva/providers/hyperv/client.go:236.3,237.1 1 0
github.com/zyvorai/transiva/providers/hyperv/client.go:239.2,240.1 2 0
github.com/zyvorai/transiva/providers/hyperv/client.go:241.2,241.35 2 0
github.com/zyvorai/transiva/providers/hyperv/client.go:242.3,242.22 1 0
github.com/zyvorai/transiva/providers/hyperv/client.go:243.4,244.1 1 0
github.com/zyvorai/transiva/providers/hyperv/client.go:246.3,248.1 6 0
github.com/zyvorai/transiva/providers/hyperv/client.go:250.3,251.1 6 0
github.com/zyvorai/transiva/providers/hyperv/client.go:252.3,253.1 6 0
github.com/zyvorai/transiva/providers/hyperv/client.go:254.3,255.17 6 0
github.com/zyvorai/transiva/providers/hyperv/client.go:256.4,257.12 2 0
github.com/zyvorai/transiva/providers/hyperv/client.go:260.3,261.48 2 0
github.com/zyvorai/transiva/providers/hyperv/client.go:264.2,264.29 1 0
github.com/zyvorai/transiva/providers/hyperv/client.go:265.3,266.1 1 0
github.com/zyvorai/transiva/providers/hyperv/client.go:268.2,268.21 1 0
github.com/zyvorai/transiva/providers/hyperv/client.go:269.3,270.1 1 0
github.com/zyvorai/transiva/providers/hyperv/client.go:272.2,272.27 1 0
github.com/zyvorai/transiva/providers/hyperv/client.go:277.2,278.1 2 0
github.com/zyvorai/transiva/providers/hyperv/client.go:280.2,280.40 2 0
github.com/zyvorai/transiva/providers/hyperv/client.go:281.3,282.1 1 0
github.com/zyvorai/transiva/providers/hyperv/client.go:285.2,286.16 2 0
github.com/zyvorai/transiva/providers/hyperv/client.go:287.3,288.1 1 0
github.com/zyvorai/transiva/providers/hyperv/client.go:291.2,292.1 2 0
github.com/zyvorai/transiva/providers/hyperv/client.go:294.2,294.25 2 0
github.com/zyvorai/transiva/providers/hyperv/client.go:297.3,299.1 4 0
github.com/zyvorai/transiva/providers/hyperv/client.go:300.3,301.17 4 0
github.com/zyvorai/transiva/providers/hyperv/client.go:302.4,303.1 1 0
github.com/zyvorai/transiva/providers/hyperv/client.go:305.3,306.1 3 0
github.com/zyvorai/transiva/providers/hyperv/client.go:308.3,309.62 3 0
github.com/zyvorai/transiva/providers/hyperv/client.go:310.4,311.1 1 0
github.com/zyvorai/transiva/providers/hyperv/client.go:314.3,314.35 1 0
github.com/zyvorai/transiva/providers/hyperv/client.go:315.4,316.1 1 0
github.com/zyvorai/transiva/providers/hyperv/client.go:320.3,321.17 2 0
github.com/zyvorai/transiva/providers/hyperv/client.go:322.4,323.1 1 0
github.com/zyvorai/transiva/providers/hyperv/client.go:325.3,325.82 1 0
github.com/zyvorai/transiva/providers/hyperv/client.go:328.2,328.12 1 0
github.com/zyvorai/transiva/providers/hyperv/client.go:333.2,334.1 3 0
github.com/zyvorai/transiva/providers/hyperv/client.go:336.2,337.16 3 0
github.com/zyvorai/transiva/providers/hyperv/client.go:338.3,339.1 1 0
github.com/zyvorai/transiva/providers/hyperv/client.go:341.2,341.24 1 0
github.com/zyvorai/transiva/providers/hyperv/client.go:342.3,343.1 1 0
github.com/zyvorai/transiva/providers/hyperv/client.go:345.2,346.1 2 0
github.com/zyvorai/transiva/providers/hyperv/client.go:347.2,347.35 2 0
github.com/zyvorai/transiva/providers/hyperv/client.go:348.3,350.1 4 0
github.com/zyvorai/transiva/providers/hyperv/client.go:351.3,352.1 4 0
github.com/zyvorai/transiva/providers/hyperv/client.go:354.3,354.35 4 0
github.com/zyvorai/transiva/providers/hyperv/client.go:356.4,357.1 1 0
github.com/zyvorai/transiva/providers/hyperv/client.go:359.4,361.1 2 0
github.com/zyvorai/transiva/providers/hyperv/client.go:363.3,363.17 1 0
github.com/zyvorai/transiva/providers/hyperv/client.go:364.4,365.12 2 0
github.com/zyvorai/transiva/providers/hyperv/client.go:368.3,369.48 2 0
github.com/zyvorai/transiva/providers/hyperv/client.go:372.2,372.29 1 0
github.com/zyvorai/transiva/providers/hyperv/client.go:373.3,374.1 1 0
github.com/zyvorai/transiva/providers/hyperv/client.go:376.2,376.27 1 0
github.com/zyvorai/transiva/providers/hyperv/client.go:383.2,384.16 2 0
github.com/zyvorai/transiva/providers/hyperv/client.go:385.3,386.1 1 0
github.com/zyvorai/transiva/providers/hyperv/client.go:387.2,387.15 1 0
github.com/zyvorai/transiva/providers/hyperv/client.go:388.3,388.51 1 0
github.com/zyvorai/transiva/providers/hyperv/client.go:389.4,390.1 1 0
github.com/zyvorai/transiva/providers/hyperv/client.go:393.2,394.16 2 0
github.com/zyvorai/transiva/providers/hyperv/client.go:395.3,396.1 1 0
github.com/zyvorai/transiva/providers/hyperv/client.go:398.2,399.1 2 0
github.com/zyvorai/transiva/providers/hyperv/client.go:401.2,401.61 2 0
github.com/zyvorai/transiva/providers/hyperv/client.go:402.3,403.1 1 0
github.com/zyvorai/transiva/providers/hyperv/client.go:406.2,407.16 2 0
github.com/zyvorai/transiva/providers/hyperv/client.go:408.3,409.1 1 0
github.com/zyvorai/transiva/providers/hyperv/client.go:410.2,410.15 1 0
github.com/zyvorai/transiva/providers/hyperv/client.go:411.3,411.51 1 0
github.com/zyvorai/transiva/providers/hyperv/client.go:412.4,413.1 1 0
github.com/zyvorai/transiva/providers/hyperv/client.go:417.2,426.1 4 0
github.com/zyvorai/transiva/providers/hyperv/client.go:431.2,432.16 4 0
github.com/zyvorai/transiva/providers/hyperv/client.go:433.3,434.1 1 0
github.com/zyvorai/transiva/providers/hyperv/client.go:436.2,436.12 1 0
github.com/zyvorai/transiva/providers/hyperv/client.go:451.2,452.1 3 0
github.com/zyvorai/transiva/providers/hyperv/client.go:454.2,455.1 3 0
github.com/zyvorai/transiva/providers/hyperv/client.go:457.2,457.25 3 0
github.com/zyvorai/transiva/providers/hyperv/client.go:458.3,459.1 1 0
github.com/zyvorai/transiva/providers/hyperv/client.go:461.2,461.15 1 0
github.com/zyvorai/transiva/providers/hyperv/client.go:466.2,467.1 4 0
github.com/zyvorai/transiva/providers/hyperv/client.go:468.2,469.1 4 0
github.com/zyvorai/transiva/providers/hyperv/client.go:470.2,471.16 4 0
github.com/zyvorai/transiva/providers/hyperv/client.go:472.3,473.1 1 0
github.com/zyvorai/transiva/providers/hyperv/client.go:475.2,476.12 2 0
github.com/zyvorai/transiva/providers/hyperv/client.go:481.2,482.1 4 0
github.com/zyvorai/transiva/providers/hyperv/client.go:483.2,484.1 4 0
github.com/zyvorai/transiva/providers/hyperv/client.go:485.2,486.16 4 0
github.com/zyvorai/transiva/providers/hyperv/client.go:487.3,488.1 1 0
github.com/zyvorai/transiva/providers/hyperv/client.go:490.2,491.12 2 0
github.com/zyvorai/transiva/providers/hyperv/client.go:496.2,497.1 4 0
github.com/zyvorai/transiva/providers/hyperv/client.go:498.2,499.1 4 0
github.com/zyvorai/transiva/providers/hyperv/client.go:500.2,501.16 4 0
github.com/zyvorai/transiva/providers/hyperv/client.go:502.3,503.1 1 0
github.com/zyvorai/transiva/providers/hyperv/client.go:505.2,506.12 2 0
github.com/zyvorai/transiva/providers/hyperv/client.go:511.2,511.23 1 0
github.com/zyvorai/transiva/providers/hyperv/client.go:512.3,513.1 1 0
github.com/zyvorai/transiva/providers/hyperv/client.go:514.2,514.46 1 0
github.com/zyvorai/transiva/providers/hyperv/client.go:522.2,523.1 3 0
github.com/zyvorai/transiva/providers/hyperv/client.go:524.2,525.16 3 0
github.com/zyvorai/transiva/providers/hyperv/client.go:526.3,527.1 1 0
github.com/zyvorai/transiva/providers/hyperv/client.go:529.2,529.28 1 0
github.com/zyvorai/transiva/providers/hyperv/client.go:538.2,540.1 5 0
github.com/zyvorai/transiva/providers/hyperv/client.go:544.2,552.1 5 0
github.com/zyvorai/transiva/providers/hyperv/client.go:553.2,554.16 5 0
github.com/zyvorai/transiva/providers/hyperv/client.go:555.3,556.1 1 0
github.com/zyvorai/transiva/providers/hyperv/client.go:558.2,558.28 1 0
github.com/zyvorai/transiva/providers/hyperv/client.go:564.2,566.1 5 0
github.com/zyvorai/transiva/providers/hyperv/client.go:567.2,569.16 5 0
github.com/zyvorai/transiva/providers/hyperv/client.go:570.3,571.1 1 0
github.com/zyvorai/transiva/providers/hyperv/client.go:573.2,574.12 2 0
github.com/zyvorai/transiva/providers/hyperv/client.go:579.2,601.1 2 0
github.com/zyvorai/transiva/providers/hyperv/client.go:602.2,603.1 2 0
github.com/zyvorai/transiva/providers/hyperv/client.go:607.2,607.21 1 0
github.com/zyvorai/transiva/providers/hyperv/client.go:608.3,609.1 1 0
github.com/zyvorai/transiva/providers/hyperv/client.go:611.2,612.29 2 0
github.com/zyvorai/transiva/providers/hyperv/client.go:613.3,614.1 1 0
github.com/zyvorai/transiva/providers/hyperv/client.go:616.2,616.47 1 0
github.com/zyvorai/transiva/providers/hyperv/client.go:621.2,623.1 2 0
github.com/zyvorai/transiva/providers/hyperv/client.go:627.2,627.23 1 0
github.com/zyvorai/transiva/providers/hyperv/client.go:628.3,629.1 1 0
github.com/zyvorai/transiva/providers/hyperv/client.go:630.2,630.33 1 0
github.com/zyvorai/transiva/providers/hyperv/client.go:635.2,636.16 2 0
github.com/zyvorai/transiva/providers/hyperv/client.go:637.3,638.1 1 0
github.com/zyvorai/transiva/providers/hyperv/client.go:640.2,642.1 3 0
github.com/zyvorai/transiva/providers/hyperv/client.go:643.2,643.25 3 0
github.com/zyvorai/transiva/providers/hyperv/client.go:644.3,646.56 1 0
github.com/zyvorai/transiva/providers/hyperv/client.go:647.4,648.1 1 0
github.com/zyvorai/transiva/providers/hyperv/client.go:651.2,651.21 1 0
github.com/zyvorai/transiva/providers/hyperv/export_options.go:33.2,39.1 1 0
github.com/zyvorai/transiva/providers/hyperv/export_options.go:44.2,44.51 1 0
github.com/zyvorai/transiva/providers/hyperv/export_options.go:45.3,46.1 1 0
github.com/zyvorai/transiva/providers/hyperv/export_options.go:48.2,48.62 1 0
github.com/zyvorai/transiva/providers/hyperv/export_options.go:49.3,50.1 1 0
github.com/zyvorai/transiva/providers/hyperv/export_options.go:52.2,52.27 1 0
github.com/zyvorai/transiva/providers/hyperv/export_options.go:53.3,54.1 1 0
github.com/zyvorai/transiva/providers/hyperv/export_options.go:56.2,56.29 1 0
github.com/zyvorai/transiva/providers/hyperv/export_options.go:57.3,58.1 1 0
github.com/zyvorai/transiva/providers/hyperv/export_options.go:60.2,60.12 1 0
github.com/zyvorai/transiva/providers/hyperv/provider.go:22.2,26.1 1 1
github.com/zyvorai/transiva/providers/hyperv/provider.go:30.2,31.1 1 2
github.com/zyvorai/transiva/providers/hyperv/provider.go:35.2,36.1 1 2
github.com/zyvorai/transiva/providers/hyperv/provider.go:41.2,46.1 7 0
github.com/zyvorai/transiva/providers/hyperv/provider.go:47.2,48.64 7 0
github.com/zyvorai/transiva/providers/hyperv/provider.go:49.3,50.1 1 0
github.com/zyvorai/transiva/providers/hyperv/provider.go:50.9,50.67 1 0
github.com/zyvorai/transiva/providers/hyperv/provider.go:51.3,52.1 1 0
github.com/zyvorai/transiva/providers/hyperv/provider.go:55.2,55.20 1 0
github.com/zyvorai/transiva/providers/hyperv/provider.go:56.3,57.1 1 0
github.com/zyvorai/transiva/providers/hyperv/provider.go:58.2,58.20 1 0
github.com/zyvorai/transiva/providers/hyperv/provider.go:59.3,60.1 1 0
github.com/zyvorai/transiva/providers/hyperv/provider.go:63.2,63.29 1 0
github.com/zyvorai/transiva/providers/hyperv/provider.go:64.3,65.1 1 0
github.com/zyvorai/transiva/providers/hyperv/provider.go:68.2,75.1 3 0
github.com/zyvorai/transiva/providers/hyperv/provider.go:78.2,79.16 3 0
github.com/zyvorai/transiva/providers/hyperv/provider.go:80.3,81.1 1 0
github.com/zyvorai/transiva/providers/hyperv/provider.go:83.2,85.12 3 0
github.com/zyvorai/transiva/providers/hyperv/provider.go:90.2,90.21 1 1
github.com/zyvorai/transiva/providers/hyperv/provider.go:91.3,92.1 1 0
github.com/zyvorai/transiva/providers/hyperv/provider.go:93.2,93.12 1 1
github.com/zyvorai/transiva/providers/hyperv/provider.go:98.2,98.21 1 0
github.com/zyvorai/transiva/providers/hyperv/provider.go:99.3,100.1 1 0
github.com/zyvorai/transiva/providers/hyperv/provider.go:103.2,104.12 2 0
github.com/zyvorai/transiva/providers/hyperv/provider.go:109.2,109.21 1 0
github.com/zyvorai/transiva/providers/hyperv/provider.go:110.3,111.1 1 0
github.com/zyvorai/transiva/providers/hyperv/provider.go:113.2,114.16 2 0
github.com/zyvorai/transiva/providers/hyperv/provider.go:115.3,116.1 1 0
github.com/zyvorai/transiva/providers/hyperv/provider.go:118.2,119.25 2 0
github.com/zyvorai/transiva/providers/hyperv/provider.go:120.3,137.1 2 0
github.com/zyvorai/transiva/providers/hyperv/provider.go:140.3,140.21 2 0
github.com/zyvorai/transiva/providers/hyperv/provider.go:141.4,142.1 1 0
github.com/zyvorai/transiva/providers/hyperv/provider.go:144.3,144.34 1 0
github.com/zyvorai/transiva/providers/hyperv/provider.go:147.2,147.20 1 0
github.com/zyvorai/transiva/providers/hyperv/provider.go:152.2,152.21 1 0
github.com/zyvorai/transiva/providers/hyperv/provider.go:153.3,154.1 1 0
github.com/zyvorai/transiva/providers/hyperv/provider.go:156.2,157.16 2 0
github.com/zyvorai/transiva/providers/hyperv/provider.go:158.3,159.1 1 0
github.com/zyvorai/transiva/providers/hyperv/provider.go:161.2,176.8 1 0
github.com/zyvorai/transiva/providers/hyperv/provider.go:181.2,181.21 1 0
github.com/zyvorai/transiva/providers/hyperv/provider.go:182.3,183.1 1 0
github.com/zyvorai/transiva/providers/hyperv/provider.go:185.2,186.16 2 0
github.com/zyvorai/transiva/providers/hyperv/provider.go:187.3,188.1 1 0
github.com/zyvorai/transiva/providers/hyperv/provider.go:190.2,191.25 2 0
github.com/zyvorai/transiva/providers/hyperv/provider.go:192.3,202.1 2 0
github.com/zyvorai/transiva/providers/hyperv/provider.go:203.3,204.1 2 0
github.com/zyvorai/transiva/providers/hyperv/provider.go:206.2,206.20 1 0
github.com/zyvorai/transiva/providers/hyperv/provider.go:211.2,211.21 1 0
github.com/zyvorai/transiva/providers/hyperv/provider.go:212.3,213.1 1 0
github.com/zyvorai/transiva/providers/hyperv/provider.go:216.2,217.1 2 0
github.com/zyvorai/transiva/providers/hyperv/provider.go:218.2,218.53 2 0
github.com/zyvorai/transiva/providers/hyperv/provider.go:220.3,221.17 2 0
github.com/zyvorai/transiva/providers/hyperv/provider.go:222.4,223.1 1 0
github.com/zyvorai/transiva/providers/hyperv/provider.go:226.3,227.22 2 0
github.com/zyvorai/transiva/providers/hyperv/provider.go:229.4,230.1 1 0
github.com/zyvorai/transiva/providers/hyperv/provider.go:232.3,242.9 1 0
github.com/zyvorai/transiva/providers/hyperv/provider.go:246.2,247.16 2 0
github.com/zyvorai/transiva/providers/hyperv/provider.go:248.3,249.1 1 0
github.com/zyvorai/transiva/providers/hyperv/provider.go:251.2,259.8 1 0
github.com/zyvorai/transiva/providers/hyperv/provider.go:264.2,271.1 1 1
github.com/zyvorai/transiva/providers/nutanix/client.go:28.2,28.16 1 0
github.com/zyvorai/transiva/providers/nutanix/client.go:29.3,30.1 1 0
github.com/zyvorai/transiva/providers/nutanix/client.go:31.2,31.20 1 0
github.com/zyvorai/transiva/providers/nutanix/client.go:32.3,33.1 1 0
github.com/zyvorai/transiva/providers/nutanix/client.go:34.2,34.46 1 0
github.com/zyvorai/transiva/providers/nutanix/client.go:35.3,36.1 1 0
github.com/zyvorai/transiva/providers/nutanix/client.go:38.2,39.15 2 0
github.com/zyvorai/transiva/providers/nutanix/client.go:40.3,41.1 1 0
github.com/zyvorai/transiva/providers/nutanix/client.go:43.2,49.1 7 0
github.com/zyvorai/transiva/providers/nutanix/client.go:50.2,50.16 7 0
github.com/zyvorai/transiva/providers/nutanix/client.go:51.3,52.1 1 0
github.com/zyvorai/transiva/providers/nutanix/client.go:54.2,59.8 1 0
github.com/zyvorai/transiva/providers/nutanix/client.go:64.2,65.19 2 0
github.com/zyvorai/transiva/providers/nutanix/client.go:66.3,67.1 1 0
github.com/zyvorai/transiva/providers/nutanix/client.go:69.2,71.1 3 0
github.com/zyvorai/transiva/providers/nutanix/client.go:72.2,72.6 3 0
github.com/zyvorai/transiva/providers/nutanix/client.go:73.3,73.10 1 0
github.com/zyvorai/transiva/providers/nutanix/client.go:75.4,75.25 1 0
github.com/zyvorai/transiva/providers/nutanix/client.go:76.11,76.11 0 0
github.com/zyvorai/transiva/providers/nutanix/client.go:79.3,82.17 4 0
github.com/zyvorai/transiva/providers/nutanix/client.go:83.4,84.1 1 0
github.com/zyvorai/transiva/providers/nutanix/client.go:85.3,85.18 1 0
github.com/zyvorai/transiva/providers/nutanix/client.go:86.4,86.9 1 0
github.com/zyvorai/transiva/providers/nutanix/client.go:89.3,90.18 2 0
github.com/zyvorai/transiva/providers/nutanix/client.go:91.4,91.9 1 0
github.com/zyvorai/transiva/providers/nutanix/client.go:94.3,95.10 2 0
github.com/zyvorai/transiva/providers/nutanix/client.go:96.4,97.1 1 0
github.com/zyvorai/transiva/providers/nutanix/client.go:99.3,99.22 1 0
github.com/zyvorai/transiva/providers/nutanix/client.go:100.4,101.78 2 0
github.com/zyvorai/transiva/providers/nutanix/client.go:102.5,102.13 1 0
github.com/zyvorai/transiva/providers/nutanix/client.go:104.4,104.38 1 0
github.com/zyvorai/transiva/providers/nutanix/client.go:107.3,107.26 1 0
github.com/zyvorai/transiva/providers/nutanix/client.go:108.4,108.9 1 0
github.com/zyvorai/transiva/providers/nutanix/client.go:110.3,110.73 1 0
github.com/zyvorai/transiva/providers/nutanix/client.go:111.4,111.62 1 0
github.com/zyvorai/transiva/providers/nutanix/client.go:112.5,112.10 1 0
github.com/zyvorai/transiva/providers/nutanix/client.go:115.3,115.9 1 0
github.com/zyvorai/transiva/providers/nutanix/client.go:118.2,118.38 1 0
github.com/zyvorai/transiva/providers/nutanix/client.go:119.3,120.1 1 0
github.com/zyvorai/transiva/providers/nutanix/client.go:122.2,122.40 1 0
github.com/zyvorai/transiva/providers/nutanix/client.go:127.2,127.9 1 0
github.com/zyvorai/transiva/providers/nutanix/client.go:129.3,129.24 1 0
github.com/zyvorai/transiva/providers/nutanix/client.go:130.10,130.10 0 0
github.com/zyvorai/transiva/providers/nutanix/client.go:133.2,134.16 2 0
github.com/zyvorai/transiva/providers/nutanix/client.go:135.3,136.1 1 0
github.com/zyvorai/transiva/providers/nutanix/client.go:137.2,137.42 1 0
github.com/zyvorai/transiva/providers/nutanix/client.go:138.3,139.1 1 0
github.com/zyvorai/transiva/providers/nutanix/client.go:141.2,142.9 2 0
github.com/zyvorai/transiva/providers/nutanix/client.go:143.3,144.1 1 0
github.com/zyvorai/transiva/providers/nutanix/client.go:146.2,147.18 2 0
github.com/zyvorai/transiva/providers/nutanix/client.go:151.2,152.18 2 0
github.com/zyvorai/transiva/providers/nutanix/client.go:153.3,154.1 1 0
github.com/zyvorai/transiva/providers/nutanix/client.go:156.2,160.1 5 0
github.com/zyvorai/transiva/providers/nutanix/client.go:162.2,164.1 5 0
github.com/zyvorai/transiva/providers/nutanix/client.go:165.2,166.31 5 0
github.com/zyvorai/transiva/providers/nutanix/client.go:167.3,168.13 2 0
github.com/zyvorai/transiva/providers/nutanix/client.go:169.4,170.26 2 0
github.com/zyvorai/transiva/providers/nutanix/client.go:171.5,171.12 1 0
github.com/zyvorai/transiva/providers/nutanix/client.go:173.6,174.12 2 0
github.com/zyvorai/transiva/providers/nutanix/client.go:175.13,175.13 0 0
github.com/zyvorai/transiva/providers/nutanix/client.go:178.5,179.19 2 0
github.com/zyvorai/transiva/providers/nutanix/client.go:180.6,181.14 2 0
github.com/zyvorai/transiva/providers/nutanix/client.go:183.5,183.47 1 0
github.com/zyvorai/transiva/providers/nutanix/client.go:188.2,188.27 1 0
github.com/zyvorai/transiva/providers/nutanix/client.go:189.3,190.1 1 0
github.com/zyvorai/transiva/providers/nutanix/client.go:191.2,192.1 2 0
github.com/zyvorai/transiva/providers/nutanix/client.go:193.2,193.12 2 0
github.com/zyvorai/transiva/providers/nutanix/client.go:194.3,196.1 2 0
github.com/zyvorai/transiva/providers/nutanix/client.go:198.2,200.1 3 0
github.com/zyvorai/transiva/providers/nutanix/client.go:201.2,201.27 3 0
github.com/zyvorai/transiva/providers/nutanix/client.go:202.3,202.21 1 0
github.com/zyvorai/transiva/providers/nutanix/client.go:203.4,203.23 1 0
github.com/zyvorai/transiva/providers/nutanix/client.go:204.5,208.1 1 0
github.com/zyvorai/transiva/providers/nutanix/client.go:209.4,209.12 1 0
github.com/zyvorai/transiva/providers/nutanix/client.go:211.3,211.26 1 0
github.com/zyvorai/transiva/providers/nutanix/client.go:214.2,214.17 1 0
github.com/zyvorai/transiva/providers/nutanix/client.go:218.2,225.1 2 0
github.com/zyvorai/transiva/providers/nutanix/client.go:227.2,227.23 2 0
github.com/zyvorai/transiva/providers/nutanix/client.go:228.3,229.1 1 0
github.com/zyvorai/transiva/providers/nutanix/client.go:231.2,231.18 1 0
github.com/zyvorai/transiva/providers/nutanix/client.go:232.3,234.31 3 0
github.com/zyvorai/transiva/providers/nutanix/client.go:235.4,236.1 1 0
github.com/zyvorai/transiva/providers/nutanix/client.go:238.3,239.1 1 0
github.com/zyvorai/transiva/providers/nutanix/client.go:241.2,241.12 1 0
github.com/zyvorai/transiva/providers/nutanix/client.go:245.2,246.29 2 0
github.com/zyvorai/transiva/providers/nutanix/client.go:247.3,250.1 2 0
github.com/zyvorai/transiva/providers/nutanix/client.go:251.3,251.30 2 0
github.com/zyvorai/transiva/providers/nutanix/client.go:252.4,253.39 2 0
github.com/zyvorai/transiva/providers/nutanix/client.go:254.5,255.1 1 0
github.com/zyvorai/transiva/providers/nutanix/client.go:256.4,257.37 2 0
github.com/zyvorai/transiva/providers/nutanix/client.go:258.5,259.1 1 0
github.com/zyvorai/transiva/providers/nutanix/client.go:260.4,260.55 1 0
github.com/zyvorai/transiva/providers/nutanix/client.go:263.3,263.30 1 0
github.com/zyvorai/transiva/providers/nutanix/client.go:264.4,264.57 1 0
github.com/zyvorai/transiva/providers/nutanix/client.go:266.5,266.24 1 0
github.com/zyvorai/transiva/providers/nutanix/client.go:267.6,268.1 1 0
github.com/zyvorai/transiva/providers/nutanix/client.go:269.5,270.40 2 0
github.com/zyvorai/transiva/providers/nutanix/client.go:271.6,272.1 1 0
github.com/zyvorai/transiva/providers/nutanix/client.go:274.5,274.23 1 0
github.com/zyvorai/transiva/providers/nutanix/client.go:275.6,275.25 1 0
github.com/zyvorai/transiva/providers/nutanix/client.go:276.7,277.1 1 0
github.com/zyvorai/transiva/providers/nutanix/client.go:278.6,279.41 2 0
github.com/zyvorai/transiva/providers/nutanix/client.go:280.7,281.1 1 0
github.com/zyvorai/transiva/providers/nutanix/client.go:284.5,284.30 1 0
github.com/zyvorai/transiva/providers/nutanix/client.go:288.3,288.22 1 0
github.com/zyvorai/transiva/providers/nutanix/client.go:289.4,290.1 1 0
github.com/zyvorai/transiva/providers/nutanix/client.go:292.2,292.12 1 0
github.com/zyvorai/transiva/providers/nutanix/client.go:296.2,299.48 4 0
github.com/zyvorai/transiva/providers/nutanix/client.go:300.3,301.1 1 0
github.com/zyvorai/transiva/providers/nutanix/client.go:302.2,302.62 1 0
github.com/zyvorai/transiva/providers/nutanix/client.go:303.3,304.1 1 0
github.com/zyvorai/transiva/providers/nutanix/client.go:305.2,305.62 1 0
github.com/zyvorai/transiva/providers/nutanix/client.go:306.3,307.1 1 0
github.com/zyvorai/transiva/providers/nutanix/client.go:308.2,308.34 1 0
github.com/zyvorai/transiva/providers/nutanix/client.go:312.2,312.18 1 0
github.com/zyvorai/transiva/providers/nutanix/client.go:313.3,314.1 1 0
github.com/zyvorai/transiva/providers/nutanix/client.go:315.2,316.47 2 0
github.com/zyvorai/transiva/providers/nutanix/client.go:317.3,318.1 1 0
github.com/zyvorai/transiva/providers/nutanix/client.go:319.2,319.13 1 0
github.com/zyvorai/transiva/providers/nutanix/client.go:323.2,324.18 2 3
github.com/zyvorai/transiva/providers/nutanix/client.go:325.3,326.1 1 0
github.com/zyvorai/transiva/providers/nutanix/client.go:327.2,327.48 1 3
github.com/zyvorai/transiva/providers/nutanix/client.go:328.3,329.1 1 1
github.com/zyvorai/transiva/providers/nutanix/client.go:330.2,330.73 1 2
github.com/zyvorai/transiva/providers/nutanix/client.go:331.3,332.1 1 1
github.com/zyvorai/transiva/providers/nutanix/client.go:333.2,333.14 1 1
github.com/zyvorai/transiva/providers/nutanix/client.go:337.2,337.14 1 0
github.com/zyvorai/transiva/providers/nutanix/client.go:338.3,339.1 1 0
github.com/zyvorai/transiva/providers/nutanix/client.go:340.2,340.11 1 0
github.com/zyvorai/transiva/providers/nutanix/client.go:344.2,344.25 1 1
github.com/zyvorai/transiva/providers/nutanix/client.go:345.3,346.1 1 0
github.com/zyvorai/transiva/providers/nutanix/client.go:347.2,347.43 1 1
github.com/zyvorai/transiva/providers/nutanix/containers.go:15.2,16.15 2 0
github.com/zyvorai/transiva/providers/nutanix/containers.go:17.3,18.1 1 0
github.com/zyvorai/transiva/providers/nutanix/containers.go:19.2,25.18 7 0
github.com/zyvorai/transiva/providers/nutanix/containers.go:30.2,31.1 5 0
github.com/zyvorai/transiva/providers/nutanix/containers.go:32.2,35.1 5 0
github.com/zyvorai/transiva/providers/nutanix/containers.go:36.2,36.6 5 0
github.com/zyvorai/transiva/providers/nutanix/containers.go:37.3,37.10 1 0
github.com/zyvorai/transiva/providers/nutanix/containers.go:39.4,39.25 1 0
github.com/zyvorai/transiva/providers/nutanix/containers.go:40.11,40.11 0 0
github.com/zyvorai/transiva/providers/nutanix/containers.go:43.3,46.17 4 0
github.com/zyvorai/transiva/providers/nutanix/containers.go:47.4,48.1 1 0
github.com/zyvorai/transiva/providers/nutanix/containers.go:49.3,49.43 1 0
github.com/zyvorai/transiva/providers/nutanix/containers.go:50.4,50.9 1 0
github.com/zyvorai/transiva/providers/nutanix/containers.go:53.3,54.10 2 0
github.com/zyvorai/transiva/providers/nutanix/containers.go:55.4,56.1 1 0
github.com/zyvorai/transiva/providers/nutanix/containers.go:58.3,58.29 1 0
github.com/zyvorai/transiva/providers/nutanix/containers.go:59.4,61.65 3 0
github.com/zyvorai/transiva/providers/nutanix/containers.go:62.5,63.1 1 0
github.com/zyvorai/transiva/providers/nutanix/containers.go:64.4,64.92 1 0
github.com/zyvorai/transiva/providers/nutanix/containers.go:65.5,66.1 1 0
github.com/zyvorai/transiva/providers/nutanix/containers.go:69.3,69.30 1 0
github.com/zyvorai/transiva/providers/nutanix/containers.go:70.4,70.9 1 0
github.com/zyvorai/transiva/providers/nutanix/containers.go:72.3,72.9 1 0
github.com/zyvorai/transiva/providers/nutanix/containers.go:75.2,75.19 1 0
github.com/zyvorai/transiva/providers/nutanix/executor.go:29.2,30.26 2 0
github.com/zyvorai/transiva/providers/nutanix/executor.go:31.3,32.1 1 0
github.com/zyvorai/transiva/providers/nutanix/executor.go:33.2,34.18 2 0
github.com/zyvorai/transiva/providers/nutanix/executor.go:35.3,36.1 1 0
github.com/zyvorai/transiva/providers/nutanix/executor.go:37.2,37.42 1 0
github.com/zyvorai/transiva/providers/nutanix/executor.go:38.3,39.1 1 0
github.com/zyvorai/transiva/providers/nutanix/executor.go:41.2,42.19 2 0
github.com/zyvorai/transiva/providers/nutanix/executor.go:43.3,44.1 1 0
github.com/zyvorai/transiva/providers/nutanix/executor.go:46.2,47.52 2 0
github.com/zyvorai/transiva/providers/nutanix/executor.go:48.3,49.1 1 0
github.com/zyvorai/transiva/providers/nutanix/executor.go:51.2,54.1 4 0
github.com/zyvorai/transiva/providers/nutanix/executor.go:56.2,58.32 4 0
github.com/zyvorai/transiva/providers/nutanix/executor.go:59.3,59.10 1 0
github.com/zyvorai/transiva/providers/nutanix/executor.go:61.4,61.25 1 0
github.com/zyvorai/transiva/providers/nutanix/executor.go:62.11,62.11 0 0
github.com/zyvorai/transiva/providers/nutanix/executor.go:65.3,66.17 2 0
github.com/zyvorai/transiva/providers/nutanix/executor.go:67.4,68.1 1 0
github.com/zyvorai/transiva/providers/nutanix/executor.go:70.3,75.1 3 0
github.com/zyvorai/transiva/providers/nutanix/executor.go:76.3,77.17 3 0
github.com/zyvorai/transiva/providers/nutanix/executor.go:78.4,79.1 1 0
github.com/zyvorai/transiva/providers/nutanix/executor.go:81.3,82.63 2 0
github.com/zyvorai/transiva/providers/nutanix/executor.go:83.4,84.1 1 0
github.com/zyvorai/transiva/providers/nutanix/executor.go:86.3,86.18 1 0
github.com/zyvorai/transiva/providers/nutanix/executor.go:87.4,92.12 2 0
github.com/zyvorai/transiva/providers/nutanix/executor.go:95.3,96.76 2 0
github.com/zyvorai/transiva/providers/nutanix/executor.go:97.4,102.1 1 0
github.com/zyvorai/transiva/providers/nutanix/executor.go:103.4,104.1 1 0
github.com/zyvorai/transiva/providers/nutanix/executor.go:106.3,107.17 2 0
github.com/zyvorai/transiva/providers/nutanix/executor.go:108.4,109.1 1 0
github.com/zyvorai/transiva/providers/nutanix/executor.go:111.3,116.5 1 0
github.com/zyvorai/transiva/providers/nutanix/executor.go:119.2,121.1 3 0
github.com/zyvorai/transiva/providers/nutanix/executor.go:122.2,122.17 3 0
github.com/zyvorai/transiva/providers/nutanix/executor.go:123.3,124.1 1 0
github.com/zyvorai/transiva/providers/nutanix/executor.go:126.2,130.1 3 0
github.com/zyvorai/transiva/providers/nutanix/executor.go:131.2,132.16 3 0
github.com/zyvorai/transiva/providers/nutanix/executor.go:133.3,134.1 1 0
github.com/zyvorai/transiva/providers/nutanix/executor.go:135.2,136.1 3 0
github.com/zyvorai/transiva/providers/nutanix/executor.go:137.2,138.69 3 0
github.com/zyvorai/transiva/providers/nutanix/executor.go:139.3,140.1 1 0
github.com/zyvorai/transiva/providers/nutanix/executor.go:141.2,142.1 3 0
github.com/zyvorai/transiva/providers/nutanix/executor.go:143.2,147.1 3 0
github.com/zyvorai/transiva/providers/nutanix/executor.go:148.2,148.20 3 0
github.com/zyvorai/transiva/providers/nutanix/executor.go:153.2,154.30 2 0
github.com/zyvorai/transiva/providers/nutanix/executor.go:155.3,156.17 2 0
github.com/zyvorai/transiva/providers/nutanix/executor.go:157.4,158.1 1 0
github.com/zyvorai/transiva/providers/nutanix/executor.go:159.3,159.34 1 0
github.com/zyvorai/transiva/providers/nutanix/executor.go:161.2,161.21 1 0
github.com/zyvorai/transiva/providers/nutanix/executor.go:165.2,165.50 1 0
github.com/zyvorai/transiva/providers/nutanix/executor.go:166.3,167.1 1 0
github.com/zyvorai/transiva/providers/nutanix/executor.go:169.2,170.1 4 0
github.com/zyvorai/transiva/providers/nutanix/executor.go:171.2,173.16 4 0
github.com/zyvorai/transiva/providers/nutanix/executor.go:174.3,175.1 1 0
github.com/zyvorai/transiva/providers/nutanix/executor.go:176.2,177.1 2 0
github.com/zyvorai/transiva/providers/nutanix/executor.go:178.2,178.36 2 0
github.com/zyvorai/transiva/providers/nutanix/executor.go:179.3,180.1 1 0
github.com/zyvorai/transiva/providers/nutanix/executor.go:182.2,183.1 2 0
github.com/zyvorai/transiva/providers/nutanix/executor.go:184.2,184.35 2 0
github.com/zyvorai/transiva/providers/nutanix/executor.go:185.3,186.1 1 0
github.com/zyvorai/transiva/providers/nutanix/executor.go:187.2,187.12 1 0
github.com/zyvorai/transiva/providers/nutanix/export.go:18.2,19.16 2 0
github.com/zyvorai/transiva/providers/nutanix/export.go:20.3,21.1 1 0
github.com/zyvorai/transiva/providers/nutanix/export.go:23.2,24.16 2 0
github.com/zyvorai/transiva/providers/nutanix/export.go:25.3,26.1 1 0
github.com/zyvorai/transiva/providers/nutanix/export.go:28.2,29.30 2 0
github.com/zyvorai/transiva/providers/nutanix/export.go:30.3,31.17 2 0
github.com/zyvorai/transiva/providers/nutanix/export.go:32.4,33.1 1 0
github.com/zyvorai/transiva/providers/nutanix/export.go:36.2,38.30 3 0
github.com/zyvorai/transiva/providers/nutanix/export.go:39.3,40.1 1 0
github.com/zyvorai/transiva/providers/nutanix/export.go:42.2,47.1 2 0
github.com/zyvorai/transiva/providers/nutanix/export.go:48.2,48.26 2 0
github.com/zyvorai/transiva/providers/nutanix/export.go:49.3,49.62 1 0
github.com/zyvorai/transiva/providers/nutanix/export.go:50.4,51.1 1 0
github.com/zyvorai/transiva/providers/nutanix/export.go:53.2,53.26 1 0
github.com/zyvorai/transiva/providers/nutanix/export.go:54.3,54.48 1 0
github.com/zyvorai/transiva/providers/nutanix/export.go:55.4,56.1 1 0
github.com/zyvorai/transiva/providers/nutanix/export.go:59.2,59.21 1 0
github.com/zyvorai/transiva/providers/nutanix/export.go:60.3,66.1 1 0
github.com/zyvorai/transiva/providers/nutanix/export.go:68.2,69.16 2 0
github.com/zyvorai/transiva/providers/nutanix/export.go:70.3,71.1 1 0
github.com/zyvorai/transiva/providers/nutanix/export.go:73.2,74.1 2 0
github.com/zyvorai/transiva/providers/nutanix/export.go:75.2,75.80 2 0
github.com/zyvorai/transiva/providers/nutanix/export.go:76.3,77.1 1 0
github.com/zyvorai/transiva/providers/nutanix/export.go:79.2,79.20 1 0
github.com/zyvorai/transiva/providers/nutanix/export.go:84.2,87.1 1 1
github.com/zyvorai/transiva/providers/nutanix/export.go:91.2,92.22 2 0
github.com/zyvorai/transiva/providers/nutanix/export.go:93.3,94.1 1 0
github.com/zyvorai/transiva/providers/nutanix/export.go:96.2,97.16 2 0
github.com/zyvorai/transiva/providers/nutanix/export.go:98.3,99.1 1 0
github.com/zyvorai/transiva/providers/nutanix/export.go:101.2,102.22 2 0
github.com/zyvorai/transiva/providers/nutanix/export.go:103.3,104.1 1 0
github.com/zyvorai/transiva/providers/nutanix/export.go:105.2,105.23 1 0
github.com/zyvorai/transiva/providers/nutanix/export.go:106.3,107.1 1 0
github.com/zyvorai/transiva/providers/nutanix/export.go:109.2,109.32 1 0
github.com/zyvorai/transiva/providers/nutanix/export.go:110.3,110.74 1 0
github.com/zyvorai/transiva/providers/nutanix/export.go:111.4,112.1 1 0
github.com/zyvorai/transiva/providers/nutanix/export.go:114.2,114.23 1 0
github.com/zyvorai/transiva/providers/nutanix/export.go:115.3,116.1 1 0
github.com/zyvorai/transiva/providers/nutanix/export.go:118.2,119.32 2 0
github.com/zyvorai/transiva/providers/nutanix/export.go:120.3,121.1 1 0
github.com/zyvorai/transiva/providers/nutanix/export.go:122.2,123.55 1 0
github.com/zyvorai/transiva/providers/nutanix/export.go:127.2,128.24 2 1
github.com/zyvorai/transiva/providers/nutanix/export.go:129.3,130.1 1 0
github.com/zyvorai/transiva/providers/nutanix/export.go:131.2,131.20 1 1
github.com/zyvorai/transiva/providers/nutanix/export.go:135.2,137.36 3 0
github.com/zyvorai/transiva/providers/nutanix/export.go:138.3,138.28 1 0
github.com/zyvorai/transiva/providers/nutanix/export.go:139.4,140.1 1 0
github.com/zyvorai/transiva/providers/nutanix/export.go:141.3,141.26 1 0
github.com/zyvorai/transiva/providers/nutanix/export.go:143.2,143.31 1 0
github.com/zyvorai/transiva/providers/nutanix/export.go:144.3,145.1 1 0
github.com/zyvorai/transiva/providers/nutanix/export.go:147.2,148.31 2 0
github.com/zyvorai/transiva/providers/nutanix/export.go:149.3,150.1 1 0
github.com/zyvorai/transiva/providers/nutanix/export.go:152.2,156.1 2 0
github.com/zyvorai/transiva/providers/nutanix/export.go:157.2,157.31 2 0
github.com/zyvorai/transiva/providers/nutanix/export.go:158.3,159.1 1 0
github.com/zyvorai/transiva/providers/nutanix/export.go:161.2,171.1 1 0
github.com/zyvorai/transiva/providers/nutanix/export.go:175.2,175.28 1 0
github.com/zyvorai/transiva/providers/nutanix/export.go:176.3,177.1 1 0
github.com/zyvorai/transiva/providers/nutanix/export.go:178.2,178.63 1 0
github.com/zyvorai/transiva/providers/nutanix/export.go:182.2,183.24 2 0
github.com/zyvorai/transiva/providers/nutanix/export.go:184.3,185.1 1 0
github.com/zyvorai/transiva/providers/nutanix/export.go:187.2,187.21 1 0
github.com/zyvorai/transiva/providers/nutanix/export.go:188.3,189.1 1 0
github.com/zyvorai/transiva/providers/nutanix/export.go:191.2,194.1 6 0
github.com/zyvorai/transiva/providers/nutanix/export.go:195.2,196.1 6 0
github.com/zyvorai/transiva/providers/nutanix/export.go:197.2,198.32 6 0
github.com/zyvorai/transiva/providers/nutanix/export.go:199.3,202.1 3 0
github.com/zyvorai/transiva/providers/nutanix/export.go:204.2,205.28 2 0
github.com/zyvorai/transiva/providers/nutanix/export.go:206.3,207.1 1 0
github.com/zyvorai/transiva/providers/nutanix/export.go:208.2,208.16 1 0
github.com/zyvorai/transiva/providers/nutanix/export.go:209.3,209.22 1 0
github.com/zyvorai/transiva/providers/nutanix/export.go:210.4,211.1 1 0
github.com/zyvorai/transiva/providers/nutanix/export.go:212.3,214.9 3 0
github.com/zyvorai/transiva/providers/nutanix/export.go:217.2,219.37 3 0
github.com/zyvorai/transiva/providers/nutanix/export.go:220.3,221.1 1 0
github.com/zyvorai/transiva/providers/nutanix/export.go:222.2,222.40 1 0
github.com/zyvorai/transiva/providers/nutanix/export.go:223.3,224.1 1 0
github.com/zyvorai/transiva/providers/nutanix/export_options.go:26.2,28.1 2 2
github.com/zyvorai/transiva/providers/nutanix/export_options.go:30.2,30.39 2 2
github.com/zyvorai/transiva/providers/nutanix/export_options.go:31.3,32.1 1 2
github.com/zyvorai/transiva/providers/nutanix/export_options.go:33.2,33.26 1 2
github.com/zyvorai/transiva/providers/nutanix/export_options.go:34.3,35.1 1 1
github.com/zyvorai/transiva/providers/nutanix/export_options.go:37.2,37.27 1 2
github.com/zyvorai/transiva/providers/nutanix/export_options.go:38.3,39.1 1 1
github.com/zyvorai/transiva/providers/nutanix/export_options.go:40.2,40.23 1 2
github.com/zyvorai/transiva/providers/nutanix/export_options.go:41.3,42.1 1 1
github.com/zyvorai/transiva/providers/nutanix/export_options.go:44.2,44.25 1 2
github.com/zyvorai/transiva/providers/nutanix/export_options.go:45.3,46.1 1 0
github.com/zyvorai/transiva/providers/nutanix/export_options.go:47.2,47.26 1 2
github.com/zyvorai/transiva/providers/nutanix/export_options.go:48.3,49.1 1 1
github.com/zyvorai/transiva/providers/nutanix/export_options.go:50.2,50.50 1 1
github.com/zyvorai/transiva/providers/nutanix/export_options.go:51.3,52.1 1 0
github.com/zyvorai/transiva/providers/nutanix/export_options.go:54.2,54.17 1 1
github.com/zyvorai/transiva/providers/nutanix/export_options.go:58.2,58.49 1 2
github.com/zyvorai/transiva/providers/nutanix/export_options.go:59.3,60.1 1 2
github.com/zyvorai/transiva/providers/nutanix/export_options.go:61.2,61.52 1 2
github.com/zyvorai/transiva/providers/nutanix/export_options.go:62.3,63.1 1 1
github.com/zyvorai/transiva/providers/nutanix/export_options.go:64.2,64.86 1 2
github.com/zyvorai/transiva/providers/nutanix/export_options.go:65.3,66.1 1 1
github.com/zyvorai/transiva/providers/nutanix/export_options.go:67.2,67.55 1 2
github.com/zyvorai/transiva/providers/nutanix/export_options.go:68.3,69.1 1 0
github.com/zyvorai/transiva/providers/nutanix/export_options.go:70.2,70.52 1 2
github.com/zyvorai/transiva/providers/nutanix/export_options.go:71.3,72.1 1 1
github.com/zyvorai/transiva/providers/nutanix/export_options.go:73.2,73.57 1 2
github.com/zyvorai/transiva/providers/nutanix/export_options.go:74.3,75.1 1 0
github.com/zyvorai/transiva/providers/nutanix/export_options.go:76.2,76.44 1 2
github.com/zyvorai/transiva/providers/nutanix/export_options.go:80.2,80.86 1 1
github.com/zyvorai/transiva/providers/nutanix/export_options.go:81.3,82.1 1 1
github.com/zyvorai/transiva/providers/nutanix/export_options.go:83.2,83.49 1 1
github.com/zyvorai/transiva/providers/nutanix/export_options.go:84.3,85.1 1 0
github.com/zyvorai/transiva/providers/nutanix/export_options.go:86.2,86.67 1 1
github.com/zyvorai/transiva/providers/nutanix/export_options.go:87.3,88.1 1 0
github.com/zyvorai/transiva/providers/nutanix/export_options.go:89.2,89.44 1 1
github.com/zyvorai/transiva/providers/nutanix/export_options.go:90.3,91.1 1 0
github.com/zyvorai/transiva/providers/nutanix/export_options.go:92.2,92.55 1 1
github.com/zyvorai/transiva/providers/nutanix/export_options.go:93.3,94.1 1 0
github.com/zyvorai/transiva/providers/nutanix/export_options.go:95.2,95.68 1 1
github.com/zyvorai/transiva/providers/nutanix/export_options.go:96.3,97.1 1 0
github.com/zyvorai/transiva/providers/nutanix/export_options.go:98.2,98.57 1 1
github.com/zyvorai/transiva/providers/nutanix/export_options.go:99.3,100.1 1 0
github.com/zyvorai/transiva/providers/nutanix/export_options.go:101.2,101.44 1 1
github.com/zyvorai/transiva/providers/nutanix/export_options.go:105.2,105.53 1 3
github.com/zyvorai/transiva/providers/nutanix/export_options.go:106.3,107.1 1 0
github.com/zyvorai/transiva/providers/nutanix/export_options.go:108.2,108.56 1 3
github.com/zyvorai/transiva/providers/nutanix/export_options.go:109.3,110.1 1 0
github.com/zyvorai/transiva/providers/nutanix/export_options.go:111.2,111.50 1 3
github.com/zyvorai/transiva/providers/nutanix/export_options.go:112.3,113.1 1 0
github.com/zyvorai/transiva/providers/nutanix/export_options.go:114.2,114.55 1 3
github.com/zyvorai/transiva/providers/nutanix/export_options.go:115.3,116.1 1 0
github.com/zyvorai/transiva/providers/nutanix/export_options.go:117.2,117.53 1 3
github.com/zyvorai/transiva/providers/nutanix/export_options.go:118.3,119.1 1 0
github.com/zyvorai/transiva/providers/nutanix/export_options.go:120.2,120.67 1 3
github.com/zyvorai/transiva/providers/nutanix/export_options.go:121.3,122.1 1 0
github.com/zyvorai/transiva/providers/nutanix/export_options.go:123.2,123.76 1 3
github.com/zyvorai/transiva/providers/nutanix/export_options.go:124.3,125.1 1 0
github.com/zyvorai/transiva/providers/nutanix/export_options.go:126.2,126.78 1 3
github.com/zyvorai/transiva/providers/nutanix/export_options.go:127.3,128.1 1 0
github.com/zyvorai/transiva/providers/nutanix/export_options.go:129.2,129.80 1 3
github.com/zyvorai/transiva/providers/nutanix/export_options.go:130.3,131.1 1 0
github.com/zyvorai/transiva/providers/nutanix/export_options.go:132.2,132.83 1 3
github.com/zyvorai/transiva/providers/nutanix/export_options.go:133.3,134.1 1 0
github.com/zyvorai/transiva/providers/nutanix/export_options.go:135.2,135.78 1 3
github.com/zyvorai/transiva/providers/nutanix/export_options.go:136.3,137.1 1 0
github.com/zyvorai/transiva/providers/nutanix/export_options.go:141.2,141.16 1 5
github.com/zyvorai/transiva/providers/nutanix/export_options.go:142.3,143.1 1 1
github.com/zyvorai/transiva/providers/nutanix/export_options.go:145.2,145.25 1 4
github.com/zyvorai/transiva/providers/nutanix/export_options.go:147.3,147.16 1 0
github.com/zyvorai/transiva/providers/nutanix/export_options.go:149.3,149.26 1 1
github.com/zyvorai/transiva/providers/nutanix/export_options.go:151.3,152.25 2 1
github.com/zyvorai/transiva/providers/nutanix/export_options.go:153.4,154.44 2 1
github.com/zyvorai/transiva/providers/nutanix/export_options.go:155.5,156.1 1 0
github.com/zyvorai/transiva/providers/nutanix/export_options.go:157.4,157.15 1 1
github.com/zyvorai/transiva/providers/nutanix/export_options.go:159.3,159.16 1 1
github.com/zyvorai/transiva/providers/nutanix/export_options.go:161.3,161.26 1 1
github.com/zyvorai/transiva/providers/nutanix/export_options.go:163.3,164.26 2 0
github.com/zyvorai/transiva/providers/nutanix/export_options.go:165.4,166.11 2 0
github.com/zyvorai/transiva/providers/nutanix/export_options.go:167.5,168.1 1 0
github.com/zyvorai/transiva/providers/nutanix/export_options.go:169.4,169.28 1 0
github.com/zyvorai/transiva/providers/nutanix/export_options.go:171.3,171.30 1 0
github.com/zyvorai/transiva/providers/nutanix/export_options.go:173.3,174.30 2 1
github.com/zyvorai/transiva/providers/nutanix/export_options.go:176.3,176.60 1 0
github.com/zyvorai/transiva/providers/nutanix/export_options.go:181.2,181.27 1 21
github.com/zyvorai/transiva/providers/nutanix/export_options.go:182.3,183.10 2 31
github.com/zyvorai/transiva/providers/nutanix/export_options.go:184.4,184.12 1 28
github.com/zyvorai/transiva/providers/nutanix/export_options.go:186.3,187.39 2 3
github.com/zyvorai/transiva/providers/nutanix/export_options.go:188.4,189.1 1 3
github.com/zyvorai/transiva/providers/nutanix/export_options.go:191.2,191.18 1 18
github.com/zyvorai/transiva/providers/nutanix/export_options.go:195.2,195.27 1 19
github.com/zyvorai/transiva/providers/nutanix/export_options.go:196.3,197.10 2 23
github.com/zyvorai/transiva/providers/nutanix/export_options.go:198.4,198.12 1 22
github.com/zyvorai/transiva/providers/nutanix/export_options.go:200.3,200.24 1 1
github.com/zyvorai/transiva/providers/nutanix/export_options.go:202.4,202.18 1 1
github.com/zyvorai/transiva/providers/nutanix/export_options.go:204.4,204.49 1 0
github.com/zyvorai/transiva/providers/nutanix/export_options.go:206.5,206.22 1 0
github.com/zyvorai/transiva/providers/nutanix/export_options.go:208.5,208.23 1 0
github.com/zyvorai/transiva/providers/nutanix/export_options.go:212.2,212.21 1 18
github.com/zyvorai/transiva/providers/nutanix/export_options.go:216.2,216.27 1 6
github.com/zyvorai/transiva/providers/nutanix/export_options.go:217.3,218.10 2 12
github.com/zyvorai/transiva/providers/nutanix/export_options.go:219.4,219.12 1 12
github.com/zyvorai/transiva/providers/nutanix/export_options.go:221.3,221.24 1 0
github.com/zyvorai/transiva/providers/nutanix/export_options.go:223.4,223.18 1 0
github.com/zyvorai/transiva/providers/nutanix/export_options.go:225.4,225.23 1 0
github.com/zyvorai/transiva/providers/nutanix/export_options.go:227.4,227.23 1 0
github.com/zyvorai/transiva/providers/nutanix/export_options.go:230.2,230.17 1 6
github.com/zyvorai/transiva/providers/nutanix/export_options.go:234.2,234.27 1 4
github.com/zyvorai/transiva/providers/nutanix/export_options.go:235.3,236.10 2 4
github.com/zyvorai/transiva/providers/nutanix/export_options.go:237.4,237.12 1 3
github.com/zyvorai/transiva/providers/nutanix/export_options.go:239.3,239.24 1 1
github.com/zyvorai/transiva/providers/nutanix/export_options.go:241.4,241.18 1 0
github.com/zyvorai/transiva/providers/nutanix/export_options.go:243.4,243.56 1 1
github.com/zyvorai/transiva/providers/nutanix/export_options.go:244.5,245.1 1 1
github.com/zyvorai/transiva/providers/nutanix/export_options.go:247.4,247.47 1 0
github.com/zyvorai/transiva/providers/nutanix/export_options.go:249.4,249.47 1 0
github.com/zyvorai/transiva/providers/nutanix/export_options.go:251.4,251.47 1 0
github.com/zyvorai/transiva/providers/nutanix/export_options.go:254.2,254.17 1 3
github.com/zyvorai/transiva/providers/nutanix/inventory.go:11.2,11.15 1 1
github.com/zyvorai/transiva/providers/nutanix/inventory.go:12.3,13.1 1 0
github.com/zyvorai/transiva/providers/nutanix/inventory.go:15.2,21.1 2 1
github.com/zyvorai/transiva/providers/nutanix/inventory.go:22.2,22.20 2 1
github.com/zyvorai/transiva/providers/nutanix/inventory.go:23.3,25.1 2 1
github.com/zyvorai/transiva/providers/nutanix/inventory.go:26.2,26.24 1 1
github.com/zyvorai/transiva/providers/nutanix/inventory.go:27.3,27.52 1 1
github.com/zyvorai/transiva/providers/nutanix/inventory.go:28.4,29.1 1 0
github.com/zyvorai/transiva/providers/nutanix/inventory.go:30.3,30.60 1 1
github.com/zyvorai/transiva/providers/nutanix/inventory.go:31.4,32.1 1 0
github.com/zyvorai/transiva/providers/nutanix/inventory.go:33.3,33.51 1 1
github.com/zyvorai/transiva/providers/nutanix/inventory.go:34.4,35.1 1 0
github.com/zyvorai/transiva/providers/nutanix/inventory.go:36.3,36.55 1 1
github.com/zyvorai/transiva/providers/nutanix/inventory.go:38.2,38.27 1 1
github.com/zyvorai/transiva/providers/nutanix/inventory.go:39.3,40.1 1 0
github.com/zyvorai/transiva/providers/nutanix/inventory.go:41.2,41.24 1 1
github.com/zyvorai/transiva/providers/nutanix/inventory.go:42.3,43.1 1 1
github.com/zyvorai/transiva/providers/nutanix/inventory.go:44.2,44.12 1 1
github.com/zyvorai/transiva/providers/nutanix/manifest.go:16.2,16.21 1 1
github.com/zyvorai/transiva/providers/nutanix/manifest.go:17.3,18.1 1 0
github.com/zyvorai/transiva/providers/nutanix/manifest.go:19.2,19.18 1 1
github.com/zyvorai/transiva/providers/nutanix/manifest.go:20.3,21.1 1 0
github.com/zyvorai/transiva/providers/nutanix/manifest.go:23.2,24.36 2 1
github.com/zyvorai/transiva/providers/nutanix/manifest.go:25.3,26.1 1 0
github.com/zyvorai/transiva/providers/nutanix/manifest.go:28.2,29.19 2 1
github.com/zyvorai/transiva/providers/nutanix/manifest.go:30.3,31.1 1 1
github.com/zyvorai/transiva/providers/nutanix/manifest.go:33.2,36.1 4 1
github.com/zyvorai/transiva/providers/nutanix/manifest.go:37.2,39.1 4 1
github.com/zyvorai/transiva/providers/nutanix/manifest.go:40.2,40.29 4 1
github.com/zyvorai/transiva/providers/nutanix/manifest.go:41.3,41.28 1 1
github.com/zyvorai/transiva/providers/nutanix/manifest.go:42.4,43.1 1 0
github.com/zyvorai/transiva/providers/nutanix/manifest.go:44.3,44.53 1 1
github.com/zyvorai/transiva/providers/nutanix/manifest.go:45.4,46.1 1 0
github.com/zyvorai/transiva/providers/nutanix/manifest.go:48.3,49.13 2 1
github.com/zyvorai/transiva/providers/nutanix/manifest.go:50.4,51.1 1 1
github.com/zyvorai/transiva/providers/nutanix/manifest.go:53.3,54.37 2 1
github.com/zyvorai/transiva/providers/nutanix/manifest.go:55.4,56.1 1 0
github.com/zyvorai/transiva/providers/nutanix/manifest.go:58.3,58.90 1 1
github.com/zyvorai/transiva/providers/nutanix/manifest.go:61.2,62.16 2 1
github.com/zyvorai/transiva/providers/nutanix/manifest.go:63.3,64.1 1 0
github.com/zyvorai/transiva/providers/nutanix/manifest.go:66.2,66.29 1 1
github.com/zyvorai/transiva/providers/nutanix/manifest.go:67.3,67.56 1 1
github.com/zyvorai/transiva/providers/nutanix/manifest.go:68.4,69.1 1 1
github.com/zyvorai/transiva/providers/nutanix/manifest.go:72.2,72.22 1 1
github.com/zyvorai/transiva/providers/nutanix/manifest.go:77.2,78.29 2 3
github.com/zyvorai/transiva/providers/nutanix/manifest.go:79.3,80.17 2 5
github.com/zyvorai/transiva/providers/nutanix/manifest.go:81.4,81.12 1 0
github.com/zyvorai/transiva/providers/nutanix/manifest.go:83.3,84.58 2 5
github.com/zyvorai/transiva/providers/nutanix/manifest.go:85.4,86.1 1 0
github.com/zyvorai/transiva/providers/nutanix/manifest.go:87.3,87.25 1 5
github.com/zyvorai/transiva/providers/nutanix/manifest.go:89.2,89.17 1 3
github.com/zyvorai/transiva/providers/nutanix/manifest.go:90.3,91.1 1 0
github.com/zyvorai/transiva/providers/nutanix/manifest.go:92.2,92.15 1 3
github.com/zyvorai/transiva/providers/nutanix/pickup.go:38.2,48.1 2 2
github.com/zyvorai/transiva/providers/nutanix/pickup.go:50.2,50.32 2 2
github.com/zyvorai/transiva/providers/nutanix/pickup.go:51.3,52.34 2 2
github.com/zyvorai/transiva/providers/nutanix/pickup.go:53.4,56.1 2 2
github.com/zyvorai/transiva/providers/nutanix/pickup.go:57.4,57.57 2 2
github.com/zyvorai/transiva/providers/nutanix/pickup.go:58.5,59.1 1 2
github.com/zyvorai/transiva/providers/nutanix/pickup.go:60.4,60.37 1 2
github.com/zyvorai/transiva/providers/nutanix/pickup.go:62.3,62.35 1 2
github.com/zyvorai/transiva/providers/nutanix/pickup.go:65.2,65.13 1 2
github.com/zyvorai/transiva/providers/nutanix/pickup.go:70.2,71.1 1 5
github.com/zyvorai/transiva/providers/nutanix/pickup.go:75.2,75.17 1 0
github.com/zyvorai/transiva/providers/nutanix/pickup.go:76.3,77.1 1 0
github.com/zyvorai/transiva/providers/nutanix/pickup.go:78.2,79.23 2 0
github.com/zyvorai/transiva/providers/nutanix/pickup.go:80.3,81.1 1 0
github.com/zyvorai/transiva/providers/nutanix/pickup.go:82.2,82.32 1 0
github.com/zyvorai/transiva/providers/nutanix/pickup.go:87.2,87.25 1 2
github.com/zyvorai/transiva/providers/nutanix/pickup.go:89.3,89.11 1 1
github.com/zyvorai/transiva/providers/nutanix/pickup.go:91.3,92.26 2 1
github.com/zyvorai/transiva/providers/nutanix/pickup.go:93.4,93.28 1 1
github.com/zyvorai/transiva/providers/nutanix/pickup.go:95.5,95.25 1 0
github.com/zyvorai/transiva/providers/nutanix/pickup.go:97.5,97.52 1 1
github.com/zyvorai/transiva/providers/nutanix/pickup.go:98.6,99.1 1 1
github.com/zyvorai/transiva/providers/nutanix/pickup.go:102.3,102.13 1 1
github.com/zyvorai/transiva/providers/nutanix/pickup.go:104.3,105.17 2 0
github.com/zyvorai/transiva/providers/nutanix/pickup.go:106.4,107.1 1 0
github.com/zyvorai/transiva/providers/nutanix/pickup.go:108.3,109.54 2 0
github.com/zyvorai/transiva/providers/nutanix/pickup.go:110.4,111.1 1 0
github.com/zyvorai/transiva/providers/nutanix/pickup.go:112.3,112.15 1 0
github.com/zyvorai/transiva/providers/nutanix/pickup.go:117.2,118.16 2 1
github.com/zyvorai/transiva/providers/nutanix/pickup.go:119.3,120.1 1 0
github.com/zyvorai/transiva/providers/nutanix/pickup.go:121.2,122.52 2 1
github.com/zyvorai/transiva/providers/nutanix/pickup.go:123.3,124.1 1 0
github.com/zyvorai/transiva/providers/nutanix/pickup.go:125.2,125.18 1 1
github.com/zyvorai/transiva/providers/nutanix/pickup_paths.go:35.2,35.17 1 1
github.com/zyvorai/transiva/providers/nutanix/pickup_paths.go:36.3,37.1 1 0
github.com/zyvorai/transiva/providers/nutanix/pickup_paths.go:38.2,38.30 1 1
github.com/zyvorai/transiva/providers/nutanix/pickup_paths.go:39.3,39.41 1 1
github.com/zyvorai/transiva/providers/nutanix/pickup_paths.go:40.4,41.1 1 1
github.com/zyvorai/transiva/providers/nutanix/pickup_paths.go:43.2,43.30 1 0
github.com/zyvorai/transiva/providers/nutanix/pickup_paths.go:44.3,44.41 1 0
github.com/zyvorai/transiva/providers/nutanix/pickup_paths.go:45.4,46.1 1 0
github.com/zyvorai/transiva/providers/nutanix/pickup_paths.go:48.2,48.102 1 0
github.com/zyvorai/transiva/providers/nutanix/pickup_paths.go:53.2,53.21 1 1
github.com/zyvorai/transiva/providers/nutanix/pickup_paths.go:54.3,55.1 1 0
github.com/zyvorai/transiva/providers/nutanix/pickup_paths.go:56.2,58.16 3 1
github.com/zyvorai/transiva/providers/nutanix/pickup_paths.go:59.3,60.1 1 0
github.com/zyvorai/transiva/providers/nutanix/pickup_paths.go:61.2,61.19 1 1
github.com/zyvorai/transiva/providers/nutanix/pickup_paths.go:62.3,62.22 1 0
github.com/zyvorai/transiva/providers/nutanix/pickup_paths.go:63.4,64.1 1 0
github.com/zyvorai/transiva/providers/nutanix/pickup_paths.go:65.3,65.55 1 0
github.com/zyvorai/transiva/providers/nutanix/pickup_paths.go:68.2,69.83 2 1
github.com/zyvorai/transiva/providers/nutanix/pickup_paths.go:70.3,70.21 1 3
github.com/zyvorai/transiva/providers/nutanix/pickup_paths.go:71.4,72.1 1 0
github.com/zyvorai/transiva/providers/nutanix/pickup_paths.go:73.3,73.17 1 3
github.com/zyvorai/transiva/providers/nutanix/pickup_paths.go:74.4,75.1 1 1
github.com/zyvorai/transiva/providers/nutanix/pickup_paths.go:76.3,77.74 2 2
github.com/zyvorai/transiva/providers/nutanix/pickup_paths.go:78.4,79.1 1 1
github.com/zyvorai/transiva/providers/nutanix/pickup_paths.go:80.3,80.28 1 1
github.com/zyvorai/transiva/providers/nutanix/pickup_paths.go:81.4,82.1 1 0
github.com/zyvorai/transiva/providers/nutanix/pickup_paths.go:83.3,84.13 2 1
github.com/zyvorai/transiva/providers/nutanix/pickup_paths.go:86.2,86.16 1 1
github.com/zyvorai/transiva/providers/nutanix/pickup_paths.go:87.3,88.1 1 0
github.com/zyvorai/transiva/providers/nutanix/pickup_paths.go:89.2,89.26 1 1
github.com/zyvorai/transiva/providers/nutanix/pickup_paths.go:90.3,91.1 1 0
github.com/zyvorai/transiva/providers/nutanix/pickup_paths.go:93.2,95.31 3 1
github.com/zyvorai/transiva/providers/nutanix/pickup_paths.go:96.3,97.24 2 1
github.com/zyvorai/transiva/providers/nutanix/pickup_paths.go:98.4,100.1 2 1
github.com/zyvorai/transiva/providers/nutanix/pickup_paths.go:102.2,102.18 1 1
github.com/zyvorai/transiva/providers/nutanix/pickup_paths.go:106.2,108.9 3 1
github.com/zyvorai/transiva/providers/nutanix/pickup_paths.go:110.3,110.15 1 1
github.com/zyvorai/transiva/providers/nutanix/pickup_paths.go:112.3,112.14 1 0
github.com/zyvorai/transiva/providers/nutanix/pickup_paths.go:114.3,114.14 1 0
github.com/zyvorai/transiva/providers/nutanix/pickup_paths.go:116.3,116.14 1 0
github.com/zyvorai/transiva/providers/nutanix/pickup_paths.go:118.3,118.14 1 0
github.com/zyvorai/transiva/providers/nutanix/pickup_paths.go:120.2,120.44 1 1
github.com/zyvorai/transiva/providers/nutanix/pickup_paths.go:121.3,122.1 1 1
github.com/zyvorai/transiva/providers/nutanix/pickup_paths.go:123.2,123.14 1 1
github.com/zyvorai/transiva/providers/nutanix/pickup_paths.go:128.2,131.15 4 0
github.com/zyvorai/transiva/providers/nutanix/pickup_paths.go:132.3,133.1 1 0
github.com/zyvorai/transiva/providers/nutanix/pickup_paths.go:134.2,134.59 1 0
github.com/zyvorai/transiva/providers/nutanix/pickup_paths.go:138.2,140.15 3 0
github.com/zyvorai/transiva/providers/nutanix/pickup_paths.go:141.3,142.1 1 0
github.com/zyvorai/transiva/providers/nutanix/pickup_paths.go:143.2,143.12 1 0
github.com/zyvorai/transiva/providers/nutanix/progress.go:30.2,31.17 2 3
github.com/zyvorai/transiva/providers/nutanix/progress.go:32.3,33.1 1 1
github.com/zyvorai/transiva/providers/nutanix/progress.go:34.2,35.16 2 2
github.com/zyvorai/transiva/providers/nutanix/progress.go:36.3,37.1 1 0
github.com/zyvorai/transiva/providers/nutanix/progress.go:38.2,38.18 1 2
github.com/zyvorai/transiva/providers/nutanix/progress.go:42.2,42.35 1 0
github.com/zyvorai/transiva/providers/nutanix/progress.go:43.3,44.1 1 0
github.com/zyvorai/transiva/providers/nutanix/progress.go:45.2,46.21 2 0
github.com/zyvorai/transiva/providers/nutanix/progress.go:47.3,47.58 1 0
github.com/zyvorai/transiva/providers/nutanix/progress.go:48.4,49.1 1 0
github.com/zyvorai/transiva/providers/nutanix/progress.go:54.2,54.26 1 0
github.com/zyvorai/transiva/providers/nutanix/progress.go:55.3,56.1 1 0
github.com/zyvorai/transiva/providers/nutanix/progress.go:60.2,60.20 1 1
github.com/zyvorai/transiva/providers/nutanix/progress.go:61.3,62.1 1 0
github.com/zyvorai/transiva/providers/nutanix/progress.go:63.2,63.80 1 1
github.com/zyvorai/transiva/providers/nutanix/provider.go:26.2,36.1 2 0
github.com/zyvorai/transiva/providers/nutanix/provider.go:38.2,38.25 2 0
github.com/zyvorai/transiva/providers/nutanix/provider.go:39.3,39.63 1 0
github.com/zyvorai/transiva/providers/nutanix/provider.go:40.4,41.1 1 0
github.com/zyvorai/transiva/providers/nutanix/provider.go:42.3,42.51 1 0
github.com/zyvorai/transiva/providers/nutanix/provider.go:43.4,44.1 1 0
github.com/zyvorai/transiva/providers/nutanix/provider.go:45.3,45.60 1 0
github.com/zyvorai/transiva/providers/nutanix/provider.go:46.4,47.1 1 0
github.com/zyvorai/transiva/providers/nutanix/provider.go:48.3,48.65 1 0
github.com/zyvorai/transiva/providers/nutanix/provider.go:49.4,50.1 1 0
github.com/zyvorai/transiva/providers/nutanix/provider.go:53.2,53.26 1 0
github.com/zyvorai/transiva/providers/nutanix/provider.go:54.3,55.1 1 0
github.com/zyvorai/transiva/providers/nutanix/provider.go:57.2,59.16 3 0
github.com/zyvorai/transiva/providers/nutanix/provider.go:60.3,61.1 1 0
github.com/zyvorai/transiva/providers/nutanix/provider.go:63.2,68.8 1 0
github.com/zyvorai/transiva/providers/nutanix/provider.go:73.2,74.1 1 1
github.com/zyvorai/transiva/providers/nutanix/provider.go:78.2,79.1 1 1
github.com/zyvorai/transiva/providers/nutanix/provider.go:83.2,84.1 1 0
github.com/zyvorai/transiva/providers/nutanix/provider.go:88.2,89.1 1 0
github.com/zyvorai/transiva/providers/nutanix/provider.go:93.2,96.16 4 0
github.com/zyvorai/transiva/providers/nutanix/provider.go:97.3,98.1 1 0
github.com/zyvorai/transiva/providers/nutanix/provider.go:99.2,99.12 1 0
github.com/zyvorai/transiva/providers/nutanix/provider.go:104.2,105.27 2 0
github.com/zyvorai/transiva/providers/nutanix/provider.go:106.3,107.1 1 0
github.com/zyvorai/transiva/providers/nutanix/provider.go:109.2,110.16 2 0
github.com/zyvorai/transiva/providers/nutanix/provider.go:111.3,112.1 1 0
github.com/zyvorai/transiva/providers/nutanix/provider.go:114.2,115.32 2 0
github.com/zyvorai/transiva/providers/nutanix/provider.go:116.3,117.37 2 0
github.com/zyvorai/transiva/providers/nutanix/provider.go:118.4,118.12 1 0
github.com/zyvorai/transiva/providers/nutanix/provider.go:120.3,120.28 1 0
github.com/zyvorai/transiva/providers/nutanix/provider.go:123.2,123.21 1 0
github.com/zyvorai/transiva/providers/nutanix/provider.go:124.3,125.1 1 0
github.com/zyvorai/transiva/providers/nutanix/provider.go:126.2,126.17 1 0
github.com/zyvorai/transiva/providers/nutanix/provider.go:131.2,132.16 2 0
github.com/zyvorai/transiva/providers/nutanix/provider.go:133.3,134.1 1 0
github.com/zyvorai/transiva/providers/nutanix/provider.go:135.2,136.20 2 0
github.com/zyvorai/transiva/providers/nutanix/provider.go:141.2,142.16 2 0
github.com/zyvorai/transiva/providers/nutanix/provider.go:143.3,144.1 1 0
github.com/zyvorai/transiva/providers/nutanix/provider.go:146.2,148.25 3 0
github.com/zyvorai/transiva/providers/nutanix/provider.go:149.3,150.57 1 0
github.com/zyvorai/transiva/providers/nutanix/provider.go:151.4,152.1 1 0
github.com/zyvorai/transiva/providers/nutanix/provider.go:154.2,154.21 1 0
github.com/zyvorai/transiva/providers/nutanix/provider.go:159.2,160.1 1 0
github.com/zyvorai/transiva/providers/nutanix/provider.go:164.2,165.1 1 0
github.com/zyvorai/transiva/providers/nutanix/provider.go:168.2,169.24 2 2
github.com/zyvorai/transiva/providers/nutanix/provider.go:171.3,171.20 1 2
github.com/zyvorai/transiva/providers/nutanix/provider.go:173.3,173.20 1 0
github.com/zyvorai/transiva/providers/nutanix/provider.go:175.3,175.22 1 0
github.com/zyvorai/transiva/providers/nutanix/provider.go:178.2,179.26 2 2
github.com/zyvorai/transiva/providers/nutanix/provider.go:180.3,181.1 1 1
github.com/zyvorai/transiva/providers/nutanix/provider.go:183.2,205.1 1 2
github.com/zyvorai/transiva/providers/nutanix/provider.go:209.2,209.30 1 2
github.com/zyvorai/transiva/providers/nutanix/provider.go:210.3,211.99 2 2
github.com/zyvorai/transiva/providers/nutanix/provider.go:212.4,213.1 1 1
github.com/zyvorai/transiva/providers/nutanix/provider.go:216.2,217.17 2 1
github.com/zyvorai/transiva/providers/nutanix/provider.go:218.3,219.1 1 1
github.com/zyvorai/transiva/providers/nutanix/provider.go:220.2,220.100 1 1
github.com/zyvorai/transiva/providers/nutanix/provider.go:221.3,222.1 1 0
github.com/zyvorai/transiva/providers/nutanix/provider.go:224.2,224.64 1 1
github.com/zyvorai/transiva/providers/nutanix/provider.go:225.3,226.1 1 0
github.com/zyvorai/transiva/providers/nutanix/provider.go:227.2,227.55 1 1
github.com/zyvorai/transiva/providers/nutanix/provider.go:228.3,229.1 1 0
github.com/zyvorai/transiva/providers/nutanix/provider.go:231.2,231.13 1 1
github.com/zyvorai/transiva/providers/nutanix/provider.go:235.2,235.27 1 0
github.com/zyvorai/transiva/providers/nutanix/provider.go:236.3,236.33 1 0
github.com/zyvorai/transiva/providers/nutanix/provider.go:237.4,238.1 1 0
github.com/zyvorai/transiva/providers/nutanix/provider.go:240.2,240.11 1 0
github.com/zyvorai/transiva/providers/nutanix/types.go:47.2,47.16 1 0
github.com/zyvorai/transiva/providers/nutanix/types.go:48.3,54.1 1 0
github.com/zyvorai/transiva/providers/nutanix/types.go:57.2,58.15 2 0
github.com/zyvorai/transiva/providers/nutanix/types.go:59.3,60.1 1 0
github.com/zyvorai/transiva/providers/nutanix/types.go:61.2,62.19 2 0
github.com/zyvorai/transiva/providers/nutanix/types.go:63.3,64.1 1 0
github.com/zyvorai/transiva/providers/nutanix/types.go:65.2,66.18 2 0
github.com/zyvorai/transiva/providers/nutanix/types.go:67.3,68.1 1 0
github.com/zyvorai/transiva/providers/nutanix/types.go:70.2,80.1 1 0
github.com/zyvorai/transiva/providers/proxmox/client.go:57.2,57.16 1 1
github.com/zyvorai/transiva/providers/proxmox/client.go:58.3,59.1 1 0
github.com/zyvorai/transiva/providers/proxmox/client.go:62.2,63.15 2 1
github.com/zyvorai/transiva/providers/proxmox/client.go:64.3,65.1 1 1
github.com/zyvorai/transiva/providers/proxmox/client.go:67.2,68.1 8 1
github.com/zyvorai/transiva/providers/proxmox/client.go:70.2,78.1 8 1
github.com/zyvorai/transiva/providers/proxmox/client.go:80.2,81.1 8 1
github.com/zyvorai/transiva/providers/proxmox/client.go:83.2,89.1 8 1
github.com/zyvorai/transiva/providers/proxmox/client.go:90.2,91.1 8 1
github.com/zyvorai/transiva/providers/proxmox/client.go:93.2,95.37 8 1
github.com/zyvorai/transiva/providers/proxmox/client.go:96.3,99.1 3 1
github.com/zyvorai/transiva/providers/proxmox/client.go:101.2,112.1 2 1
github.com/zyvorai/transiva/providers/proxmox/client.go:115.2,115.79 2 1
github.com/zyvorai/transiva/providers/proxmox/client.go:116.3,117.1 1 1
github.com/zyvorai/transiva/providers/proxmox/client.go:119.2,120.1 2 0
github.com/zyvorai/transiva/providers/proxmox/client.go:121.2,121.20 2 0
github.com/zyvorai/transiva/providers/proxmox/client.go:126.2,127.1 1 0
github.com/zyvorai/transiva/providers/proxmox/client.go:131.2,131.17 1 1
github.com/zyvorai/transiva/providers/proxmox/client.go:132.3,133.1 1 0
github.com/zyvorai/transiva/providers/proxmox/client.go:135.2,136.1 6 1
github.com/zyvorai/transiva/providers/proxmox/client.go:138.2,141.1 6 1
github.com/zyvorai/transiva/providers/proxmox/client.go:143.2,144.16 6 1
github.com/zyvorai/transiva/providers/proxmox/client.go:145.3,146.1 1 1
github.com/zyvorai/transiva/providers/proxmox/client.go:148.2,149.1 3 0
github.com/zyvorai/transiva/providers/proxmox/client.go:151.2,152.16 3 0
github.com/zyvorai/transiva/providers/proxmox/client.go:153.3,154.1 1 0
github.com/zyvorai/transiva/providers/proxmox/client.go:155.2,156.1 2 0
github.com/zyvorai/transiva/providers/proxmox/client.go:157.2,157.38 2 0
github.com/zyvorai/transiva/providers/proxmox/client.go:158.3,160.1 2 0
github.com/zyvorai/transiva/providers/proxmox/client.go:163.2,164.69 2 0
github.com/zyvorai/transiva/providers/proxmox/client.go:165.3,166.1 1 0
github.com/zyvorai/transiva/providers/proxmox/client.go:168.2,170.1 4 0
github.com/zyvorai/transiva/providers/proxmox/client.go:171.2,174.1 4 0
github.com/zyvorai/transiva/providers/proxmox/client.go:175.2,175.12 4 0
github.com/zyvorai/transiva/providers/proxmox/client.go:180.2,181.1 3 0
github.com/zyvorai/transiva/providers/proxmox/client.go:182.2,183.16 3 0
github.com/zyvorai/transiva/providers/proxmox/client.go:184.3,185.1 1 0
github.com/zyvorai/transiva/providers/proxmox/client.go:188.2,189.1 2 0
github.com/zyvorai/transiva/providers/proxmox/client.go:191.2,191.21 2 0
github.com/zyvorai/transiva/providers/proxmox/client.go:192.3,193.1 1 0
github.com/zyvorai/transiva/providers/proxmox/client.go:196.2,196.41 1 0
github.com/zyvorai/transiva/providers/proxmox/client.go:197.3,197.18 1 0
github.com/zyvorai/transiva/providers/proxmox/client.go:198.4,199.1 1 0
github.com/zyvorai/transiva/providers/proxmox/client.go:202.2,203.1 3 0
github.com/zyvorai/transiva/providers/proxmox/client.go:204.2,205.16 3 0
github.com/zyvorai/transiva/providers/proxmox/client.go:206.3,207.1 1 0
github.com/zyvorai/transiva/providers/proxmox/client.go:209.2,209.18 1 0
github.com/zyvorai/transiva/providers/proxmox/client.go:214.2,215.16 2 0
github.com/zyvorai/transiva/providers/proxmox/client.go:216.3,217.1 1 0
github.com/zyvorai/transiva/providers/proxmox/client.go:218.2,219.1 2 0
github.com/zyvorai/transiva/providers/proxmox/client.go:220.2,220.38 2 0
github.com/zyvorai/transiva/providers/proxmox/client.go:221.3,223.1 2 0
github.com/zyvorai/transiva/providers/proxmox/client.go:225.2,227.1 2 0
github.com/zyvorai/transiva/providers/proxmox/client.go:229.2,229.68 2 0
github.com/zyvorai/transiva/providers/proxmox/client.go:230.3,231.1 1 0
github.com/zyvorai/transiva/providers/proxmox/client.go:233.2,233.26 1 0
github.com/zyvorai/transiva/providers/proxmox/client.go:254.2,255.1 3 0
github.com/zyvorai/transiva/providers/proxmox/client.go:256.2,257.16 3 0
github.com/zyvorai/transiva/providers/proxmox/client.go:258.3,259.1 1 0
github.com/zyvorai/transiva/providers/proxmox/client.go:260.2,261.1 2 0
github.com/zyvorai/transiva/providers/proxmox/client.go:262.2,262.38 2 0
github.com/zyvorai/transiva/providers/proxmox/client.go:263.3,265.1 2 0
github.com/zyvorai/transiva/providers/proxmox/client.go:267.2,269.1 2 0
github.com/zyvorai/transiva/providers/proxmox/client.go:271.2,271.68 2 0
github.com/zyvorai/transiva/providers/proxmox/client.go:272.3,273.1 1 0
github.com/zyvorai/transiva/providers/proxmox/client.go:275.2,276.1 2 0
github.com/zyvorai/transiva/providers/proxmox/client.go:277.2,277.26 2 0
github.com/zyvorai/transiva/providers/proxmox/client.go:301.2,302.1 3 0
github.com/zyvorai/transiva/providers/proxmox/client.go:303.2,304.16 3 0
github.com/zyvorai/transiva/providers/proxmox/client.go:305.3,306.1 1 0
github.com/zyvorai/transiva/providers/proxmox/client.go:307.2,308.1 2 0
github.com/zyvorai/transiva/providers/proxmox/client.go:309.2,309.38 2 0
github.com/zyvorai/transiva/providers/proxmox/client.go:310.3,312.1 2 0
github.com/zyvorai/transiva/providers/proxmox/client.go:314.2,316.1 2 0
github.com/zyvorai/transiva/providers/proxmox/client.go:318.2,318.68 2 0
github.com/zyvorai/transiva/providers/proxmox/client.go:319.3,320.1 1 0
github.com/zyvorai/transiva/providers/proxmox/client.go:322.2,322.27 1 0
github.com/zyvorai/transiva/providers/proxmox/client.go:327.2,328.1 3 0
github.com/zyvorai/transiva/providers/proxmox/client.go:329.2,330.16 3 0
github.com/zyvorai/transiva/providers/proxmox/client.go:331.3,332.1 1 0
github.com/zyvorai/transiva/providers/proxmox/client.go:333.2,334.1 2 0
github.com/zyvorai/transiva/providers/proxmox/client.go:335.2,335.38 2 0
github.com/zyvorai/transiva/providers/proxmox/client.go:336.3,338.1 2 0
github.com/zyvorai/transiva/providers/proxmox/client.go:340.2,342.1 2 0
github.com/zyvorai/transiva/providers/proxmox/client.go:344.2,344.68 2 0
github.com/zyvorai/transiva/providers/proxmox/client.go:345.3,346.1 1 0
github.com/zyvorai/transiva/providers/proxmox/client.go:348.2,348.26 1 0
github.com/zyvorai/transiva/providers/proxmox/client.go:353.2,354.1 3 0
github.com/zyvorai/transiva/providers/proxmox/client.go:355.2,356.16 3 0
github.com/zyvorai/transiva/providers/proxmox/client.go:357.3,358.1 1 0
github.com/zyvorai/transiva/providers/proxmox/client.go:359.2,360.1 2 0
github.com/zyvorai/transiva/providers/proxmox/client.go:361.2,361.38 2 0
github.com/zyvorai/transiva/providers/proxmox/client.go:362.3,364.1 2 0
github.com/zyvorai/transiva/providers/proxmox/client.go:366.2,367.12 2 0
github.com/zyvorai/transiva/providers/proxmox/client.go:372.2,373.1 3 0
github.com/zyvorai/transiva/providers/proxmox/client.go:374.2,375.16 3 0
github.com/zyvorai/transiva/providers/proxmox/client.go:376.3,377.1 1 0
github.com/zyvorai/transiva/providers/proxmox/client.go:378.2,379.1 2 0
github.com/zyvorai/transiva/providers/proxmox/client.go:380.2,380.38 2 0
github.com/zyvorai/transiva/providers/proxmox/client.go:381.3,383.1 2 0
github.com/zyvorai/transiva/providers/proxmox/client.go:385.2,386.12 2 0
github.com/zyvorai/transiva/providers/proxmox/client.go:391.2,393.1 3 0
github.com/zyvorai/transiva/providers/proxmox/client.go:394.2,394.6 3 0
github.com/zyvorai/transiva/providers/proxmox/client.go:395.3,395.10 1 0
github.com/zyvorai/transiva/providers/proxmox/client.go:397.4,397.20 1 0
github.com/zyvorai/transiva/providers/proxmox/client.go:400.4,401.18 2 0
github.com/zyvorai/transiva/providers/proxmox/client.go:402.5,403.1 1 0
github.com/zyvorai/transiva/providers/proxmox/client.go:405.4,406.1 2 0
github.com/zyvorai/transiva/providers/proxmox/client.go:407.4,407.27 2 0
github.com/zyvorai/transiva/providers/proxmox/client.go:408.5,410.1 2 0
github.com/zyvorai/transiva/providers/proxmox/client.go:417.2,418.1 3 0
github.com/zyvorai/transiva/providers/proxmox/client.go:419.2,420.16 3 0
github.com/zyvorai/transiva/providers/proxmox/client.go:421.3,422.1 1 0
github.com/zyvorai/transiva/providers/proxmox/client.go:423.2,424.1 2 0
github.com/zyvorai/transiva/providers/proxmox/client.go:425.2,425.38 2 0
github.com/zyvorai/transiva/providers/proxmox/client.go:426.3,428.1 2 0
github.com/zyvorai/transiva/providers/proxmox/client.go:430.2,434.1 2 0
github.com/zyvorai/transiva/providers/proxmox/client.go:436.2,436.68 2 0
github.com/zyvorai/transiva/providers/proxmox/client.go:437.3,438.1 1 0
github.com/zyvorai/transiva/providers/proxmox/client.go:440.2,440.33 1 0
github.com/zyvorai/transiva/providers/proxmox/client.go:445.2,446.1 2 0
github.com/zyvorai/transiva/providers/proxmox/client.go:447.2,448.1 2 0
github.com/zyvorai/transiva/providers/proxmox/export.go:40.2,41.1 6 0
github.com/zyvorai/transiva/providers/proxmox/export.go:42.2,47.1 6 0
github.com/zyvorai/transiva/providers/proxmox/export.go:49.2,51.1 6 0
github.com/zyvorai/transiva/providers/proxmox/export.go:53.2,54.22 6 0
github.com/zyvorai/transiva/providers/proxmox/export.go:55.3,56.1 1 0
github.com/zyvorai/transiva/providers/proxmox/export.go:57.2,58.1 2 0
github.com/zyvorai/transiva/providers/proxmox/export.go:60.2,60.25 2 0
github.com/zyvorai/transiva/providers/proxmox/export.go:61.3,62.1 1 0
github.com/zyvorai/transiva/providers/proxmox/export.go:63.3,64.1 1 0
github.com/zyvorai/transiva/providers/proxmox/export.go:67.2,68.1 2 0
github.com/zyvorai/transiva/providers/proxmox/export.go:70.2,70.22 2 0
github.com/zyvorai/transiva/providers/proxmox/export.go:71.3,72.1 1 0
github.com/zyvorai/transiva/providers/proxmox/export.go:75.2,75.25 1 0
github.com/zyvorai/transiva/providers/proxmox/export.go:76.3,77.1 1 0
github.com/zyvorai/transiva/providers/proxmox/export.go:80.2,82.16 3 0
github.com/zyvorai/transiva/providers/proxmox/export.go:83.3,84.1 1 0
github.com/zyvorai/transiva/providers/proxmox/export.go:85.2,86.1 2 0
github.com/zyvorai/transiva/providers/proxmox/export.go:87.2,87.38 2 0
github.com/zyvorai/transiva/providers/proxmox/export.go:88.3,90.1 2 0
github.com/zyvorai/transiva/providers/proxmox/export.go:93.2,95.1 2 0
github.com/zyvorai/transiva/providers/proxmox/export.go:97.2,97.69 2 0
github.com/zyvorai/transiva/providers/proxmox/export.go:98.3,99.1 1 0
github.com/zyvorai/transiva/providers/proxmox/export.go:101.2,103.1 3 0
github.com/zyvorai/transiva/providers/proxmox/export.go:105.2,105.60 3 0
github.com/zyvorai/transiva/providers/proxmox/export.go:106.3,107.1 1 0
github.com/zyvorai/transiva/providers/proxmox/export.go:109.2,110.1 3 0
github.com/zyvorai/transiva/providers/proxmox/export.go:112.2,113.16 3 0
github.com/zyvorai/transiva/providers/proxmox/export.go:114.3,115.1 1 0
github.com/zyvorai/transiva/providers/proxmox/export.go:117.2,120.1 3 0
github.com/zyvorai/transiva/providers/proxmox/export.go:121.2,126.1 3 0
github.com/zyvorai/transiva/providers/proxmox/export.go:128.2,128.20 3 0
github.com/zyvorai/transiva/providers/proxmox/export.go:134.2,135.1 3 0
github.com/zyvorai/transiva/providers/proxmox/export.go:136.2,137.16 3 0
github.com/zyvorai/transiva/providers/proxmox/export.go:138.3,139.1 1 0
github.com/zyvorai/transiva/providers/proxmox/export.go:140.2,141.1 2 0
github.com/zyvorai/transiva/providers/proxmox/export.go:142.2,142.38 2 0
github.com/zyvorai/transiva/providers/proxmox/export.go:143.3,145.1 2 0
github.com/zyvorai/transiva/providers/proxmox/export.go:147.2,149.1 2 0
github.com/zyvorai/transiva/providers/proxmox/export.go:151.2,151.68 2 0
github.com/zyvorai/transiva/providers/proxmox/export.go:152.3,153.1 1 0
github.com/zyvorai/transiva/providers/proxmox/export.go:156.2,158.1 3 0
github.com/zyvorai/transiva/providers/proxmox/export.go:159.2,159.30 3 0
github.com/zyvorai/transiva/providers/proxmox/export.go:160.3,161.78 2 0
github.com/zyvorai/transiva/providers/proxmox/export.go:162.4,162.79 1 0
github.com/zyvorai/transiva/providers/proxmox/export.go:163.5,164.1 1 0
github.com/zyvorai/transiva/providers/proxmox/export.go:168.2,168.25 1 0
github.com/zyvorai/transiva/providers/proxmox/export.go:169.3,170.1 1 0
github.com/zyvorai/transiva/providers/proxmox/export.go:172.2,172.32 1 0
github.com/zyvorai/transiva/providers/proxmox/export.go:187.2,190.1 3 0
github.com/zyvorai/transiva/providers/proxmox/export.go:192.2,193.21 3 0
github.com/zyvorai/transiva/providers/proxmox/export.go:194.3,195.1 1 0
github.com/zyvorai/transiva/providers/proxmox/export.go:197.2,199.1 7 0
github.com/zyvorai/transiva/providers/proxmox/export.go:201.2,203.1 7 0
github.com/zyvorai/transiva/providers/proxmox/export.go:204.2,205.1 7 0
github.com/zyvorai/transiva/providers/proxmox/export.go:207.2,208.16 7 0
github.com/zyvorai/transiva/providers/proxmox/export.go:209.3,210.1 1 0
github.com/zyvorai/transiva/providers/proxmox/export.go:213.2,214.1 3 0
github.com/zyvorai/transiva/providers/proxmox/export.go:216.2,217.16 3 0
github.com/zyvorai/transiva/providers/proxmox/export.go:218.3,219.1 1 0
github.com/zyvorai/transiva/providers/proxmox/export.go:220.2,221.1 2 0
github.com/zyvorai/transiva/providers/proxmox/export.go:222.2,222.38 2 0
github.com/zyvorai/transiva/providers/proxmox/export.go:223.3,225.1 2 0
github.com/zyvorai/transiva/providers/proxmox/export.go:228.2,228.68 1 0
github.com/zyvorai/transiva/providers/proxmox/export.go:229.3,230.1 1 0
github.com/zyvorai/transiva/providers/proxmox/export.go:234.2,235.16 2 0
github.com/zyvorai/transiva/providers/proxmox/export.go:236.3,237.1 1 0
github.com/zyvorai/transiva/providers/proxmox/export.go:238.2,239.1 3 0
github.com/zyvorai/transiva/providers/proxmox/export.go:241.2,242.16 3 0
github.com/zyvorai/transiva/providers/proxmox/export.go:243.3,244.1 1 0
github.com/zyvorai/transiva/providers/proxmox/export.go:246.2,249.1 2 0
github.com/zyvorai/transiva/providers/proxmox/export.go:250.2,250.12 2 0
github.com/zyvorai/transiva/providers/proxmox/export.go:255.2,259.1 3 0
github.com/zyvorai/transiva/providers/proxmox/export.go:261.2,262.16 3 0
github.com/zyvorai/transiva/providers/proxmox/export.go:263.3,264.1 1 0
github.com/zyvorai/transiva/providers/proxmox/export.go:267.2,268.1 2 0
github.com/zyvorai/transiva/providers/proxmox/export.go:269.2,269.43 2 0
github.com/zyvorai/transiva/providers/proxmox/export.go:270.3,272.1 2 0
github.com/zyvorai/transiva/providers/proxmox/export.go:275.2,275.77 1 0
github.com/zyvorai/transiva/providers/proxmox/export.go:276.3,277.1 1 0
github.com/zyvorai/transiva/providers/proxmox/export.go:279.2,280.1 2 0
github.com/zyvorai/transiva/providers/proxmox/export.go:282.2,282.88 2 0
github.com/zyvorai/transiva/providers/proxmox/export.go:283.3,284.1 1 0
github.com/zyvorai/transiva/providers/proxmox/export.go:287.2,287.48 1 0
github.com/zyvorai/transiva/providers/proxmox/export.go:288.3,289.1 1 0
github.com/zyvorai/transiva/providers/proxmox/export.go:291.2,292.1 3 0
github.com/zyvorai/transiva/providers/proxmox/export.go:293.2,297.1 3 0
github.com/zyvorai/transiva/providers/proxmox/export.go:298.2,298.20 3 0
github.com/zyvorai/transiva/providers/proxmox/export.go:303.2,304.1 3 0
github.com/zyvorai/transiva/providers/proxmox/export.go:306.2,307.21 3 0
github.com/zyvorai/transiva/providers/proxmox/export.go:308.3,309.1 1 0
github.com/zyvorai/transiva/providers/proxmox/export.go:311.2,313.1 5 0
github.com/zyvorai/transiva/providers/proxmox/export.go:315.2,316.1 5 0
github.com/zyvorai/transiva/providers/proxmox/export.go:317.2,318.16 5 0
github.com/zyvorai/transiva/providers/proxmox/export.go:319.3,320.1 1 0
github.com/zyvorai/transiva/providers/proxmox/export.go:321.2,322.1 2 0
github.com/zyvorai/transiva/providers/proxmox/export.go:323.2,323.38 2 0
github.com/zyvorai/transiva/providers/proxmox/export.go:324.3,326.1 2 0
github.com/zyvorai/transiva/providers/proxmox/export.go:328.2,329.12 2 0
github.com/zyvorai/transiva/providers/proxmox/export.go:334.2,335.1 3 0
github.com/zyvorai/transiva/providers/proxmox/export.go:336.2,337.16 3 0
github.com/zyvorai/transiva/providers/proxmox/export.go:338.3,339.1 1 0
github.com/zyvorai/transiva/providers/proxmox/export.go:340.2,341.1 2 0
github.com/zyvorai/transiva/providers/proxmox/export.go:342.2,342.38 2 0
github.com/zyvorai/transiva/providers/proxmox/export.go:343.3,345.1 2 0
github.com/zyvorai/transiva/providers/proxmox/export.go:347.2,349.1 2 0
github.com/zyvorai/transiva/providers/proxmox/export.go:351.2,351.68 2 0
github.com/zyvorai/transiva/providers/proxmox/export.go:352.3,353.1 1 0
github.com/zyvorai/transiva/providers/proxmox/export.go:356.2,358.1 3 0
github.com/zyvorai/transiva/providers/proxmox/export.go:359.2,359.39 3 0
github.com/zyvorai/transiva/providers/proxmox/export.go:360.3,360.78 1 0
github.com/zyvorai/transiva/providers/proxmox/export.go:361.4,362.1 1 0
github.com/zyvorai/transiva/providers/proxmox/export.go:365.2,366.1 2 0
github.com/zyvorai/transiva/providers/proxmox/export.go:367.2,367.21 2 0
github.com/zyvorai/transiva/providers/proxmox/provider.go:26.2,33.1 2 0
github.com/zyvorai/transiva/providers/proxmox/provider.go:36.2,36.26 2 0
github.com/zyvorai/transiva/providers/proxmox/provider.go:37.3,38.1 1 0
github.com/zyvorai/transiva/providers/proxmox/provider.go:41.2,42.16 2 0
github.com/zyvorai/transiva/providers/proxmox/provider.go:43.3,44.1 1 0
github.com/zyvorai/transiva/providers/proxmox/provider.go:46.2,50.8 1 0
github.com/zyvorai/transiva/providers/proxmox/provider.go:55.2,56.1 1 1
github.com/zyvorai/transiva/providers/proxmox/provider.go:60.2,61.1 1 1
github.com/zyvorai/transiva/providers/proxmox/provider.go:67.2,68.1 1 0
github.com/zyvorai/transiva/providers/proxmox/provider.go:72.2,73.1 1 0
github.com/zyvorai/transiva/providers/proxmox/provider.go:78.2,79.16 2 0
github.com/zyvorai/transiva/providers/proxmox/provider.go:80.3,81.1 1 0
github.com/zyvorai/transiva/providers/proxmox/provider.go:82.2,82.12 1 0
github.com/zyvorai/transiva/providers/proxmox/provider.go:88.2,89.16 2 0
github.com/zyvorai/transiva/providers/proxmox/provider.go:90.3,91.1 1 0
github.com/zyvorai/transiva/providers/proxmox/provider.go:93.2,94.1 2 0
github.com/zyvorai/transiva/providers/proxmox/provider.go:96.2,96.29 2 0
github.com/zyvorai/transiva/providers/proxmox/provider.go:97.3,98.17 2 0
github.com/zyvorai/transiva/providers/proxmox/provider.go:99.4,100.12 2 0
github.com/zyvorai/transiva/providers/proxmox/provider.go:103.3,103.26 1 0
github.com/zyvorai/transiva/providers/proxmox/provider.go:104.4,124.1 2 0
github.com/zyvorai/transiva/providers/proxmox/provider.go:127.4,127.58 2 0
github.com/zyvorai/transiva/providers/proxmox/provider.go:128.5,128.13 1 0
github.com/zyvorai/transiva/providers/proxmox/provider.go:131.4,131.67 1 0
github.com/zyvorai/transiva/providers/proxmox/provider.go:132.5,132.13 1 0
github.com/zyvorai/transiva/providers/proxmox/provider.go:135.4,135.28 1 0
github.com/zyvorai/transiva/providers/proxmox/provider.go:136.5,137.41 2 0
github.com/zyvorai/transiva/providers/proxmox/provider.go:138.6,138.35 1 0
github.com/zyvorai/transiva/providers/proxmox/provider.go:139.7,140.12 2 0
github.com/zyvorai/transiva/providers/proxmox/provider.go:143.5,143.15 1 0
github.com/zyvorai/transiva/providers/proxmox/provider.go:144.6,144.14 1 0
github.com/zyvorai/transiva/providers/proxmox/provider.go:148.4,148.35 1 0
github.com/zyvorai/transiva/providers/proxmox/provider.go:152.2,153.1 2 0
github.com/zyvorai/transiva/providers/proxmox/provider.go:154.2,154.20 2 0
github.com/zyvorai/transiva/providers/proxmox/provider.go:160.2,161.16 2 0
github.com/zyvorai/transiva/providers/proxmox/provider.go:162.3,163.1 1 0
github.com/zyvorai/transiva/providers/proxmox/provider.go:166.2,166.16 1 0
github.com/zyvorai/transiva/providers/proxmox/provider.go:167.3,168.1 1 0
github.com/zyvorai/transiva/providers/proxmox/provider.go:171.2,172.16 2 0
github.com/zyvorai/transiva/providers/proxmox/provider.go:173.3,174.1 1 0
github.com/zyvorai/transiva/providers/proxmox/provider.go:176.2,196.1 2 0
github.com/zyvorai/transiva/providers/proxmox/provider.go:198.2,198.20 2 0
github.com/zyvorai/transiva/providers/proxmox/provider.go:203.2,204.16 2 0
github.com/zyvorai/transiva/providers/proxmox/provider.go:205.3,206.1 1 0
github.com/zyvorai/transiva/providers/proxmox/provider.go:208.2,208.29 1 0
github.com/zyvorai/transiva/providers/proxmox/provider.go:209.3,210.17 2 0
github.com/zyvorai/transiva/providers/proxmox/provider.go:211.4,228.1 1 0
github.com/zyvorai/transiva/providers/proxmox/provider.go:231.2,231.71 1 0
github.com/zyvorai/transiva/providers/proxmox/provider.go:237.2,238.16 2 0
github.com/zyvorai/transiva/providers/proxmox/provider.go:239.3,240.1 1 0
github.com/zyvorai/transiva/providers/proxmox/provider.go:243.2,245.1 3 0
github.com/zyvorai/transiva/providers/proxmox/provider.go:246.2,246.28 3 0
github.com/zyvorai/transiva/providers/proxmox/provider.go:247.3,248.57 1 0
github.com/zyvorai/transiva/providers/proxmox/provider.go:249.4,250.1 1 0
github.com/zyvorai/transiva/providers/proxmox/provider.go:253.2,253.21 1 0
github.com/zyvorai/transiva/providers/proxmox/provider.go:259.2,260.16 2 0
github.com/zyvorai/transiva/providers/proxmox/provider.go:261.3,262.1 1 0
github.com/zyvorai/transiva/providers/proxmox/provider.go:265.2,265.16 1 0
github.com/zyvorai/transiva/providers/proxmox/provider.go:266.3,267.17 2 0
github.com/zyvorai/transiva/providers/proxmox/provider.go:268.4,269.1 1 0
github.com/zyvorai/transiva/providers/proxmox/provider.go:270.3,270.25 1 0
github.com/zyvorai/transiva/providers/proxmox/provider.go:273.2,277.1 3 0
github.com/zyvorai/transiva/providers/proxmox/provider.go:279.2,284.1 3 0
github.com/zyvorai/transiva/providers/proxmox/provider.go:287.2,287.19 3 0
github.com/zyvorai/transiva/providers/proxmox/provider.go:288.3,289.28 2 0
github.com/zyvorai/transiva/providers/proxmox/provider.go:290.4,291.1 1 0
github.com/zyvorai/transiva/providers/proxmox/provider.go:294.3,294.10 1 0
github.com/zyvorai/transiva/providers/proxmox/provider.go:296.4,296.32 1 0
github.com/zyvorai/transiva/providers/proxmox/provider.go:298.4,298.32 1 0
github.com/zyvorai/transiva/providers/proxmox/provider.go:300.4,300.31 1 0
github.com/zyvorai/transiva/providers/proxmox/provider.go:305.2,306.16 2 0
github.com/zyvorai/transiva/providers/proxmox/provider.go:307.3,308.1 1 0
github.com/zyvorai/transiva/providers/proxmox/provider.go:311.2,324.8 1 0
github.com/zyvorai/transiva/providers/proxmox/provider.go:329.2,333.1 1 1
github.com/zyvorai/transiva/providers/proxmox/provider.go:338.2,339.1 2 11
github.com/zyvorai/transiva/providers/proxmox/provider.go:340.2,340.21 2 11
github.com/zyvorai/transiva/providers/proxmox/provider.go:342.3,343.17 2 5
github.com/zyvorai/transiva/providers/proxmox/provider.go:344.4,345.1 1 2
github.com/zyvorai/transiva/providers/proxmox/provider.go:346.3,346.23 1 3
github.com/zyvorai/transiva/providers/proxmox/provider.go:349.2,349.21 1 6
github.com/zyvorai/transiva/providers/proxmox/provider.go:351.3,353.17 3 5
github.com/zyvorai/transiva/providers/proxmox/provider.go:354.4,355.1 1 3
github.com/zyvorai/transiva/providers/proxmox/provider.go:356.3,356.25 1 2
github.com/zyvorai/transiva/providers/proxmox/provider.go:359.2,359.104 1 1
github.com/zyvorai/transiva/retry/retry.go:29.2,35.1 1 4
github.com/zyvorai/transiva/retry/retry.go:56.2,56.19 1 21
github.com/zyvorai/transiva/retry/retry.go:57.3,58.1 1 1
github.com/zyvorai/transiva/retry/retry.go:61.2,61.29 1 21
github.com/zyvorai/transiva/retry/retry.go:62.3,63.1 1 1
github.com/zyvorai/transiva/retry/retry.go:64.2,64.30 1 21
github.com/zyvorai/transiva/retry/retry.go:65.3,66.1 1 1
github.com/zyvorai/transiva/retry/retry.go:67.2,67.26 1 21
github.com/zyvorai/transiva/retry/retry.go:68.3,69.1 1 10
github.com/zyvorai/transiva/retry/retry.go:70.2,70.28 1 21
github.com/zyvorai/transiva/retry/retry.go:71.3,72.1 1 10
github.com/zyvorai/transiva/retry/retry.go:74.2,77.1 1 21
github.com/zyvorai/transiva/retry/retry.go:82.2,83.1 1 4
github.com/zyvorai/transiva/retry/retry.go:87.2,88.1 2 13
github.com/zyvorai/transiva/retry/retry.go:89.2,89.63 2 13
github.com/zyvorai/transiva/retry/retry.go:91.3,91.10 1 25
github.com/zyvorai/transiva/retry/retry.go:93.4,93.57 1 1
github.com/zyvorai/transiva/retry/retry.go:94.11,94.11 0 24
github.com/zyvorai/transiva/retry/retry.go:98.3,99.17 2 24
github.com/zyvorai/transiva/retry/retry.go:101.4,101.19 1 7
github.com/zyvorai/transiva/retry/retry.go:102.5,106.1 1 5
github.com/zyvorai/transiva/retry/retry.go:107.4,107.14 1 7
github.com/zyvorai/transiva/retry/retry.go:110.3,111.1 2 17
github.com/zyvorai/transiva/retry/retry.go:113.3,113.26 2 17
github.com/zyvorai/transiva/retry/retry.go:114.4,119.1 2 1
github.com/zyvorai/transiva/retry/retry.go:122.3,122.38 1 16
github.com/zyvorai/transiva/retry/retry.go:123.4,128.1 2 2
github.com/zyvorai/transiva/retry/retry.go:131.3,131.57 1 14
github.com/zyvorai/transiva/retry/retry.go:132.4,132.32 1 2
github.com/zyvorai/transiva/retry/retry.go:133.5,136.1 2 2
github.com/zyvorai/transiva/retry/retry.go:138.5,138.64 2 2
github.com/zyvorai/transiva/retry/retry.go:140.6,141.1 1 1
github.com/zyvorai/transiva/retry/retry.go:143.5,146.1 2 1
github.com/zyvorai/transiva/retry/retry.go:149.5,149.13 2 1
github.com/zyvorai/transiva/retry/retry.go:154.3,155.1 3 12
github.com/zyvorai/transiva/retry/retry.go:156.3,162.1 3 12
github.com/zyvorai/transiva/retry/retry.go:164.3,164.10 3 12
github.com/zyvorai/transiva/retry/retry.go:166.4,166.57 1 1
github.com/zyvorai/transiva/retry/retry.go:167.28,167.28 0 11
github.com/zyvorai/transiva/retry/retry.go:172.2,172.100 1 0
github.com/zyvorai/transiva/retry/retry.go:177.2,179.1 3 3
github.com/zyvorai/transiva/retry/retry.go:180.2,180.63 3 3
github.com/zyvorai/transiva/retry/retry.go:181.3,181.10 1 5
github.com/zyvorai/transiva/retry/retry.go:183.4,183.62 1 1
github.com/zyvorai/transiva/retry/retry.go:184.11,184.11 0 4
github.com/zyvorai/transiva/retry/retry.go:187.3,188.17 2 4
github.com/zyvorai/transiva/retry/retry.go:189.4,189.19 1 2
github.com/zyvorai/transiva/retry/retry.go:190.5,194.1 1 2
github.com/zyvorai/transiva/retry/retry.go:195.4,195.19 1 2
github.com/zyvorai/transiva/retry/retry.go:198.3,199.1 2 2
github.com/zyvorai/transiva/retry/retry.go:200.3,200.26 2 2
github.com/zyvorai/transiva/retry/retry.go:201.4,206.1 2 0
github.com/zyvorai/transiva/retry/retry.go:208.3,208.38 1 2
github.com/zyvorai/transiva/retry/retry.go:209.4,214.1 2 0
github.com/zyvorai/transiva/retry/retry.go:217.3,217.57 1 2
github.com/zyvorai/transiva/retry/retry.go:218.4,218.32 1 1
github.com/zyvorai/transiva/retry/retry.go:219.5,222.1 2 1
github.com/zyvorai/transiva/retry/retry.go:224.5,224.64 2 1
github.com/zyvorai/transiva/retry/retry.go:226.6,227.1 1 0
github.com/zyvorai/transiva/retry/retry.go:229.5,232.1 2 1
github.com/zyvorai/transiva/retry/retry.go:235.5,235.13 2 1
github.com/zyvorai/transiva/retry/retry.go:239.3,240.1 3 1
github.com/zyvorai/transiva/retry/retry.go:241.3,247.1 3 1
github.com/zyvorai/transiva/retry/retry.go:248.3,248.10 3 1
github.com/zyvorai/transiva/retry/retry.go:250.4,250.62 1 0
github.com/zyvorai/transiva/retry/retry.go:251.28,251.28 0 1
github.com/zyvorai/transiva/retry/retry.go:255.2,255.108 1 0
github.com/zyvorai/transiva/retry/retry.go:261.2,262.1 2 24
github.com/zyvorai/transiva/retry/retry.go:264.2,264.40 2 24
github.com/zyvorai/transiva/retry/retry.go:265.3,266.1 1 1
github.com/zyvorai/transiva/retry/retry.go:269.2,269.21 1 24
github.com/zyvorai/transiva/retry/retry.go:272.3,274.1 2 11
github.com/zyvorai/transiva/retry/retry.go:276.2,276.29 1 24
github.com/zyvorai/transiva/retry/retry.go:281.2,281.16 1 32
github.com/zyvorai/transiva/retry/retry.go:282.3,283.1 1 1
github.com/zyvorai/transiva/retry/retry.go:286.2,286.56 1 31
github.com/zyvorai/transiva/retry/retry.go:287.3,287.35 1 1
github.com/zyvorai/transiva/retry/retry.go:288.4,289.1 1 1
github.com/zyvorai/transiva/retry/retry.go:293.2,294.1 3 30
github.com/zyvorai/transiva/retry/retry.go:296.2,308.1 3 30
github.com/zyvorai/transiva/retry/retry.go:310.2,310.40 3 30
github.com/zyvorai/transiva/retry/retry.go:311.3,311.42 1 186
github.com/zyvorai/transiva/retry/retry.go:312.4,313.1 1 22
github.com/zyvorai/transiva/retry/retry.go:317.2,328.1 2 8
github.com/zyvorai/transiva/retry/retry.go:330.2,330.37 2 8
github.com/zyvorai/transiva/retry/retry.go:331.3,331.42 1 59
github.com/zyvorai/transiva/retry/retry.go:332.4,333.1 1 4
github.com/zyvorai/transiva/retry/retry.go:337.2,342.1 2 4
github.com/zyvorai/transiva/retry/retry.go:344.2,344.38 2 4
github.com/zyvorai/transiva/retry/retry.go:345.3,345.42 1 16
github.com/zyvorai/transiva/retry/retry.go:346.4,347.1 1 0
github.com/zyvorai/transiva/retry/retry.go:350.2,350.14 1 4
github.com/zyvorai/transiva/retry/retry.go:355.2,356.1 1 261
github.com/zyvorai/transiva/retry/retry.go:361.2,364.1 3 261
github.com/zyvorai/transiva/retry/retry.go:368.2,369.30 2 522
github.com/zyvorai/transiva/retry/retry.go:370.3,371.27 2 8270
github.com/zyvorai/transiva/retry/retry.go:372.4,373.1 1 404
github.com/zyvorai/transiva/retry/retry.go:374.3,374.16 1 8270
github.com/zyvorai/transiva/retry/retry.go:376.2,376.23 1 522
github.com/zyvorai/transiva/retry/retry.go:381.2,381.43 1 134
github.com/zyvorai/transiva/retry/retry.go:382.3,383.36 2 755
github.com/zyvorai/transiva/retry/retry.go:384.4,384.27 1 1286
github.com/zyvorai/transiva/retry/retry.go:385.5,386.10 2 729
github.com/zyvorai/transiva/retry/retry.go:389.3,389.12 1 755
github.com/zyvorai/transiva/retry/retry.go:390.4,391.1 1 26
github.com/zyvorai/transiva/retry/retry.go:393.2,393.11 1 108
github.com/zyvorai/transiva/retry/retry.go:402.2,403.1 1 1
github.com/zyvorai/transiva/retry/retry.go:406.2,407.1 1 1
github.com/zyvorai/transiva/retry/retry.go:411.2,411.16 1 2
github.com/zyvorai/transiva/retry/retry.go:412.3,413.1 1 1
github.com/zyvorai/transiva/retry/retry.go:414.2,414.34 1 1
github.com/zyvorai/transiva/retry/retry.go:423.2,424.1 1 1
github.com/zyvorai/transiva/retry/retry.go:427.2,428.1 1 1
github.com/zyvorai/transiva/retry/retry.go:432.2,432.16 1 2
github.com/zyvorai/transiva/retry/retry.go:433.3,434.1 1 1
github.com/zyvorai/transiva/retry/retry.go:435.2,435.37 1 1
github.com/zyvorai/transiva/retry/retry.go:442.2,444.1 2 1
github.com/zyvorai/transiva/retry/retry.go:448.2,450.1 2 1
github.com/zyvorai/transiva/providers/gcp/client.go:58.2,58.22 1 1
github.com/zyvorai/transiva/providers/gcp/client.go:59.3,60.1 1 0
github.com/zyvorai/transiva/providers/gcp/client.go:62.2,63.1 3 1
github.com/zyvorai/transiva/providers/gcp/client.go:64.2,65.31 3 1
github.com/zyvorai/transiva/providers/gcp/client.go:67.3,67.57 1 1
github.com/zyvorai/transiva/providers/gcp/client.go:68.4,69.1 1 0
github.com/zyvorai/transiva/providers/gcp/client.go:70.4,71.1 1 1
github.com/zyvorai/transiva/providers/gcp/client.go:75.2,76.16 2 1
github.com/zyvorai/transiva/providers/gcp/client.go:77.3,78.1 1 1
github.com/zyvorai/transiva/providers/gcp/client.go:81.2,82.16 2 0
github.com/zyvorai/transiva/providers/gcp/client.go:83.3,83.59 1 0
github.com/zyvorai/transiva/providers/gcp/client.go:84.4,85.1 1 0
github.com/zyvorai/transiva/providers/gcp/client.go:86.3,86.68 1 0
github.com/zyvorai/transiva/providers/gcp/client.go:90.2,91.16 2 0
github.com/zyvorai/transiva/providers/gcp/client.go:92.3,92.59 1 0
github.com/zyvorai/transiva/providers/gcp/client.go:93.4,94.1 1 0
github.com/zyvorai/transiva/providers/gcp/client.go:95.3,95.56 1 0
github.com/zyvorai/transiva/providers/gcp/client.go:96.4,97.1 1 0
github.com/zyvorai/transiva/providers/gcp/client.go:98.3,98.67 1 0
github.com/zyvorai/transiva/providers/gcp/client.go:101.2,108.8 1 0
github.com/zyvorai/transiva/providers/gcp/client.go:113.2,116.1 4 0
github.com/zyvorai/transiva/providers/gcp/client.go:118.2,119.1 4 0
github.com/zyvorai/transiva/providers/gcp/client.go:120.2,121.6 4 0
github.com/zyvorai/transiva/providers/gcp/client.go:122.3,123.17 2 0
github.com/zyvorai/transiva/providers/gcp/client.go:124.4,124.50 1 0
github.com/zyvorai/transiva/providers/gcp/client.go:125.5,125.10 1 0
github.com/zyvorai/transiva/providers/gcp/client.go:127.4,127.63 1 0
github.com/zyvorai/transiva/providers/gcp/client.go:130.3,131.40 2 0
github.com/zyvorai/transiva/providers/gcp/client.go:134.2,135.23 2 0
github.com/zyvorai/transiva/providers/gcp/client.go:140.2,144.1 3 0
github.com/zyvorai/transiva/providers/gcp/client.go:146.2,147.16 3 0
github.com/zyvorai/transiva/providers/gcp/client.go:148.3,149.1 1 0
github.com/zyvorai/transiva/providers/gcp/client.go:151.2,151.42 1 0
github.com/zyvorai/transiva/providers/gcp/client.go:156.2,157.1 3 0
github.com/zyvorai/transiva/providers/gcp/client.go:159.2,160.16 3 0
github.com/zyvorai/transiva/providers/gcp/client.go:161.3,162.1 1 0
github.com/zyvorai/transiva/providers/gcp/client.go:164.2,164.21 1 0
github.com/zyvorai/transiva/providers/gcp/client.go:165.3,166.1 1 0
github.com/zyvorai/transiva/providers/gcp/client.go:169.2,173.1 3 0
github.com/zyvorai/transiva/providers/gcp/client.go:175.2,176.16 3 0
github.com/zyvorai/transiva/providers/gcp/client.go:177.3,178.1 1 0
github.com/zyvorai/transiva/providers/gcp/client.go:181.2,182.16 2 0
github.com/zyvorai/transiva/providers/gcp/client.go:183.3,184.1 1 0
github.com/zyvorai/transiva/providers/gcp/client.go:186.2,187.1 2 0
github.com/zyvorai/transiva/providers/gcp/client.go:188.2,188.21 2 0
github.com/zyvorai/transiva/providers/gcp/client.go:189.3,190.1 1 0
github.com/zyvorai/transiva/providers/gcp/client.go:193.2,194.38 2 0
github.com/zyvorai/transiva/providers/gcp/client.go:195.3,195.22 1 0
github.com/zyvorai/transiva/providers/gcp/client.go:196.4,197.1 1 0
github.com/zyvorai/transiva/providers/gcp/client.go:199.3,200.17 2 0
github.com/zyvorai/transiva/providers/gcp/client.go:201.4,202.1 1 0
github.com/zyvorai/transiva/providers/gcp/client.go:203.4,205.1 3 0
github.com/zyvorai/transiva/providers/gcp/client.go:207.4,207.24 3 0
github.com/zyvorai/transiva/providers/gcp/client.go:208.5,208.83 1 0
github.com/zyvorai/transiva/providers/gcp/client.go:209.6,210.1 1 0
github.com/zyvorai/transiva/providers/gcp/client.go:215.3,217.1 2 0
github.com/zyvorai/transiva/providers/gcp/client.go:220.2,222.28 3 0
github.com/zyvorai/transiva/providers/gcp/client.go:223.3,224.1 1 0
github.com/zyvorai/transiva/providers/gcp/client.go:225.2,225.72 1 0
github.com/zyvorai/transiva/providers/gcp/client.go:226.3,227.1 1 0
github.com/zyvorai/transiva/providers/gcp/client.go:229.2,229.21 1 0
github.com/zyvorai/transiva/providers/gcp/client.go:230.3,232.1 2 0
github.com/zyvorai/transiva/providers/gcp/client.go:234.2,235.12 2 0
github.com/zyvorai/transiva/providers/gcp/client.go:240.2,244.1 3 0
github.com/zyvorai/transiva/providers/gcp/client.go:246.2,247.16 3 0
github.com/zyvorai/transiva/providers/gcp/client.go:248.3,249.1 1 0
github.com/zyvorai/transiva/providers/gcp/client.go:251.2,252.16 2 0
github.com/zyvorai/transiva/providers/gcp/client.go:253.3,254.1 1 0
github.com/zyvorai/transiva/providers/gcp/client.go:256.2,257.12 2 0
github.com/zyvorai/transiva/providers/gcp/client.go:262.2,266.1 3 0
github.com/zyvorai/transiva/providers/gcp/client.go:268.2,269.16 3 0
github.com/zyvorai/transiva/providers/gcp/client.go:270.3,271.1 1 0
github.com/zyvorai/transiva/providers/gcp/client.go:273.2,274.16 2 0
github.com/zyvorai/transiva/providers/gcp/client.go:275.3,276.1 1 0
github.com/zyvorai/transiva/providers/gcp/client.go:278.2,279.12 2 0
github.com/zyvorai/transiva/providers/gcp/client.go:284.2,288.1 3 0
github.com/zyvorai/transiva/providers/gcp/client.go:290.2,291.16 3 0
github.com/zyvorai/transiva/providers/gcp/client.go:292.3,293.1 1 0
github.com/zyvorai/transiva/providers/gcp/client.go:295.2,296.16 2 0
github.com/zyvorai/transiva/providers/gcp/client.go:297.3,298.1 1 0
github.com/zyvorai/transiva/providers/gcp/client.go:300.2,301.12 2 0
github.com/zyvorai/transiva/providers/gcp/client.go:306.2,316.1 2 0
github.com/zyvorai/transiva/providers/gcp/client.go:319.2,319.69 2 0
github.com/zyvorai/transiva/providers/gcp/client.go:320.3,321.1 1 0
github.com/zyvorai/transiva/providers/gcp/client.go:324.2,324.48 1 0
github.com/zyvorai/transiva/providers/gcp/client.go:325.3,325.26 1 0
github.com/zyvorai/transiva/providers/gcp/client.go:326.4,327.1 1 0
github.com/zyvorai/transiva/providers/gcp/client.go:330.3,330.39 1 0
github.com/zyvorai/transiva/providers/gcp/client.go:331.4,331.23 1 0
github.com/zyvorai/transiva/providers/gcp/client.go:332.5,333.10 2 0
github.com/zyvorai/transiva/providers/gcp/client.go:337.3,337.30 1 0
github.com/zyvorai/transiva/providers/gcp/client.go:338.4,338.9 1 0
github.com/zyvorai/transiva/providers/gcp/client.go:343.2,343.38 1 0
github.com/zyvorai/transiva/providers/gcp/client.go:344.3,344.25 1 0
github.com/zyvorai/transiva/providers/gcp/client.go:346.4,347.22 2 0
github.com/zyvorai/transiva/providers/gcp/client.go:348.5,349.1 1 0
github.com/zyvorai/transiva/providers/gcp/client.go:354.2,354.28 1 0
github.com/zyvorai/transiva/providers/gcp/client.go:355.3,356.1 1 0
github.com/zyvorai/transiva/providers/gcp/client.go:358.2,358.15 1 0
github.com/zyvorai/transiva/providers/gcp/client.go:363.2,387.1 2 0
github.com/zyvorai/transiva/providers/gcp/client.go:388.2,389.1 2 0
github.com/zyvorai/transiva/providers/gcp/client.go:393.2,394.30 2 0
github.com/zyvorai/transiva/providers/gcp/client.go:395.3,395.51 1 0
github.com/zyvorai/transiva/providers/gcp/client.go:396.4,398.1 2 0
github.com/zyvorai/transiva/providers/gcp/client.go:400.2,400.27 1 0
github.com/zyvorai/transiva/providers/gcp/client.go:401.3,401.48 1 0
github.com/zyvorai/transiva/providers/gcp/client.go:402.4,404.1 2 0
github.com/zyvorai/transiva/providers/gcp/client.go:406.2,406.26 1 0
github.com/zyvorai/transiva/providers/gcp/client.go:407.3,407.47 1 0
github.com/zyvorai/transiva/providers/gcp/client.go:408.4,410.1 2 0
github.com/zyvorai/transiva/providers/gcp/client.go:412.2,413.19 2 0
github.com/zyvorai/transiva/providers/gcp/client.go:414.3,415.1 1 0
github.com/zyvorai/transiva/providers/gcp/client.go:416.2,416.12 1 0
github.com/zyvorai/transiva/providers/gcp/client.go:421.2,423.1 1 1
github.com/zyvorai/transiva/providers/gcp/client.go:427.2,431.1 4 0
github.com/zyvorai/transiva/providers/gcp/client.go:433.2,435.62 4 0
github.com/zyvorai/transiva/providers/gcp/client.go:436.3,437.1 1 0
github.com/zyvorai/transiva/providers/gcp/client.go:438.2,438.12 1 0
github.com/zyvorai/transiva/providers/gcp/client.go:443.2,444.16 2 0
github.com/zyvorai/transiva/providers/gcp/client.go:445.3,446.1 1 0
github.com/zyvorai/transiva/providers/gcp/client.go:448.2,450.1 3 0
github.com/zyvorai/transiva/providers/gcp/client.go:451.2,451.31 3 0
github.com/zyvorai/transiva/providers/gcp/client.go:453.3,457.43 1 0
github.com/zyvorai/transiva/providers/gcp/client.go:458.4,459.12 2 0
github.com/zyvorai/transiva/providers/gcp/client.go:463.3,463.37 1 0
github.com/zyvorai/transiva/providers/gcp/client.go:464.4,465.53 1 0
github.com/zyvorai/transiva/providers/gcp/client.go:466.5,467.10 2 0
github.com/zyvorai/transiva/providers/gcp/client.go:472.2,472.21 1 0
github.com/zyvorai/transiva/providers/gcp/client.go:477.2,498.1 1 1
github.com/zyvorai/transiva/providers/gcp/client.go:503.2,504.1 1 0
github.com/zyvorai/transiva/providers/gcp/export.go:35.2,36.1 2 0
github.com/zyvorai/transiva/providers/gcp/export.go:38.2,38.43 2 0
github.com/zyvorai/transiva/providers/gcp/export.go:39.3,40.1 1 0
github.com/zyvorai/transiva/providers/gcp/export.go:42.2,42.21 1 0
github.com/zyvorai/transiva/providers/gcp/export.go:43.3,44.1 1 0
github.com/zyvorai/transiva/providers/gcp/export.go:51.2,51.50 1 0
github.com/zyvorai/transiva/providers/gcp/export.go:52.3,53.1 1 0
github.com/zyvorai/transiva/providers/gcp/export.go:56.2,58.1 9 0
github.com/zyvorai/transiva/providers/gcp/export.go:64.2,70.1 9 0
github.com/zyvorai/transiva/providers/gcp/export.go:72.2,75.1 9 0
github.com/zyvorai/transiva/providers/gcp/export.go:76.2,79.1 9 0
github.com/zyvorai/transiva/providers/gcp/export.go:81.2,82.16 9 0
github.com/zyvorai/transiva/providers/gcp/export.go:83.3,88.1 2 0
github.com/zyvorai/transiva/providers/gcp/export.go:90.2,91.1 4 0
github.com/zyvorai/transiva/providers/gcp/export.go:93.2,95.21 4 0
github.com/zyvorai/transiva/providers/gcp/export.go:96.3,96.22 1 0
github.com/zyvorai/transiva/providers/gcp/export.go:97.4,98.1 1 0
github.com/zyvorai/transiva/providers/gcp/export.go:100.3,102.17 3 0
github.com/zyvorai/transiva/providers/gcp/export.go:103.4,104.1 1 0
github.com/zyvorai/transiva/providers/gcp/export.go:106.3,106.87 1 0
github.com/zyvorai/transiva/providers/gcp/export.go:109.2,109.21 1 0
github.com/zyvorai/transiva/providers/gcp/export.go:110.3,112.1 2 0
github.com/zyvorai/transiva/providers/gcp/export.go:114.2,122.8 1 0
github.com/zyvorai/transiva/providers/gcp/export.go:127.2,129.16 3 0
github.com/zyvorai/transiva/providers/gcp/export.go:130.3,131.1 1 0
github.com/zyvorai/transiva/providers/gcp/export.go:133.2,134.12 2 0
github.com/zyvorai/transiva/providers/gcp/export.go:139.2,140.1 2 0
github.com/zyvorai/transiva/providers/gcp/export.go:141.2,141.21 2 0
github.com/zyvorai/transiva/providers/gcp/export.go:142.3,143.1 1 0
github.com/zyvorai/transiva/providers/gcp/export.go:146.2,147.1 4 0
github.com/zyvorai/transiva/providers/gcp/export.go:148.2,155.1 4 0
github.com/zyvorai/transiva/providers/gcp/export.go:157.2,158.16 4 0
github.com/zyvorai/transiva/providers/gcp/export.go:159.3,160.1 1 0
github.com/zyvorai/transiva/providers/gcp/export.go:163.2,164.16 2 0
github.com/zyvorai/transiva/providers/gcp/export.go:165.3,166.1 1 0
github.com/zyvorai/transiva/providers/gcp/export.go:168.2,169.1 2 0
github.com/zyvorai/transiva/providers/gcp/export.go:171.2,171.72 2 0
github.com/zyvorai/transiva/providers/gcp/export.go:176.2,177.1 3 0
github.com/zyvorai/transiva/providers/gcp/export.go:179.2,180.16 3 0
github.com/zyvorai/transiva/providers/gcp/export.go:181.3,182.1 1 0
github.com/zyvorai/transiva/providers/gcp/export.go:184.2,184.32 1 0
github.com/zyvorai/transiva/providers/gcp/export.go:185.3,186.1 1 0
github.com/zyvorai/transiva/providers/gcp/export.go:188.2,189.1 3 0
github.com/zyvorai/transiva/providers/gcp/export.go:190.2,191.1 3 0
github.com/zyvorai/transiva/providers/gcp/export.go:193.2,193.44 3 0
github.com/zyvorai/transiva/providers/gcp/export.go:194.3,194.22 1 0
github.com/zyvorai/transiva/providers/gcp/export.go:195.4,196.1 1 0
github.com/zyvorai/transiva/providers/gcp/export.go:198.3,199.17 2 0
github.com/zyvorai/transiva/providers/gcp/export.go:200.4,201.1 2 0
github.com/zyvorai/transiva/providers/gcp/export.go:202.4,202.12 2 0
github.com/zyvorai/transiva/providers/gcp/export.go:205.3,207.12 3 0
github.com/zyvorai/transiva/providers/gcp/export.go:208.4,209.1 1 0
github.com/zyvorai/transiva/providers/gcp/export.go:210.3,211.1 2 0
github.com/zyvorai/transiva/providers/gcp/export.go:212.3,212.77 2 0
github.com/zyvorai/transiva/providers/gcp/export.go:215.2,215.23 1 0
github.com/zyvorai/transiva/providers/gcp/export.go:216.3,217.1 1 0
github.com/zyvorai/transiva/providers/gcp/export.go:220.2,220.22 1 0
github.com/zyvorai/transiva/providers/gcp/export.go:221.3,221.80 1 0
github.com/zyvorai/transiva/providers/gcp/export.go:222.4,223.1 1 0
github.com/zyvorai/transiva/providers/gcp/export.go:226.2,227.21 2 0
github.com/zyvorai/transiva/providers/gcp/export.go:233.2,234.36 2 0
github.com/zyvorai/transiva/providers/gcp/export.go:235.3,235.62 1 0
github.com/zyvorai/transiva/providers/gcp/export.go:236.4,237.1 1 0
github.com/zyvorai/transiva/providers/gcp/export.go:238.4,239.1 1 0
github.com/zyvorai/transiva/providers/gcp/export.go:242.2,243.16 2 0
github.com/zyvorai/transiva/providers/gcp/export.go:244.3,245.1 1 0
github.com/zyvorai/transiva/providers/gcp/export.go:246.2,247.1 5 0
github.com/zyvorai/transiva/providers/gcp/export.go:249.2,251.1 5 0
github.com/zyvorai/transiva/providers/gcp/export.go:252.2,253.16 5 0
github.com/zyvorai/transiva/providers/gcp/export.go:254.3,255.1 1 0
github.com/zyvorai/transiva/providers/gcp/export.go:257.2,259.1 3 0
github.com/zyvorai/transiva/providers/gcp/export.go:261.2,261.67 3 0
github.com/zyvorai/transiva/providers/gcp/export.go:262.3,263.1 1 0
github.com/zyvorai/transiva/providers/gcp/export.go:268.2,269.16 2 0
github.com/zyvorai/transiva/providers/gcp/export.go:270.3,271.1 1 0
github.com/zyvorai/transiva/providers/gcp/export.go:272.2,273.1 3 0
github.com/zyvorai/transiva/providers/gcp/export.go:275.2,276.16 3 0
github.com/zyvorai/transiva/providers/gcp/export.go:277.3,278.1 1 0
github.com/zyvorai/transiva/providers/gcp/export.go:279.2,280.1 3 0
github.com/zyvorai/transiva/providers/gcp/export.go:282.2,283.38 3 0
github.com/zyvorai/transiva/providers/gcp/export.go:284.3,288.1 1 0
github.com/zyvorai/transiva/providers/gcp/export.go:292.2,293.16 2 0
github.com/zyvorai/transiva/providers/gcp/export.go:294.3,295.1 1 0
github.com/zyvorai/transiva/providers/gcp/export.go:297.2,297.26 1 0
github.com/zyvorai/transiva/providers/gcp/export.go:298.3,299.1 1 0
github.com/zyvorai/transiva/providers/gcp/export.go:301.2,301.21 1 0
github.com/zyvorai/transiva/providers/gcp/export.go:307.2,308.16 2 0
github.com/zyvorai/transiva/providers/gcp/export.go:309.3,310.1 1 0
github.com/zyvorai/transiva/providers/gcp/export.go:312.2,314.1 4 0
github.com/zyvorai/transiva/providers/gcp/export.go:316.2,317.36 4 0
github.com/zyvorai/transiva/providers/gcp/export.go:318.3,318.62 1 0
github.com/zyvorai/transiva/providers/gcp/export.go:319.4,320.1 1 0
github.com/zyvorai/transiva/providers/gcp/export.go:321.4,322.1 1 0
github.com/zyvorai/transiva/providers/gcp/export.go:325.2,326.16 2 0
github.com/zyvorai/transiva/providers/gcp/export.go:327.3,328.1 1 0
github.com/zyvorai/transiva/providers/gcp/export.go:329.2,330.1 3 0
github.com/zyvorai/transiva/providers/gcp/export.go:335.2,336.16 3 0
github.com/zyvorai/transiva/providers/gcp/export.go:337.3,338.1 1 0
github.com/zyvorai/transiva/providers/gcp/export.go:339.2,340.1 6 0
github.com/zyvorai/transiva/providers/gcp/export.go:342.2,345.1 6 0
github.com/zyvorai/transiva/providers/gcp/export.go:347.2,348.38 6 0
github.com/zyvorai/transiva/providers/gcp/export.go:349.3,353.1 1 0
github.com/zyvorai/transiva/providers/gcp/export.go:357.2,358.16 2 0
github.com/zyvorai/transiva/providers/gcp/export.go:359.3,359.50 1 0
github.com/zyvorai/transiva/providers/gcp/export.go:360.4,361.1 1 0
github.com/zyvorai/transiva/providers/gcp/export.go:362.3,362.44 1 0
github.com/zyvorai/transiva/providers/gcp/export.go:366.2,366.39 1 0
github.com/zyvorai/transiva/providers/gcp/export.go:367.3,368.1 1 0
github.com/zyvorai/transiva/providers/gcp/export.go:370.2,371.12 2 0
github.com/zyvorai/transiva/providers/gcp/export.go:377.2,378.36 2 0
github.com/zyvorai/transiva/providers/gcp/export.go:379.3,379.62 1 0
github.com/zyvorai/transiva/providers/gcp/export.go:380.4,381.1 1 0
github.com/zyvorai/transiva/providers/gcp/export.go:382.4,383.1 1 0
github.com/zyvorai/transiva/providers/gcp/export.go:386.2,387.16 2 0
github.com/zyvorai/transiva/providers/gcp/export.go:388.3,389.1 1 0
github.com/zyvorai/transiva/providers/gcp/export.go:390.2,391.1 6 0
github.com/zyvorai/transiva/providers/gcp/export.go:392.2,393.1 6 0
github.com/zyvorai/transiva/providers/gcp/export.go:395.2,397.1 6 0
github.com/zyvorai/transiva/providers/gcp/export.go:398.2,399.6 6 0
github.com/zyvorai/transiva/providers/gcp/export.go:400.3,401.105 2 0
github.com/zyvorai/transiva/providers/gcp/export.go:402.4,402.9 1 0
github.com/zyvorai/transiva/providers/gcp/export.go:404.3,404.17 1 0
github.com/zyvorai/transiva/providers/gcp/export.go:405.4,406.1 1 0
github.com/zyvorai/transiva/providers/gcp/export.go:408.3,408.40 1 0
github.com/zyvorai/transiva/providers/gcp/export.go:411.2,411.21 1 0
github.com/zyvorai/transiva/providers/gcp/export.go:423.2,425.1 3 0
github.com/zyvorai/transiva/providers/gcp/export.go:426.2,426.40 3 0
github.com/zyvorai/transiva/providers/gcp/export.go:427.3,429.1 2 0
github.com/zyvorai/transiva/providers/gcp/export.go:431.2,431.15 1 0
github.com/zyvorai/transiva/providers/gcp/export.go:449.2,450.1 3 0
github.com/zyvorai/transiva/providers/gcp/export.go:451.2,457.1 3 0
github.com/zyvorai/transiva/providers/gcp/export.go:458.2,458.33 3 0
github.com/zyvorai/transiva/providers/gcp/export.go:459.3,460.26 2 0
github.com/zyvorai/transiva/providers/gcp/export.go:461.4,462.1 1 0
github.com/zyvorai/transiva/providers/gcp/export.go:463.3,475.74 1 0
github.com/zyvorai/transiva/providers/gcp/export.go:478.2,480.1 2 0
github.com/zyvorai/transiva/providers/gcp/export.go:481.2,481.59 2 0
github.com/zyvorai/transiva/providers/gcp/export.go:486.2,487.1 1 0
github.com/zyvorai/transiva/providers/gcp/export.go:491.2,492.1 2 0
github.com/zyvorai/transiva/providers/gcp/export.go:494.2,494.40 2 0
github.com/zyvorai/transiva/providers/gcp/export.go:495.3,496.1 1 0
github.com/zyvorai/transiva/providers/gcp/export.go:499.2,500.22 2 0
github.com/zyvorai/transiva/providers/gcp/export.go:501.3,502.1 4 0
github.com/zyvorai/transiva/providers/gcp/export.go:503.3,510.1 4 0
github.com/zyvorai/transiva/providers/gcp/export.go:512.3,513.17 4 0
github.com/zyvorai/transiva/providers/gcp/export.go:514.4,515.1 1 0
github.com/zyvorai/transiva/providers/gcp/export.go:518.3,520.1 4 0
github.com/zyvorai/transiva/providers/gcp/export.go:521.3,522.17 4 0
github.com/zyvorai/transiva/providers/gcp/export.go:523.4,524.1 1 0
github.com/zyvorai/transiva/providers/gcp/export.go:526.3,526.81 1 0
github.com/zyvorai/transiva/providers/gcp/export.go:529.2,534.1 2 0
github.com/zyvorai/transiva/providers/gcp/export.go:539.2,539.20 2 0
github.com/zyvorai/transiva/providers/gcp/export.go:545.2,546.36 2 0
github.com/zyvorai/transiva/providers/gcp/export.go:547.3,547.62 1 0
github.com/zyvorai/transiva/providers/gcp/export.go:548.4,549.1 1 0
github.com/zyvorai/transiva/providers/gcp/export.go:550.4,551.1 1 0
github.com/zyvorai/transiva/providers/gcp/export.go:554.2,555.16 2 0
github.com/zyvorai/transiva/providers/gcp/export.go:556.3,557.1 1 0
github.com/zyvorai/transiva/providers/gcp/export.go:558.2,559.1 5 0
github.com/zyvorai/transiva/providers/gcp/export.go:561.2,563.1 5 0
github.com/zyvorai/transiva/providers/gcp/export.go:564.2,565.16 5 0
github.com/zyvorai/transiva/providers/gcp/export.go:566.3,567.1 1 0
github.com/zyvorai/transiva/providers/gcp/export.go:569.2,571.1 3 0
github.com/zyvorai/transiva/providers/gcp/export.go:573.2,573.67 3 0
github.com/zyvorai/transiva/providers/gcp/export.go:574.3,575.1 1 0
github.com/zyvorai/transiva/providers/gcp/export.go:580.2,581.16 2 0
github.com/zyvorai/transiva/providers/gcp/export.go:582.3,583.1 1 0
github.com/zyvorai/transiva/providers/gcp/export.go:584.2,585.1 3 0
github.com/zyvorai/transiva/providers/gcp/export.go:587.2,588.16 3 0
github.com/zyvorai/transiva/providers/gcp/export.go:589.3,590.1 1 0
github.com/zyvorai/transiva/providers/gcp/export.go:591.2,592.1 3 0
github.com/zyvorai/transiva/providers/gcp/export.go:594.2,595.51 3 0
github.com/zyvorai/transiva/providers/gcp/export.go:596.3,605.1 2 0
github.com/zyvorai/transiva/providers/gcp/export.go:609.2,609.29 1 0
github.com/zyvorai/transiva/providers/gcp/export.go:610.3,611.1 1 0
github.com/zyvorai/transiva/providers/gcp/export.go:614.2,615.16 2 0
github.com/zyvorai/transiva/providers/gcp/export.go:616.3,617.1 1 0
github.com/zyvorai/transiva/providers/gcp/export.go:619.2,619.26 1 0
github.com/zyvorai/transiva/providers/gcp/export.go:620.3,621.1 1 0
github.com/zyvorai/transiva/providers/gcp/export.go:623.2,623.21 1 0
github.com/zyvorai/transiva/providers/gcp/export.go:638.2,639.1 3 0
github.com/zyvorai/transiva/providers/gcp/export.go:641.2,642.1 3 0
github.com/zyvorai/transiva/providers/gcp/export.go:644.2,644.25 3 0
github.com/zyvorai/transiva/providers/gcp/export.go:645.3,646.1 1 0
github.com/zyvorai/transiva/providers/gcp/export.go:648.2,648.15 1 0
github.com/zyvorai/transiva/providers/gcp/export_options.go:36.2,44.1 1 0
github.com/zyvorai/transiva/providers/gcp/export_options.go:49.2,49.51 1 0
github.com/zyvorai/transiva/providers/gcp/export_options.go:50.3,51.1 1 0
github.com/zyvorai/transiva/providers/gcp/export_options.go:53.2,53.26 1 0
github.com/zyvorai/transiva/providers/gcp/export_options.go:54.3,55.1 1 0
github.com/zyvorai/transiva/providers/gcp/export_options.go:57.2,57.51 1 0
github.com/zyvorai/transiva/providers/gcp/export_options.go:58.3,59.1 1 0
github.com/zyvorai/transiva/providers/gcp/export_options.go:61.2,61.28 1 0
github.com/zyvorai/transiva/providers/gcp/export_options.go:62.3,63.1 1 0
github.com/zyvorai/transiva/providers/gcp/export_options.go:65.2,65.12 1 0
github.com/zyvorai/transiva/providers/gcp/provider.go:22.2,26.1 1 1
github.com/zyvorai/transiva/providers/gcp/provider.go:30.2,31.1 1 2
github.com/zyvorai/transiva/providers/gcp/provider.go:35.2,36.1 1 2
github.com/zyvorai/transiva/providers/gcp/provider.go:41.2,46.1 6 0
github.com/zyvorai/transiva/providers/gcp/provider.go:48.2,48.27 6 0
github.com/zyvorai/transiva/providers/gcp/provider.go:49.3,50.1 1 0
github.com/zyvorai/transiva/providers/gcp/provider.go:53.2,53.16 1 0
github.com/zyvorai/transiva/providers/gcp/provider.go:54.3,55.1 1 0
github.com/zyvorai/transiva/providers/gcp/provider.go:56.2,56.18 1 0
github.com/zyvorai/transiva/providers/gcp/provider.go:57.3,58.1 1 0
github.com/zyvorai/transiva/providers/gcp/provider.go:61.2,67.1 3 0
github.com/zyvorai/transiva/providers/gcp/provider.go:70.2,71.16 3 0
github.com/zyvorai/transiva/providers/gcp/provider.go:72.3,73.1 1 0
github.com/zyvorai/transiva/providers/gcp/provider.go:75.2,77.12 3 0
github.com/zyvorai/transiva/providers/gcp/provider.go:82.2,82.21 1 1
github.com/zyvorai/transiva/providers/gcp/provider.go:83.3,84.1 1 0
github.com/zyvorai/transiva/providers/gcp/provider.go:85.2,85.12 1 1
github.com/zyvorai/transiva/providers/gcp/provider.go:90.2,90.21 1 0
github.com/zyvorai/transiva/providers/gcp/provider.go:91.3,92.1 1 0
github.com/zyvorai/transiva/providers/gcp/provider.go:94.2,94.42 1 0
github.com/zyvorai/transiva/providers/gcp/provider.go:99.2,99.21 1 0
github.com/zyvorai/transiva/providers/gcp/provider.go:100.3,101.1 1 0
github.com/zyvorai/transiva/providers/gcp/provider.go:103.2,104.16 2 0
github.com/zyvorai/transiva/providers/gcp/provider.go:105.3,106.1 1 0
github.com/zyvorai/transiva/providers/gcp/provider.go:108.2,109.33 2 0
github.com/zyvorai/transiva/providers/gcp/provider.go:110.3,124.1 2 0
github.com/zyvorai/transiva/providers/gcp/provider.go:125.3,126.1 2 0
github.com/zyvorai/transiva/providers/gcp/provider.go:128.2,128.20 1 0
github.com/zyvorai/transiva/providers/gcp/provider.go:133.2,133.21 1 0
github.com/zyvorai/transiva/providers/gcp/provider.go:134.3,135.1 1 0
github.com/zyvorai/transiva/providers/gcp/provider.go:137.2,138.16 2 0
github.com/zyvorai/transiva/providers/gcp/provider.go:139.3,140.1 1 0
github.com/zyvorai/transiva/providers/gcp/provider.go:142.2,155.8 1 0
github.com/zyvorai/transiva/providers/gcp/provider.go:160.2,160.21 1 0
github.com/zyvorai/transiva/providers/gcp/provider.go:161.3,162.1 1 0
github.com/zyvorai/transiva/providers/gcp/provider.go:164.2,165.16 2 0
github.com/zyvorai/transiva/providers/gcp/provider.go:166.3,167.1 1 0
github.com/zyvorai/transiva/providers/gcp/provider.go:169.2,170.33 2 0
github.com/zyvorai/transiva/providers/gcp/provider.go:171.3,183.1 2 0
github.com/zyvorai/transiva/providers/gcp/provider.go:184.3,185.1 2 0
github.com/zyvorai/transiva/providers/gcp/provider.go:187.2,187.20 1 0
github.com/zyvorai/transiva/providers/gcp/provider.go:192.2,192.21 1 0
github.com/zyvorai/transiva/providers/gcp/provider.go:193.3,194.1 1 0
github.com/zyvorai/transiva/providers/gcp/provider.go:197.2,198.21 2 0
github.com/zyvorai/transiva/providers/gcp/provider.go:199.3,200.1 1 0
github.com/zyvorai/transiva/providers/gcp/provider.go:203.2,203.45 1 0
github.com/zyvorai/transiva/providers/gcp/provider.go:204.3,205.17 2 0
github.com/zyvorai/transiva/providers/gcp/provider.go:206.4,207.1 1 0
github.com/zyvorai/transiva/providers/gcp/provider.go:209.3,209.24 1 0
github.com/zyvorai/transiva/providers/gcp/provider.go:210.4,211.1 1 0
github.com/zyvorai/transiva/providers/gcp/provider.go:214.3,214.23 1 0
github.com/zyvorai/transiva/providers/gcp/provider.go:215.4,215.85 1 0
github.com/zyvorai/transiva/providers/gcp/provider.go:216.5,217.1 1 0
github.com/zyvorai/transiva/providers/gcp/provider.go:221.3,237.9 2 0
github.com/zyvorai/transiva/providers/gcp/provider.go:241.2,242.16 2 0
github.com/zyvorai/transiva/providers/gcp/provider.go:243.3,244.1 1 0
github.com/zyvorai/transiva/providers/gcp/provider.go:246.2,254.8 1 0
github.com/zyvorai/transiva/providers/gcp/provider.go:259.2,266.1 1 1
github.com/zyvorai/transiva/providers/alibabacloud/client.go:27.2,27.16 1 0
github.com/zyvorai/transiva/providers/alibabacloud/client.go:28.3,29.1 1 0
github.com/zyvorai/transiva/providers/alibabacloud/client.go:32.2,33.16 2 0
github.com/zyvorai/transiva/providers/alibabacloud/client.go:34.3,35.1 1 0
github.com/zyvorai/transiva/providers/alibabacloud/client.go:38.2,44.1 3 0
github.com/zyvorai/transiva/providers/alibabacloud/client.go:45.2,46.1 3 0
github.com/zyvorai/transiva/providers/alibabacloud/client.go:47.2,52.8 3 0
github.com/zyvorai/transiva/providers/alibabacloud/client.go:57.2,58.1 1 0
github.com/zyvorai/transiva/providers/alibabacloud/client.go:62.2,62.105 1 0
github.com/zyvorai/transiva/providers/alibabacloud/client.go:63.3,63.18 1 0
github.com/zyvorai/transiva/providers/alibabacloud/client.go:64.4,65.1 1 0
github.com/zyvorai/transiva/providers/alibabacloud/client.go:67.3,70.1 5 0
github.com/zyvorai/transiva/providers/alibabacloud/client.go:71.3,72.17 5 0
github.com/zyvorai/transiva/providers/alibabacloud/client.go:73.4,74.1 1 0
github.com/zyvorai/transiva/providers/alibabacloud/client.go:76.3,77.52 2 0
github.com/zyvorai/transiva/providers/alibabacloud/client.go:78.4,87.1 1 0
github.com/zyvorai/transiva/providers/alibabacloud/client.go:89.3,89.24 1 0
github.com/zyvorai/transiva/providers/alibabacloud/client.go:92.2,92.16 1 0
github.com/zyvorai/transiva/providers/alibabacloud/client.go:93.3,94.1 1 0
github.com/zyvorai/transiva/providers/alibabacloud/client.go:96.2,96.37 1 0
github.com/zyvorai/transiva/providers/alibabacloud/client.go:101.2,101.105 1 0
github.com/zyvorai/transiva/providers/alibabacloud/client.go:102.3,102.18 1 0
github.com/zyvorai/transiva/providers/alibabacloud/client.go:103.4,104.1 1 0
github.com/zyvorai/transiva/providers/alibabacloud/client.go:106.3,109.1 5 0
github.com/zyvorai/transiva/providers/alibabacloud/client.go:110.3,111.17 5 0
github.com/zyvorai/transiva/providers/alibabacloud/client.go:112.4,113.1 1 0
github.com/zyvorai/transiva/providers/alibabacloud/client.go:115.3,115.44 1 0
github.com/zyvorai/transiva/providers/alibabacloud/client.go:116.4,117.1 1 0
github.com/zyvorai/transiva/providers/alibabacloud/client.go:119.3,128.1 3 0
github.com/zyvorai/transiva/providers/alibabacloud/client.go:130.3,130.19 3 0
github.com/zyvorai/transiva/providers/alibabacloud/client.go:133.2,133.16 1 0
github.com/zyvorai/transiva/providers/alibabacloud/client.go:134.3,135.1 1 0
github.com/zyvorai/transiva/providers/alibabacloud/client.go:137.2,137.36 1 0
github.com/zyvorai/transiva/providers/alibabacloud/client.go:142.2,142.72 1 0
github.com/zyvorai/transiva/providers/alibabacloud/client.go:143.3,143.18 1 0
github.com/zyvorai/transiva/providers/alibabacloud/client.go:144.4,145.1 1 0
github.com/zyvorai/transiva/providers/alibabacloud/client.go:147.3,150.1 5 0
github.com/zyvorai/transiva/providers/alibabacloud/client.go:151.3,152.17 5 0
github.com/zyvorai/transiva/providers/alibabacloud/client.go:153.4,154.1 1 0
github.com/zyvorai/transiva/providers/alibabacloud/client.go:156.3,157.13 2 0
github.com/zyvorai/transiva/providers/alibabacloud/client.go:163.2,163.72 1 0
github.com/zyvorai/transiva/providers/alibabacloud/client.go:164.3,164.18 1 0
github.com/zyvorai/transiva/providers/alibabacloud/client.go:165.4,166.1 1 0
github.com/zyvorai/transiva/providers/alibabacloud/client.go:168.3,171.1 5 0
github.com/zyvorai/transiva/providers/alibabacloud/client.go:172.3,173.17 5 0
github.com/zyvorai/transiva/providers/alibabacloud/client.go:174.4,175.1 1 0
github.com/zyvorai/transiva/providers/alibabacloud/client.go:177.3,178.13 2 0
github.com/zyvorai/transiva/providers/alibabacloud/client.go:184.2,184.105 1 0
github.com/zyvorai/transiva/providers/alibabacloud/client.go:185.3,185.18 1 0
github.com/zyvorai/transiva/providers/alibabacloud/client.go:186.4,187.1 1 0
github.com/zyvorai/transiva/providers/alibabacloud/client.go:189.3,193.1 6 0
github.com/zyvorai/transiva/providers/alibabacloud/client.go:194.3,195.17 6 0
github.com/zyvorai/transiva/providers/alibabacloud/client.go:196.4,197.1 1 0
github.com/zyvorai/transiva/providers/alibabacloud/client.go:199.3,200.34 2 0
github.com/zyvorai/transiva/providers/alibabacloud/client.go:203.2,203.16 1 0
github.com/zyvorai/transiva/providers/alibabacloud/client.go:204.3,205.1 1 0
github.com/zyvorai/transiva/providers/alibabacloud/client.go:207.2,207.29 1 0
github.com/zyvorai/transiva/providers/alibabacloud/client.go:212.2,212.105 1 0
github.com/zyvorai/transiva/providers/alibabacloud/client.go:213.3,213.18 1 0
github.com/zyvorai/transiva/providers/alibabacloud/client.go:214.4,215.1 1 0
github.com/zyvorai/transiva/providers/alibabacloud/client.go:217.3,221.1 6 0
github.com/zyvorai/transiva/providers/alibabacloud/client.go:222.3,223.17 6 0
github.com/zyvorai/transiva/providers/alibabacloud/client.go:224.4,225.1 1 0
github.com/zyvorai/transiva/providers/alibabacloud/client.go:227.3,228.31 2 0
github.com/zyvorai/transiva/providers/alibabacloud/client.go:231.2,231.16 1 0
github.com/zyvorai/transiva/providers/alibabacloud/client.go:232.3,233.1 1 0
github.com/zyvorai/transiva/providers/alibabacloud/client.go:235.2,235.29 1 0
github.com/zyvorai/transiva/providers/alibabacloud/client.go:240.2,243.1 5 0
github.com/zyvorai/transiva/providers/alibabacloud/client.go:244.2,247.1 5 0
github.com/zyvorai/transiva/providers/alibabacloud/client.go:248.2,248.6 5 0
github.com/zyvorai/transiva/providers/alibabacloud/client.go:249.3,249.10 1 0
github.com/zyvorai/transiva/providers/alibabacloud/client.go:251.4,251.20 1 0
github.com/zyvorai/transiva/providers/alibabacloud/client.go:253.4,253.34 1 0
github.com/zyvorai/transiva/providers/alibabacloud/client.go:254.5,255.1 1 0
github.com/zyvorai/transiva/providers/alibabacloud/client.go:257.4,260.1 5 0
github.com/zyvorai/transiva/providers/alibabacloud/client.go:261.4,262.18 5 0
github.com/zyvorai/transiva/providers/alibabacloud/client.go:263.5,264.1 1 0
github.com/zyvorai/transiva/providers/alibabacloud/client.go:266.4,266.39 1 0
github.com/zyvorai/transiva/providers/alibabacloud/client.go:267.5,268.1 1 0
github.com/zyvorai/transiva/providers/alibabacloud/client.go:270.4,274.1 3 0
github.com/zyvorai/transiva/providers/alibabacloud/client.go:275.4,275.35 3 0
github.com/zyvorai/transiva/providers/alibabacloud/client.go:276.5,278.1 2 0
github.com/zyvorai/transiva/providers/alibabacloud/client.go:280.4,280.38 1 0
github.com/zyvorai/transiva/providers/alibabacloud/client.go:281.5,282.1 1 0
github.com/zyvorai/transiva/providers/alibabacloud/client.go:289.2,289.72 1 0
github.com/zyvorai/transiva/providers/alibabacloud/client.go:290.3,290.18 1 0
github.com/zyvorai/transiva/providers/alibabacloud/client.go:291.4,292.1 1 0
github.com/zyvorai/transiva/providers/alibabacloud/client.go:294.3,297.1 5 0
github.com/zyvorai/transiva/providers/alibabacloud/client.go:298.3,299.17 5 0
github.com/zyvorai/transiva/providers/alibabacloud/client.go:301.4,301.28 1 0
github.com/zyvorai/transiva/providers/alibabacloud/client.go:302.5,303.1 1 0
github.com/zyvorai/transiva/providers/alibabacloud/client.go:304.4,304.46 1 0
github.com/zyvorai/transiva/providers/alibabacloud/client.go:307.3,308.13 2 0
github.com/zyvorai/transiva/providers/alibabacloud/client.go:325.2,325.16 1 6
github.com/zyvorai/transiva/providers/alibabacloud/client.go:326.3,327.1 1 1
github.com/zyvorai/transiva/providers/alibabacloud/client.go:329.2,332.49 2 5
github.com/zyvorai/transiva/providers/alibabacloud/client.go:336.2,339.1 1 22
github.com/zyvorai/transiva/providers/alibabacloud/client.go:342.2,342.43 1 13
github.com/zyvorai/transiva/providers/alibabacloud/client.go:343.3,343.35 1 102
github.com/zyvorai/transiva/providers/alibabacloud/client.go:344.4,345.1 1 6
github.com/zyvorai/transiva/providers/alibabacloud/client.go:347.2,347.14 1 7
github.com/zyvorai/transiva/providers/alibabacloud/export.go:39.2,40.1 5 0
github.com/zyvorai/transiva/providers/alibabacloud/export.go:41.2,44.1 5 0
github.com/zyvorai/transiva/providers/alibabacloud/export.go:46.2,48.16 5 0
github.com/zyvorai/transiva/providers/alibabacloud/export.go:49.3,50.1 1 0
github.com/zyvorai/transiva/providers/alibabacloud/export.go:53.2,54.21 2 0
github.com/zyvorai/transiva/providers/alibabacloud/export.go:55.3,56.1 1 0
github.com/zyvorai/transiva/providers/alibabacloud/export.go:58.2,60.16 3 0
github.com/zyvorai/transiva/providers/alibabacloud/export.go:61.3,62.1 1 0
github.com/zyvorai/transiva/providers/alibabacloud/export.go:64.2,70.1 2 0
github.com/zyvorai/transiva/providers/alibabacloud/export.go:73.2,73.28 2 0
github.com/zyvorai/transiva/providers/alibabacloud/export.go:74.3,74.16 1 0
github.com/zyvorai/transiva/providers/alibabacloud/export.go:75.4,76.71 2 0
github.com/zyvorai/transiva/providers/alibabacloud/export.go:77.5,78.1 1 0
github.com/zyvorai/transiva/providers/alibabacloud/export.go:83.2,84.74 2 0
github.com/zyvorai/transiva/providers/alibabacloud/export.go:85.3,86.1 1 0
github.com/zyvorai/transiva/providers/alibabacloud/export.go:89.2,89.22 1 0
github.com/zyvorai/transiva/providers/alibabacloud/export.go:90.3,93.1 3 0
github.com/zyvorai/transiva/providers/alibabacloud/export.go:94.3,95.17 3 0
github.com/zyvorai/transiva/providers/alibabacloud/export.go:96.4,97.1 1 0
github.com/zyvorai/transiva/providers/alibabacloud/export.go:99.3,99.25 1 0
github.com/zyvorai/transiva/providers/alibabacloud/export.go:102.2,103.1 3 0
github.com/zyvorai/transiva/providers/alibabacloud/export.go:104.2,107.1 3 0
github.com/zyvorai/transiva/providers/alibabacloud/export.go:108.2,108.20 3 0
github.com/zyvorai/transiva/providers/alibabacloud/export.go:113.2,113.105 1 0
github.com/zyvorai/transiva/providers/alibabacloud/export.go:114.3,114.18 1 0
github.com/zyvorai/transiva/providers/alibabacloud/export.go:115.4,116.1 1 0
github.com/zyvorai/transiva/providers/alibabacloud/export.go:119.3,125.1 8 0
github.com/zyvorai/transiva/providers/alibabacloud/export.go:126.3,127.17 8 0
github.com/zyvorai/transiva/providers/alibabacloud/export.go:128.4,129.1 1 0
github.com/zyvorai/transiva/providers/alibabacloud/export.go:131.3,133.1 3 0
github.com/zyvorai/transiva/providers/alibabacloud/export.go:135.3,135.74 3 0
github.com/zyvorai/transiva/providers/alibabacloud/export.go:136.4,137.1 1 0
github.com/zyvorai/transiva/providers/alibabacloud/export.go:139.3,140.21 2 0
github.com/zyvorai/transiva/providers/alibabacloud/export.go:143.2,143.16 1 0
github.com/zyvorai/transiva/providers/alibabacloud/export.go:144.3,145.1 1 0
github.com/zyvorai/transiva/providers/alibabacloud/export.go:147.2,147.29 1 0
github.com/zyvorai/transiva/providers/alibabacloud/export.go:152.2,155.1 5 0
github.com/zyvorai/transiva/providers/alibabacloud/export.go:156.2,159.1 5 0
github.com/zyvorai/transiva/providers/alibabacloud/export.go:160.2,160.6 5 0
github.com/zyvorai/transiva/providers/alibabacloud/export.go:161.3,161.10 1 0
github.com/zyvorai/transiva/providers/alibabacloud/export.go:163.4,163.20 1 0
github.com/zyvorai/transiva/providers/alibabacloud/export.go:165.4,165.34 1 0
github.com/zyvorai/transiva/providers/alibabacloud/export.go:166.5,167.1 1 0
github.com/zyvorai/transiva/providers/alibabacloud/export.go:169.4,172.1 5 0
github.com/zyvorai/transiva/providers/alibabacloud/export.go:173.4,174.18 5 0
github.com/zyvorai/transiva/providers/alibabacloud/export.go:175.5,176.1 1 0
github.com/zyvorai/transiva/providers/alibabacloud/export.go:178.4,178.39 1 0
github.com/zyvorai/transiva/providers/alibabacloud/export.go:179.5,180.1 1 0
github.com/zyvorai/transiva/providers/alibabacloud/export.go:182.4,186.1 3 0
github.com/zyvorai/transiva/providers/alibabacloud/export.go:187.4,187.37 3 0
github.com/zyvorai/transiva/providers/alibabacloud/export.go:188.5,190.1 2 0
github.com/zyvorai/transiva/providers/alibabacloud/export.go:192.4,192.35 1 0
github.com/zyvorai/transiva/providers/alibabacloud/export.go:193.5,194.1 1 0
github.com/zyvorai/transiva/providers/oci/client.go:28.2,28.16 1 0
github.com/zyvorai/transiva/providers/oci/client.go:29.3,30.1 1 0
github.com/zyvorai/transiva/providers/oci/client.go:33.2,41.1 3 0
github.com/zyvorai/transiva/providers/oci/client.go:43.2,44.16 3 0
github.com/zyvorai/transiva/providers/oci/client.go:45.3,46.1 1 0
github.com/zyvorai/transiva/providers/oci/client.go:49.2,50.1 4 0
github.com/zyvorai/transiva/providers/oci/client.go:52.2,58.1 4 0
github.com/zyvorai/transiva/providers/oci/client.go:59.2,60.1 4 0
github.com/zyvorai/transiva/providers/oci/client.go:61.2,66.8 4 0
github.com/zyvorai/transiva/providers/oci/client.go:71.2,72.1 1 0
github.com/zyvorai/transiva/providers/oci/client.go:76.2,76.105 1 0
github.com/zyvorai/transiva/providers/oci/client.go:77.3,77.18 1 0
github.com/zyvorai/transiva/providers/oci/client.go:78.4,79.1 1 0
github.com/zyvorai/transiva/providers/oci/client.go:81.3,83.1 3 0
github.com/zyvorai/transiva/providers/oci/client.go:85.3,86.17 3 0
github.com/zyvorai/transiva/providers/oci/client.go:87.4,88.1 1 0
github.com/zyvorai/transiva/providers/oci/client.go:90.3,91.43 2 0
github.com/zyvorai/transiva/providers/oci/client.go:92.4,101.1 1 0
github.com/zyvorai/transiva/providers/oci/client.go:103.3,103.24 1 0
github.com/zyvorai/transiva/providers/oci/client.go:106.2,106.16 1 0
github.com/zyvorai/transiva/providers/oci/client.go:107.3,108.1 1 0
github.com/zyvorai/transiva/providers/oci/client.go:110.2,110.37 1 0
github.com/zyvorai/transiva/providers/oci/client.go:115.2,115.105 1 0
github.com/zyvorai/transiva/providers/oci/client.go:116.3,116.18 1 0
github.com/zyvorai/transiva/providers/oci/client.go:117.4,118.1 1 0
github.com/zyvorai/transiva/providers/oci/client.go:120.3,122.1 3 0
github.com/zyvorai/transiva/providers/oci/client.go:124.3,125.17 3 0
github.com/zyvorai/transiva/providers/oci/client.go:127.4,127.28 1 0
github.com/zyvorai/transiva/providers/oci/client.go:128.5,129.1 1 0
github.com/zyvorai/transiva/providers/oci/client.go:130.4,130.51 1 0
github.com/zyvorai/transiva/providers/oci/client.go:133.3,142.1 3 0
github.com/zyvorai/transiva/providers/oci/client.go:144.3,144.19 3 0
github.com/zyvorai/transiva/providers/oci/client.go:147.2,147.16 1 0
github.com/zyvorai/transiva/providers/oci/client.go:148.3,149.1 1 0
github.com/zyvorai/transiva/providers/oci/client.go:151.2,151.36 1 0
github.com/zyvorai/transiva/providers/oci/client.go:156.2,156.72 1 0
github.com/zyvorai/transiva/providers/oci/client.go:157.3,157.18 1 0
github.com/zyvorai/transiva/providers/oci/client.go:158.4,159.1 1 0
github.com/zyvorai/transiva/providers/oci/client.go:161.3,164.1 3 0
github.com/zyvorai/transiva/providers/oci/client.go:166.3,167.17 3 0
github.com/zyvorai/transiva/providers/oci/client.go:168.4,169.1 1 0
github.com/zyvorai/transiva/providers/oci/client.go:171.3,172.13 2 0
github.com/zyvorai/transiva/providers/oci/client.go:178.2,178.72 1 0
github.com/zyvorai/transiva/providers/oci/client.go:179.3,179.18 1 0
github.com/zyvorai/transiva/providers/oci/client.go:180.4,181.1 1 0
github.com/zyvorai/transiva/providers/oci/client.go:183.3,186.1 3 0
github.com/zyvorai/transiva/providers/oci/client.go:188.3,189.17 3 0
github.com/zyvorai/transiva/providers/oci/client.go:190.4,191.1 1 0
github.com/zyvorai/transiva/providers/oci/client.go:193.3,194.13 2 0
github.com/zyvorai/transiva/providers/oci/client.go:200.2,204.1 5 0
github.com/zyvorai/transiva/providers/oci/client.go:205.2,208.1 5 0
github.com/zyvorai/transiva/providers/oci/client.go:209.2,209.6 5 0
github.com/zyvorai/transiva/providers/oci/client.go:210.3,210.10 1 0
github.com/zyvorai/transiva/providers/oci/client.go:212.4,212.20 1 0
github.com/zyvorai/transiva/providers/oci/client.go:214.4,214.34 1 0
github.com/zyvorai/transiva/providers/oci/client.go:215.5,216.1 1 0
github.com/zyvorai/transiva/providers/oci/client.go:218.4,219.18 2 0
github.com/zyvorai/transiva/providers/oci/client.go:220.5,221.1 1 0
github.com/zyvorai/transiva/providers/oci/client.go:223.4,228.1 3 0
github.com/zyvorai/transiva/providers/oci/client.go:229.4,229.36 3 0
github.com/zyvorai/transiva/providers/oci/client.go:230.5,234.1 2 0
github.com/zyvorai/transiva/providers/oci/client.go:237.4,238.60 1 0
github.com/zyvorai/transiva/providers/oci/client.go:239.5,240.1 1 0
github.com/zyvorai/transiva/providers/oci/client.go:258.2,258.16 1 6
github.com/zyvorai/transiva/providers/oci/client.go:259.3,260.1 1 1
github.com/zyvorai/transiva/providers/oci/client.go:263.2,265.26 2 5
github.com/zyvorai/transiva/providers/oci/client.go:269.2,272.1 1 20
github.com/zyvorai/transiva/providers/oci/client.go:275.2,275.43 1 16
github.com/zyvorai/transiva/providers/oci/client.go:276.3,276.35 1 113
github.com/zyvorai/transiva/providers/oci/client.go:277.4,278.1 1 9
github.com/zyvorai/transiva/providers/oci/client.go:280.2,280.14 1 7
github.com/zyvorai/transiva/providers/oci/export.go:49.2,50.1 5 0
github.com/zyvorai/transiva/providers/oci/export.go:51.2,54.1 5 0
github.com/zyvorai/transiva/providers/oci/export.go:56.2,58.16 5 0
github.com/zyvorai/transiva/providers/oci/export.go:59.3,60.1 1 0
github.com/zyvorai/transiva/providers/oci/export.go:63.2,64.21 2 0
github.com/zyvorai/transiva/providers/oci/export.go:65.3,66.1 1 0
github.com/zyvorai/transiva/providers/oci/export.go:68.2,70.16 3 0
github.com/zyvorai/transiva/providers/oci/export.go:71.3,72.1 1 0
github.com/zyvorai/transiva/providers/oci/export.go:74.2,80.1 2 0
github.com/zyvorai/transiva/providers/oci/export.go:83.2,83.28 2 0
github.com/zyvorai/transiva/providers/oci/export.go:84.3,84.16 1 0
github.com/zyvorai/transiva/providers/oci/export.go:85.4,86.71 2 0
github.com/zyvorai/transiva/providers/oci/export.go:87.5,88.1 1 0
github.com/zyvorai/transiva/providers/oci/export.go:93.2,93.32 1 0
github.com/zyvorai/transiva/providers/oci/export.go:94.3,97.1 3 0
github.com/zyvorai/transiva/providers/oci/export.go:98.3,99.17 3 0
github.com/zyvorai/transiva/providers/oci/export.go:100.4,101.1 1 0
github.com/zyvorai/transiva/providers/oci/export.go:103.3,104.21 2 0
github.com/zyvorai/transiva/providers/oci/export.go:108.2,108.26 1 0
github.com/zyvorai/transiva/providers/oci/export.go:109.3,110.1 3 0
github.com/zyvorai/transiva/providers/oci/export.go:111.3,112.17 3 0
github.com/zyvorai/transiva/providers/oci/export.go:113.4,114.1 1 0
github.com/zyvorai/transiva/providers/oci/export.go:116.3,117.21 2 0
github.com/zyvorai/transiva/providers/oci/export.go:120.2,121.1 3 0
github.com/zyvorai/transiva/providers/oci/export.go:122.2,126.1 3 0
github.com/zyvorai/transiva/providers/oci/export.go:127.2,127.20 3 0
github.com/zyvorai/transiva/providers/oci/export.go:132.2,132.106 1 0
github.com/zyvorai/transiva/providers/oci/export.go:133.3,133.18 1 0
github.com/zyvorai/transiva/providers/oci/export.go:134.4,135.1 1 0
github.com/zyvorai/transiva/providers/oci/export.go:137.3,143.1 3 0
github.com/zyvorai/transiva/providers/oci/export.go:145.3,146.17 3 0
github.com/zyvorai/transiva/providers/oci/export.go:147.4,148.1 1 0
github.com/zyvorai/transiva/providers/oci/export.go:150.3,152.1 3 0
github.com/zyvorai/transiva/providers/oci/export.go:154.3,154.110 3 0
github.com/zyvorai/transiva/providers/oci/export.go:155.4,156.1 1 0
github.com/zyvorai/transiva/providers/oci/export.go:158.3,158.22 1 0
github.com/zyvorai/transiva/providers/oci/export.go:161.2,161.16 1 0
github.com/zyvorai/transiva/providers/oci/export.go:162.3,163.1 1 0
github.com/zyvorai/transiva/providers/oci/export.go:165.2,165.30 1 0
github.com/zyvorai/transiva/providers/oci/export.go:170.2,171.1 3 0
github.com/zyvorai/transiva/providers/oci/export.go:172.2,178.1 3 0
github.com/zyvorai/transiva/providers/oci/export.go:184.2,184.72 3 0
github.com/zyvorai/transiva/providers/oci/export.go:185.3,185.18 1 0
github.com/zyvorai/transiva/providers/oci/export.go:186.4,187.1 1 0
github.com/zyvorai/transiva/providers/oci/export.go:191.3,194.1 2 0
github.com/zyvorai/transiva/providers/oci/export.go:195.3,195.13 2 0
github.com/zyvorai/transiva/providers/oci/export.go:198.2,198.16 1 0
github.com/zyvorai/transiva/providers/oci/export.go:199.3,200.1 1 0
github.com/zyvorai/transiva/providers/oci/export.go:202.2,203.1 3 0
github.com/zyvorai/transiva/providers/oci/export.go:205.2,206.16 3 0
github.com/zyvorai/transiva/providers/oci/export.go:207.3,209.1 2 0
github.com/zyvorai/transiva/providers/oci/export.go:211.2,211.29 1 0
github.com/zyvorai/transiva/providers/oci/export.go:217.2,224.1 3 0
github.com/zyvorai/transiva/providers/oci/export.go:226.2,227.16 3 0
github.com/zyvorai/transiva/providers/oci/export.go:228.3,229.1 1 0
github.com/zyvorai/transiva/providers/oci/export.go:232.2,234.1 5 0
github.com/zyvorai/transiva/providers/oci/export.go:235.2,238.1 5 0
github.com/zyvorai/transiva/providers/oci/export.go:239.2,240.16 5 0
github.com/zyvorai/transiva/providers/oci/export.go:241.3,242.1 1 0
github.com/zyvorai/transiva/providers/oci/export.go:244.2,245.1 2 0
github.com/zyvorai/transiva/providers/oci/export.go:247.2,247.85 2 0
github.com/zyvorai/transiva/providers/oci/export.go:248.3,249.1 1 0
github.com/zyvorai/transiva/providers/oci/export.go:251.2,251.29 1 0
github.com/zyvorai/transiva/providers/oci/export.go:257.2,265.1 3 0
github.com/zyvorai/transiva/providers/oci/export.go:266.2,267.16 3 0
github.com/zyvorai/transiva/providers/oci/export.go:268.3,269.1 1 0
github.com/zyvorai/transiva/providers/oci/export.go:271.2,271.105 1 0
github.com/zyvorai/transiva/providers/oci/export.go:272.3,272.18 1 0
github.com/zyvorai/transiva/providers/oci/export.go:273.4,274.1 1 0
github.com/zyvorai/transiva/providers/oci/export.go:276.3,280.1 3 0
github.com/zyvorai/transiva/providers/oci/export.go:282.3,283.17 3 0
github.com/zyvorai/transiva/providers/oci/export.go:284.4,285.1 1 0
github.com/zyvorai/transiva/providers/oci/export.go:286.3,286.16 1 0
github.com/zyvorai/transiva/providers/oci/export.go:287.4,287.61 1 0
github.com/zyvorai/transiva/providers/oci/export.go:288.5,289.1 1 0
github.com/zyvorai/transiva/providers/oci/export.go:294.3,295.17 2 0
github.com/zyvorai/transiva/providers/oci/export.go:296.4,297.1 1 0
github.com/zyvorai/transiva/providers/oci/export.go:298.3,298.16 1 0
github.com/zyvorai/transiva/providers/oci/export.go:299.4,299.49 1 0
github.com/zyvorai/transiva/providers/oci/export.go:300.5,301.1 1 0
github.com/zyvorai/transiva/providers/oci/export.go:305.3,306.36 2 0
github.com/zyvorai/transiva/providers/oci/export.go:307.4,308.1 1 0
github.com/zyvorai/transiva/providers/oci/export.go:311.3,313.1 3 0
github.com/zyvorai/transiva/providers/oci/export.go:314.3,314.7 3 0
github.com/zyvorai/transiva/providers/oci/export.go:315.4,316.14 2 0
github.com/zyvorai/transiva/providers/oci/export.go:317.5,318.15 2 0
github.com/zyvorai/transiva/providers/oci/export.go:319.6,320.37 2 0
github.com/zyvorai/transiva/providers/oci/export.go:321.7,323.1 2 0
github.com/zyvorai/transiva/providers/oci/export.go:325.5,325.18 1 0
github.com/zyvorai/transiva/providers/oci/export.go:326.6,327.1 1 0
github.com/zyvorai/transiva/providers/oci/export.go:329.4,329.17 1 0
github.com/zyvorai/transiva/providers/oci/export.go:330.5,330.21 1 0
github.com/zyvorai/transiva/providers/oci/export.go:331.6,332.1 1 0
github.com/zyvorai/transiva/providers/oci/export.go:333.5,333.10 1 0
github.com/zyvorai/transiva/providers/oci/export.go:337.3,337.22 1 0
github.com/zyvorai/transiva/providers/oci/export.go:340.2,340.16 1 0
github.com/zyvorai/transiva/providers/oci/export.go:341.3,342.1 1 0
github.com/zyvorai/transiva/providers/oci/export.go:344.2,344.28 1 0
github.com/zyvorai/transiva/providers/oci/export.go:349.2,353.1 5 0
github.com/zyvorai/transiva/providers/oci/export.go:354.2,357.1 5 0
github.com/zyvorai/transiva/providers/oci/export.go:358.2,358.6 5 0
github.com/zyvorai/transiva/providers/oci/export.go:359.3,359.10 1 0
github.com/zyvorai/transiva/providers/oci/export.go:361.4,361.20 1 0
github.com/zyvorai/transiva/providers/oci/export.go:363.4,363.34 1 0
github.com/zyvorai/transiva/providers/oci/export.go:364.5,365.1 1 0
github.com/zyvorai/transiva/providers/oci/export.go:367.4,369.1 3 0
github.com/zyvorai/transiva/providers/oci/export.go:371.4,372.18 3 0
github.com/zyvorai/transiva/providers/oci/export.go:373.5,374.1 1 0
github.com/zyvorai/transiva/providers/oci/export.go:376.4,381.1 3 0
github.com/zyvorai/transiva/providers/oci/export.go:382.4,382.36 3 0
github.com/zyvorai/transiva/providers/oci/export.go:383.5,387.1 2 0
github.com/zyvorai/transiva/providers/oci/export.go:390.4,391.54 1 0
github.com/zyvorai/transiva/providers/oci/export.go:392.5,393.1 1 0
github.com/zyvorai/transiva/providers/oci/export.go:400.2,400.72 1 0
github.com/zyvorai/transiva/providers/oci/export.go:401.3,401.18 1 0
github.com/zyvorai/transiva/providers/oci/export.go:402.4,403.1 1 0
github.com/zyvorai/transiva/providers/oci/export.go:405.3,407.1 3 0
github.com/zyvorai/transiva/providers/oci/export.go:409.3,410.17 3 0
github.com/zyvorai/transiva/providers/oci/export.go:412.4,412.28 1 0
github.com/zyvorai/transiva/providers/oci/export.go:413.5,414.1 1 0
github.com/zyvorai/transiva/providers/oci/export.go:415.4,415.46 1 0
github.com/zyvorai/transiva/providers/oci/export.go:418.3,419.13 2 0
github.com/zyvorai/transiva/providers/oci/export.go:425.2,433.1 3 0
github.com/zyvorai/transiva/providers/oci/export.go:434.2,435.16 3 0
github.com/zyvorai/transiva/providers/oci/export.go:436.3,437.1 1 0
github.com/zyvorai/transiva/providers/oci/export.go:439.2,439.72 1 0
github.com/zyvorai/transiva/providers/oci/export.go:440.3,444.1 3 0
github.com/zyvorai/transiva/providers/oci/export.go:446.3,447.17 3 0
github.com/zyvorai/transiva/providers/oci/export.go:448.4,449.1 1 0
github.com/zyvorai/transiva/providers/oci/export.go:451.3,451.13 1 0
github.com/zyvorai/transiva/providers/oci/export.go:457.2,465.1 3 0
github.com/zyvorai/transiva/providers/oci/export.go:466.2,467.16 3 0
github.com/zyvorai/transiva/providers/oci/export.go:468.3,469.1 1 0
github.com/zyvorai/transiva/providers/oci/export.go:471.2,475.1 3 0
github.com/zyvorai/transiva/providers/oci/export.go:477.2,478.16 3 0
github.com/zyvorai/transiva/providers/oci/export.go:479.3,480.1 1 0
github.com/zyvorai/transiva/providers/oci/export.go:482.2,482.35 1 0
github.com/zyvorai/transiva/providers/oci/export.go:483.3,484.1 1 0
github.com/zyvorai/transiva/providers/oci/export.go:486.2,486.15 1 0
github.com/zyvorai/transiva/cmd/hypersdk-dashboard/main.go:32.4,33.1 1 0
github.com/zyvorai/transiva/cmd/hypersdk-dashboard/main.go:45.2,46.1 6 0
github.com/zyvorai/transiva/cmd/hypersdk-dashboard/main.go:47.2,50.1 6 0
github.com/zyvorai/transiva/cmd/hypersdk-dashboard/main.go:52.2,53.16 6 0
github.com/zyvorai/transiva/cmd/hypersdk-dashboard/main.go:54.3,55.1 1 0
github.com/zyvorai/transiva/cmd/hypersdk-dashboard/main.go:57.2,61.1 14 0
github.com/zyvorai/transiva/cmd/hypersdk-dashboard/main.go:64.2,71.1 14 0
github.com/zyvorai/transiva/cmd/hypersdk-dashboard/main.go:73.2,75.1 14 0
github.com/zyvorai/transiva/cmd/hypersdk-dashboard/main.go:77.2,85.1 14 0
github.com/zyvorai/transiva/cmd/hypersdk-dashboard/main.go:86.2,86.33 14 0
github.com/zyvorai/transiva/cmd/hypersdk-dashboard/main.go:91.2,91.26 1 0
github.com/zyvorai/transiva/cmd/hypersdk-dashboard/main.go:93.3,94.17 2 0
github.com/zyvorai/transiva/cmd/hypersdk-dashboard/main.go:95.4,96.1 1 0
github.com/zyvorai/transiva/cmd/hypersdk-dashboard/main.go:99.3,100.17 2 0
github.com/zyvorai/transiva/cmd/hypersdk-dashboard/main.go:101.4,102.1 1 0
github.com/zyvorai/transiva/cmd/hypersdk-dashboard/main.go:105.2,105.59 1 0
github.com/zyvorai/transiva/cmd/hypersdk-dashboard/main.go:110.2,110.23 1 0
github.com/zyvorai/transiva/cmd/hypersdk-dashboard/main.go:111.3,113.1 2 0
github.com/zyvorai/transiva/cmd/hypersdk-dashboard/main.go:115.2,205.1 3 0
github.com/zyvorai/transiva/cmd/hypersdk-dashboard/main.go:206.2,207.49 3 0
github.com/zyvorai/transiva/cmd/hypersdk-dashboard/main.go:208.3,209.1 1 0
github.com/zyvorai/transiva/cmd/hypersdk-dashboard/main.go:214.2,215.1 2 0
github.com/zyvorai/transiva/cmd/hypersdk-dashboard/main.go:216.2,216.18 2 0
github.com/zyvorai/transiva/cmd/hypersdk-dashboard/main.go:219.3,220.22 2 0
github.com/zyvorai/transiva/cmd/hypersdk-dashboard/main.go:221.4,222.1 1 0
github.com/zyvorai/transiva/cmd/hypersdk-dashboard/main.go:226.3,263.1 4 0
github.com/zyvorai/transiva/cmd/hypersdk-dashboard/main.go:265.3,266.1 4 0
github.com/zyvorai/transiva/cmd/hypersdk-dashboard/main.go:267.3,268.56 4 0
github.com/zyvorai/transiva/cmd/hypersdk-dashboard/main.go:269.4,270.1 1 0
github.com/zyvorai/transiva/cmd/hypersdk-dashboard/main.go:274.3,275.62 2 0
github.com/zyvorai/transiva/cmd/hypersdk-dashboard/main.go:276.4,278.1 2 0
github.com/zyvorai/transiva/cmd/hypersdk-dashboard/main.go:281.3,282.1 3 0
github.com/zyvorai/transiva/cmd/hypersdk-dashboard/main.go:283.3,287.18 3 0
github.com/zyvorai/transiva/cmd/hypersdk-dashboard/main.go:288.4,289.1 1 0
github.com/zyvorai/transiva/cmd/hypersdk-dashboard/main.go:292.3,292.67 1 0
github.com/zyvorai/transiva/cmd/hypersdk-dashboard/main.go:299.2,300.16 2 0
github.com/zyvorai/transiva/cmd/hypersdk-dashboard/main.go:301.3,303.1 2 0
github.com/zyvorai/transiva/cmd/hypersdk-dashboard/main.go:305.2,306.21 2 0
github.com/zyvorai/transiva/cmd/hypersdk-dashboard/main.go:307.3,308.1 1 0
github.com/zyvorai/transiva/cmd/hypersdk-dashboard/main.go:310.2,310.18 1 0
github.com/zyvorai/transiva/cmd/hypersdk-dashboard/main.go:313.3,331.1 3 0
github.com/zyvorai/transiva/cmd/hypersdk-dashboard/main.go:333.3,334.55 3 0
github.com/zyvorai/transiva/cmd/hypersdk-dashboard/main.go:335.4,336.1 1 0
github.com/zyvorai/transiva/cmd/hypersdk-dashboard/main.go:341.3,342.1 3 0
github.com/zyvorai/transiva/cmd/hypersdk-dashboard/main.go:343.3,347.18 3 0
github.com/zyvorai/transiva/cmd/hypersdk-dashboard/main.go:348.4,349.1 1 0
github.com/zyvorai/transiva/cmd/hypersdk-dashboard/main.go:352.3,352.67 1 0
github.com/zyvorai/transiva/cmd/hypersdk-dashboard/main.go:358.2,359.21 2 0
github.com/zyvorai/transiva/cmd/hypersdk-dashboard/main.go:360.3,361.1 1 0
github.com/zyvorai/transiva/cmd/hypersdk-dashboard/main.go:363.2,363.18 1 0
github.com/zyvorai/transiva/cmd/hypersdk-dashboard/main.go:366.3,385.1 3 0
github.com/zyvorai/transiva/cmd/hypersdk-dashboard/main.go:387.3,388.56 3 0
github.com/zyvorai/transiva/cmd/hypersdk-dashboard/main.go:389.4,390.1 1 0
github.com/zyvorai/transiva/cmd/hypersdk-dashboard/main.go:394.3,395.62 2 0
github.com/zyvorai/transiva/cmd/hypersdk-dashboard/main.go:396.4,398.1 2 0
github.com/zyvorai/transiva/cmd/hypersdk-dashboard/main.go:400.3,401.1 3 0
github.com/zyvorai/transiva/cmd/hypersdk-dashboard/main.go:402.3,406.18 3 0
github.com/zyvorai/transiva/cmd/hypersdk-dashboard/main.go:407.4,408.1 1 0
github.com/zyvorai/transiva/cmd/hypersdk-dashboard/main.go:411.3,411.67 1 0
github.com/zyvorai/transiva/cmd/hypersdk-dashboard/main.go:417.2,418.21 2 0
github.com/zyvorai/transiva/cmd/hypersdk-dashboard/main.go:419.3,420.1 1 0
github.com/zyvorai/transiva/cmd/hypersdk-dashboard/main.go:422.2,431.1 3 0
github.com/zyvorai/transiva/cmd/hypersdk-dashboard/main.go:433.2,434.61 3 0
github.com/zyvorai/transiva/cmd/hypersdk-dashboard/main.go:435.3,436.1 1 0
github.com/zyvorai/transiva/cmd/hypersdk-dashboard/main.go:441.2,442.21 2 0
github.com/zyvorai/transiva/cmd/hypersdk-dashboard/main.go:443.3,444.1 1 0
github.com/zyvorai/transiva/cmd/hypersdk-dashboard/main.go:446.2,465.1 3 0
github.com/zyvorai/transiva/cmd/hypersdk-dashboard/main.go:467.2,468.61 3 0
github.com/zyvorai/transiva/cmd/hypersdk-dashboard/main.go:469.3,470.1 1 0
github.com/zyvorai/transiva/cmd/hypersdk-dashboard/main.go:475.2,476.16 2 0
github.com/zyvorai/transiva/cmd/hypersdk-dashboard/main.go:477.3,479.1 2 0
github.com/zyvorai/transiva/cmd/hypersdk-dashboard/main.go:480.2,480.15 1 0
github.com/zyvorai/transiva/cmd/hypersdk-dashboard/main.go:481.3,481.40 1 0
github.com/zyvorai/transiva/cmd/hypersdk-dashboard/main.go:482.4,483.1 1 0
github.com/zyvorai/transiva/cmd/hypersdk-dashboard/main.go:486.2,488.1 4 0
github.com/zyvorai/transiva/cmd/hypersdk-dashboard/main.go:489.2,490.1 4 0
github.com/zyvorai/transiva/cmd/hypersdk-dashboard/main.go:492.2,496.17 4 0
github.com/zyvorai/transiva/cmd/hypersdk-dashboard/main.go:497.3,499.1 2 0
github.com/zyvorai/transiva/cmd/hypersdk-dashboard/main.go:502.2,504.1 3 0
github.com/zyvorai/transiva/cmd/hypersdk-dashboard/main.go:505.2,505.21 3 0
github.com/zyvorai/transiva/cmd/hypersdk-dashboard/main.go:507.3,510.18 1 0
github.com/zyvorai/transiva/cmd/hypersdk-dashboard/main.go:511.4,513.1 2 0
github.com/zyvorai/transiva/cmd/nutanix-pickup/main.go:20.2,29.1 18 0
github.com/zyvorai/transiva/cmd/nutanix-pickup/main.go:30.2,38.1 18 0
github.com/zyvorai/transiva/cmd/nutanix-pickup/main.go:39.2,39.52 18 0
github.com/zyvorai/transiva/cmd/nutanix-pickup/main.go:40.3,43.1 3 0
github.com/zyvorai/transiva/cmd/nutanix-pickup/main.go:45.2,47.1 4 0
github.com/zyvorai/transiva/cmd/nutanix-pickup/main.go:48.2,49.19 4 0
github.com/zyvorai/transiva/cmd/nutanix-pickup/main.go:50.3,51.17 2 0
github.com/zyvorai/transiva/cmd/nutanix-pickup/main.go:52.4,54.1 2 0
github.com/zyvorai/transiva/cmd/nutanix-pickup/main.go:55.3,55.53 1 0
github.com/zyvorai/transiva/cmd/nutanix-pickup/main.go:56.4,58.1 2 0
github.com/zyvorai/transiva/cmd/nutanix-pickup/main.go:60.3,61.1 1 0
github.com/zyvorai/transiva/cmd/nutanix-pickup/main.go:63.2,63.25 1 0
github.com/zyvorai/transiva/cmd/nutanix-pickup/main.go:64.3,66.1 2 0
github.com/zyvorai/transiva/cmd/nutanix-pickup/main.go:68.2,68.41 1 0
github.com/zyvorai/transiva/cmd/nutanix-pickup/main.go:72.2,84.1 4 0
github.com/zyvorai/transiva/cmd/nutanix-pickup/main.go:86.2,87.16 4 0
github.com/zyvorai/transiva/cmd/nutanix-pickup/main.go:88.3,90.1 2 0
github.com/zyvorai/transiva/cmd/nutanix-pickup/main.go:92.2,93.1 3 0
github.com/zyvorai/transiva/cmd/nutanix-pickup/main.go:94.2,95.19 3 0
github.com/zyvorai/transiva/cmd/nutanix-pickup/main.go:96.3,97.1 1 0
github.com/zyvorai/transiva/cmd/nutanix-pickup/main.go:99.2,100.16 2 0
github.com/zyvorai/transiva/cmd/nutanix-pickup/main.go:101.3,103.1 2 0
github.com/zyvorai/transiva/cmd/nutanix-pickup/main.go:105.2,106.25 2 0
github.com/zyvorai/transiva/cmd/nutanix-pickup/main.go:107.3,108.1 1 0
github.com/zyvorai/transiva/cmd/nutanix-pickup/main.go:109.2,110.1 3 0
github.com/zyvorai/transiva/cmd/nutanix-pickup/main.go:111.2,112.50 3 0
github.com/zyvorai/transiva/cmd/nutanix-pickup/main.go:113.3,114.9 2 0
github.com/zyvorai/transiva/cmd/nutanix-pickup/main.go:115.4,117.18 3 0
github.com/zyvorai/transiva/cmd/nutanix-pickup/main.go:118.5,119.1 1 0
github.com/zyvorai/transiva/cmd/nutanix-pickup/main.go:123.2,123.66 1 0
github.com/zyvorai/transiva/cmd/nutanix-pickup/main.go:127.2,127.21 1 0
github.com/zyvorai/transiva/cmd/nutanix-pickup/main.go:128.3,130.1 2 0
github.com/zyvorai/transiva/cmd/nutanix-pickup/main.go:132.2,134.16 3 0
github.com/zyvorai/transiva/cmd/nutanix-pickup/main.go:135.3,137.1 2 0
github.com/zyvorai/transiva/cmd/nutanix-pickup/main.go:139.2,144.1 3 0
github.com/zyvorai/transiva/cmd/nutanix-pickup/main.go:146.2,147.20 3 0
github.com/zyvorai/transiva/cmd/nutanix-pickup/main.go:148.3,149.20 2 0
github.com/zyvorai/transiva/cmd/nutanix-pickup/main.go:150.4,152.1 2 0
github.com/zyvorai/transiva/cmd/nutanix-pickup/main.go:155.2,155.25 1 0
github.com/zyvorai/transiva/cmd/nutanix-pickup/main.go:156.3,158.17 3 0
github.com/zyvorai/transiva/cmd/nutanix-pickup/main.go:159.4,161.1 2 0
github.com/zyvorai/transiva/cmd/nutanix-pickup/main.go:162.3,162.34 1 0
github.com/zyvorai/transiva/cmd/nutanix-pickup/main.go:163.4,164.1 1 0
github.com/zyvorai/transiva/cmd/nutanix-pickup/main.go:165.3,165.32 1 0
github.com/zyvorai/transiva/cmd/nutanix-pickup/main.go:166.4,167.1 1 0
github.com/zyvorai/transiva/cmd/nutanix-pickup/main.go:172.2,174.25 3 0
github.com/zyvorai/transiva/cmd/nutanix-pickup/main.go:175.3,175.95 1 0
github.com/zyvorai/transiva/cmd/nutanix-pickup/main.go:176.4,177.1 1 0
github.com/zyvorai/transiva/cmd/nutanix-pickup/main.go:179.2,179.12 1 0
github.com/zyvorai/transiva/cmd/nutanix-pickup/main.go:183.2,183.16 1 0
github.com/zyvorai/transiva/cmd/nutanix-pickup/main.go:185.3,185.31 1 0
github.com/zyvorai/transiva/cmd/nutanix-pickup/main.go:187.3,187.27 1 0
github.com/zyvorai/transiva/cmd/nutanix-pickup/main.go:189.3,189.27 1 0
github.com/zyvorai/transiva/cmd/nutanix-pickup/main.go:194.2,195.16 2 0
github.com/zyvorai/transiva/cmd/nutanix-pickup/main.go:196.3,198.1 2 0
github.com/zyvorai/transiva/cmd/nutanix-pickup/main.go:199.2,199.19 1 0
github.com/zyvorai/transiva/cmd/nutanix-pickup/main.go:200.3,200.59 1 0
github.com/zyvorai/transiva/cmd/nutanix-pickup/main.go:201.4,203.1 2 0
github.com/zyvorai/transiva/cmd/nutanix-pickup/main.go:204.3,205.9 2 0
github.com/zyvorai/transiva/cmd/nutanix-pickup/main.go:207.2,207.27 1 0
github.com/zyvorai/transiva/cmd/nutanix-pickup/main.go:211.2,214.29 3 0
github.com/zyvorai/transiva/cmd/nutanix-pickup/main.go:215.3,216.47 2 0
github.com/zyvorai/transiva/cmd/nutanix-pickup/main.go:217.4,218.28 2 0
github.com/zyvorai/transiva/cmd/nutanix-pickup/main.go:219.5,220.1 1 0
github.com/zyvorai/transiva/cmd/nutanix-pickup/main.go:222.3,224.54 1 0
github.com/zyvorai/transiva/cmd/nutanix-pickup/main.go:226.2,226.47 1 0
github.com/zyvorai/transiva/cmd/nutanix-pickup/main.go:230.2,230.17 1 0
github.com/zyvorai/transiva/cmd/nutanix-pickup/main.go:231.3,232.1 1 0
github.com/zyvorai/transiva/cmd/nutanix-pickup/main.go:233.2,233.24 1 0
github.com/zyvorai/transiva/providers/incremental/tracker.go:26.2,27.16 2 0
github.com/zyvorai/transiva/providers/incremental/tracker.go:28.3,29.1 1 0
github.com/zyvorai/transiva/providers/incremental/tracker.go:31.2,34.8 1 0
github.com/zyvorai/transiva/providers/incremental/tracker.go:76.2,77.1 1 0
github.com/zyvorai/transiva/providers/incremental/tracker.go:81.2,82.1 1 0
github.com/zyvorai/transiva/providers/incremental/tracker.go:86.2,90.1 4 0
github.com/zyvorai/transiva/providers/incremental/tracker.go:97.2,102.1 4 0
github.com/zyvorai/transiva/providers/incremental/tracker.go:106.2,107.1 4 0
github.com/zyvorai/transiva/providers/incremental/tracker.go:108.2,109.1 4 0
github.com/zyvorai/transiva/providers/incremental/tracker.go:114.2,115.37 2 0
github.com/zyvorai/transiva/providers/incremental/tracker.go:116.3,117.1 1 0
github.com/zyvorai/transiva/providers/incremental/tracker.go:120.2,120.51 1 0
github.com/zyvorai/transiva/providers/incremental/tracker.go:121.3,122.1 1 0
github.com/zyvorai/transiva/providers/incremental/tracker.go:125.2,125.36 1 0
github.com/zyvorai/transiva/providers/incremental/tracker.go:126.3,127.1 2 0
github.com/zyvorai/transiva/providers/incremental/tracker.go:128.3,128.31 2 0
github.com/zyvorai/transiva/providers/incremental/tracker.go:129.4,130.1 1 0
github.com/zyvorai/transiva/providers/incremental/tracker.go:132.3,132.26 1 0
github.com/zyvorai/transiva/providers/incremental/tracker.go:133.4,134.1 1 0
github.com/zyvorai/transiva/providers/incremental/tracker.go:136.3,136.30 1 0
github.com/zyvorai/transiva/providers/incremental/tracker.go:137.4,138.1 1 0
github.com/zyvorai/transiva/providers/incremental/tracker.go:142.2,143.48 2 0
github.com/zyvorai/transiva/providers/incremental/tracker.go:144.3,145.1 1 0
github.com/zyvorai/transiva/providers/incremental/tracker.go:147.2,147.17 1 0
github.com/zyvorai/transiva/providers/incremental/tracker.go:152.2,153.37 2 0
github.com/zyvorai/transiva/providers/incremental/tracker.go:155.3,156.37 2 0
github.com/zyvorai/transiva/providers/incremental/tracker.go:157.4,158.1 1 0
github.com/zyvorai/transiva/providers/incremental/tracker.go:159.3,159.24 1 0
github.com/zyvorai/transiva/providers/incremental/tracker.go:163.2,164.36 2 0
github.com/zyvorai/transiva/providers/incremental/tracker.go:166.3,167.48 2 0
github.com/zyvorai/transiva/providers/incremental/tracker.go:168.4,168.32 1 0
github.com/zyvorai/transiva/providers/incremental/tracker.go:169.5,170.10 2 0
github.com/zyvorai/transiva/providers/incremental/tracker.go:174.3,174.29 1 0
github.com/zyvorai/transiva/providers/incremental/tracker.go:176.4,177.12 2 0
github.com/zyvorai/transiva/providers/incremental/tracker.go:181.3,182.17 2 0
github.com/zyvorai/transiva/providers/incremental/tracker.go:183.4,187.1 2 0
github.com/zyvorai/transiva/providers/incremental/tracker.go:188.4,189.1 1 0
github.com/zyvorai/transiva/providers/incremental/tracker.go:192.2,192.26 1 0
github.com/zyvorai/transiva/providers/incremental/tracker.go:203.2,203.52 1 0
github.com/zyvorai/transiva/providers/incremental/tracker.go:204.3,205.1 1 0
github.com/zyvorai/transiva/providers/incremental/tracker.go:207.2,209.8 1 0
github.com/zyvorai/transiva/providers/incremental/tracker.go:217.2,217.16 1 0
github.com/zyvorai/transiva/providers/incremental/tracker.go:218.3,219.1 1 0
github.com/zyvorai/transiva/providers/incremental/tracker.go:223.2,225.1 4 0
github.com/zyvorai/transiva/providers/incremental/tracker.go:226.2,227.16 4 0
github.com/zyvorai/transiva/providers/incremental/tracker.go:228.3,229.1 1 0
github.com/zyvorai/transiva/providers/incremental/tracker.go:230.2,231.16 2 0
github.com/zyvorai/transiva/providers/incremental/tracker.go:232.3,233.1 1 0
github.com/zyvorai/transiva/providers/incremental/tracker.go:234.2,234.93 1 0
github.com/zyvorai/transiva/providers/incremental/tracker.go:235.3,236.1 1 0
github.com/zyvorai/transiva/providers/incremental/tracker.go:238.2,238.19 1 0
github.com/zyvorai/transiva/providers/incremental/tracker.go:244.2,245.16 2 0
github.com/zyvorai/transiva/providers/incremental/tracker.go:246.3,247.1 1 0
github.com/zyvorai/transiva/providers/incremental/tracker.go:248.2,248.49 1 0
github.com/zyvorai/transiva/providers/incremental/tracker.go:249.3,250.1 1 0
github.com/zyvorai/transiva/providers/incremental/tracker.go:253.2,255.1 4 0
github.com/zyvorai/transiva/providers/incremental/tracker.go:257.2,258.16 4 0
github.com/zyvorai/transiva/providers/incremental/tracker.go:259.3,260.1 1 0
github.com/zyvorai/transiva/providers/incremental/tracker.go:262.2,262.59 1 0
github.com/zyvorai/transiva/providers/incremental/tracker.go:263.3,264.1 1 0
github.com/zyvorai/transiva/providers/incremental/tracker.go:267.2,268.69 2 0
github.com/zyvorai/transiva/providers/incremental/tracker.go:269.3,270.1 1 0
github.com/zyvorai/transiva/providers/incremental/tracker.go:271.2,271.57 1 0
github.com/zyvorai/transiva/providers/incremental/tracker.go:274.3,275.1 1 0
github.com/zyvorai/transiva/providers/incremental/tracker.go:277.2,277.12 1 0
github.com/zyvorai/transiva/providers/incremental/tracker.go:282.2,283.16 2 0
github.com/zyvorai/transiva/providers/incremental/tracker.go:284.3,285.1 1 0
github.com/zyvorai/transiva/providers/incremental/tracker.go:288.2,289.54 2 0
github.com/zyvorai/transiva/providers/incremental/tracker.go:290.3,291.57 2 0
github.com/zyvorai/transiva/providers/incremental/tracker.go:292.4,293.1 1 0
github.com/zyvorai/transiva/providers/incremental/tracker.go:297.2,298.16 2 0
github.com/zyvorai/transiva/providers/incremental/tracker.go:299.3,299.25 1 0
github.com/zyvorai/transiva/providers/incremental/tracker.go:300.4,301.1 1 0
github.com/zyvorai/transiva/providers/incremental/tracker.go:302.3,302.65 1 0
github.com/zyvorai/transiva/providers/incremental/tracker.go:306.2,308.1 3 0
github.com/zyvorai/transiva/providers/incremental/tracker.go:309.2,309.32 3 0
github.com/zyvorai/transiva/providers/incremental/tracker.go:310.3,310.61 1 0
github.com/zyvorai/transiva/providers/incremental/tracker.go:311.4,311.12 1 0
github.com/zyvorai/transiva/providers/incremental/tracker.go:314.3,314.36 1 0
github.com/zyvorai/transiva/providers/incremental/tracker.go:315.4,315.12 1 0
github.com/zyvorai/transiva/providers/incremental/tracker.go:318.3,319.17 2 0
github.com/zyvorai/transiva/providers/incremental/tracker.go:320.4,320.12 1 0
github.com/zyvorai/transiva/providers/incremental/tracker.go:323.3,323.39 1 0
github.com/zyvorai/transiva/providers/incremental/tracker.go:324.4,326.1 2 0
github.com/zyvorai/transiva/providers/incremental/tracker.go:329.2,329.22 1 0
github.com/zyvorai/transiva/providers/incremental/tracker.go:330.3,331.1 1 0
github.com/zyvorai/transiva/providers/incremental/tracker.go:336.2,338.16 3 0
github.com/zyvorai/transiva/providers/incremental/tracker.go:339.3,340.1 1 0
github.com/zyvorai/transiva/providers/incremental/tracker.go:342.2,343.56 2 0
github.com/zyvorai/transiva/providers/incremental/tracker.go:344.3,345.1 1 0
github.com/zyvorai/transiva/providers/incremental/tracker.go:347.2,347.23 1 0
github.com/zyvorai/transiva/providers/incremental/tracker.go:352.2,353.16 2 0
github.com/zyvorai/transiva/providers/incremental/tracker.go:354.3,355.1 1 0
github.com/zyvorai/transiva/providers/incremental/tracker.go:357.2,358.16 2 0
github.com/zyvorai/transiva/providers/incremental/tracker.go:359.3,359.25 1 0
github.com/zyvorai/transiva/providers/incremental/tracker.go:360.4,361.1 1 0
github.com/zyvorai/transiva/providers/incremental/tracker.go:362.3,362.65 1 0
github.com/zyvorai/transiva/providers/incremental/tracker.go:365.2,366.1 2 0
github.com/zyvorai/transiva/providers/incremental/tracker.go:367.2,367.32 2 0
github.com/zyvorai/transiva/providers/incremental/tracker.go:368.3,368.61 1 0
github.com/zyvorai/transiva/providers/incremental/tracker.go:369.4,369.12 1 0
github.com/zyvorai/transiva/providers/incremental/tracker.go:372.3,372.36 1 0
github.com/zyvorai/transiva/providers/incremental/tracker.go:373.4,373.12 1 0
github.com/zyvorai/transiva/providers/incremental/tracker.go:378.3,380.17 3 0
github.com/zyvorai/transiva/providers/incremental/tracker.go:381.4,381.12 1 0
github.com/zyvorai/transiva/providers/incremental/tracker.go:384.3,385.57 2 0
github.com/zyvorai/transiva/providers/incremental/tracker.go:386.4,386.12 1 0
github.com/zyvorai/transiva/providers/incremental/tracker.go:389.3,389.39 1 0
github.com/zyvorai/transiva/providers/incremental/tracker.go:392.2,392.21 1 0
github.com/zyvorai/transiva/providers/incremental/tracker.go:397.2,398.16 2 0
github.com/zyvorai/transiva/providers/incremental/tracker.go:399.3,400.1 1 0
github.com/zyvorai/transiva/providers/incremental/tracker.go:402.2,403.16 2 0
github.com/zyvorai/transiva/providers/incremental/tracker.go:404.3,405.1 1 0
github.com/zyvorai/transiva/providers/incremental/tracker.go:407.2,408.1 3 0
github.com/zyvorai/transiva/providers/incremental/tracker.go:409.2,410.33 3 0
github.com/zyvorai/transiva/providers/incremental/tracker.go:411.3,411.39 1 0
github.com/zyvorai/transiva/providers/incremental/tracker.go:412.4,414.69 3 0
github.com/zyvorai/transiva/providers/incremental/tracker.go:415.5,416.1 1 0
github.com/zyvorai/transiva/providers/incremental/tracker.go:420.2,420.25 1 0
github.com/zyvorai/transiva/providers/incremental/tracker.go:421.3,422.1 1 0
github.com/zyvorai/transiva/providers/incremental/tracker.go:424.2,424.12 1 0
github.com/zyvorai/transiva/providers/registry.go:21.2,23.1 1 0
github.com/zyvorai/transiva/providers/registry.go:28.2,31.1 3 0
github.com/zyvorai/transiva/providers/registry.go:35.2,38.1 3 0
github.com/zyvorai/transiva/providers/registry.go:42.2,45.1 4 0
github.com/zyvorai/transiva/providers/registry.go:46.2,46.9 4 0
github.com/zyvorai/transiva/providers/registry.go:47.3,48.1 1 0
github.com/zyvorai/transiva/providers/registry.go:51.2,52.1 2 0
github.com/zyvorai/transiva/providers/registry.go:53.2,53.24 2 0
github.com/zyvorai/transiva/providers/registry.go:58.2,62.1 4 0
github.com/zyvorai/transiva/providers/registry.go:66.2,68.1 4 0
github.com/zyvorai/transiva/providers/registry.go:69.2,70.33 4 0
github.com/zyvorai/transiva/providers/registry.go:71.3,72.1 1 0
github.com/zyvorai/transiva/providers/registry.go:73.2,73.14 1 0
github.com/zyvorai/transiva/providers/registry.go:80.2,82.1 3 0
github.com/zyvorai/transiva/providers/registry.go:84.2,85.16 3 0
github.com/zyvorai/transiva/providers/registry.go:86.3,87.1 1 0
github.com/zyvorai/transiva/providers/registry.go:89.2,90.19 2 0
github.com/zyvorai/transiva/providers/kubevirt/provider_stub.go:29.2,30.66 2 0
github.com/zyvorai/transiva/providers/kubevirt/provider_stub.go:31.3,32.1 1 0
github.com/zyvorai/transiva/providers/kubevirt/provider_stub.go:34.2,38.8 1 0
github.com/zyvorai/transiva/providers/kubevirt/provider_stub.go:43.2,44.1 1 0
github.com/zyvorai/transiva/providers/kubevirt/provider_stub.go:48.2,49.1 1 0
github.com/zyvorai/transiva/providers/kubevirt/provider_stub.go:53.2,55.1 2 0
github.com/zyvorai/transiva/providers/kubevirt/provider_stub.go:59.2,60.1 1 0
github.com/zyvorai/transiva/providers/kubevirt/provider_stub.go:64.2,65.1 1 0
github.com/zyvorai/transiva/providers/kubevirt/provider_stub.go:69.2,70.1 1 0
github.com/zyvorai/transiva/providers/kubevirt/provider_stub.go:74.2,75.1 1 0
github.com/zyvorai/transiva/providers/kubevirt/provider_stub.go:79.2,80.1 1 0
github.com/zyvorai/transiva/providers/kubevirt/provider_stub.go:84.2,85.1 1 0
github.com/zyvorai/transiva/providers/kubevirt/provider_stub.go:89.2,96.1 1 0
github.com/zyvorai/transiva/cmd/hypersdk-operator/main.go:37.2,44.1 8 0
github.com/zyvorai/transiva/cmd/hypersdk-operator/main.go:45.2,45.18 8 0
github.com/zyvorai/transiva/cmd/hypersdk-operator/main.go:46.3,48.1 2 0
github.com/zyvorai/transiva/cmd/hypersdk-operator/main.go:51.2,55.1 7 0
github.com/zyvorai/transiva/cmd/hypersdk-operator/main.go:56.2,58.1 7 0
github.com/zyvorai/transiva/cmd/hypersdk-operator/main.go:60.2,65.1 7 0
github.com/zyvorai/transiva/cmd/hypersdk-operator/main.go:67.2,69.23 7 0
github.com/zyvorai/transiva/cmd/hypersdk-operator/main.go:70.3,72.1 2 0
github.com/zyvorai/transiva/cmd/hypersdk-operator/main.go:73.3,75.1 2 0
github.com/zyvorai/transiva/cmd/hypersdk-operator/main.go:77.2,77.16 1 0
github.com/zyvorai/transiva/cmd/hypersdk-operator/main.go:78.3,80.1 2 0
github.com/zyvorai/transiva/cmd/hypersdk-operator/main.go:83.2,85.16 3 0
github.com/zyvorai/transiva/cmd/hypersdk-operator/main.go:86.3,88.1 2 0
github.com/zyvorai/transiva/cmd/hypersdk-operator/main.go:91.2,93.1 4 0
github.com/zyvorai/transiva/cmd/hypersdk-operator/main.go:94.2,95.16 4 0
github.com/zyvorai/transiva/cmd/hypersdk-operator/main.go:96.3,98.1 2 0
github.com/zyvorai/transiva/cmd/hypersdk-operator/main.go:100.2,101.1 3 0
github.com/zyvorai/transiva/cmd/hypersdk-operator/main.go:103.2,104.59 3 0
github.com/zyvorai/transiva/cmd/hypersdk-operator/main.go:105.3,107.1 2 0
github.com/zyvorai/transiva/cmd/hypersdk-operator/main.go:117.2,118.1 4 0
github.com/zyvorai/transiva/cmd/hypersdk-operator/main.go:120.2,122.45 4 0
github.com/zyvorai/transiva/cmd/hypersdk-operator/main.go:123.3,125.1 2 0
github.com/zyvorai/transiva/cmd/hypersdk-operator/main.go:128.2,130.1 5 0
github.com/zyvorai/transiva/cmd/hypersdk-operator/main.go:132.2,134.1 5 0
github.com/zyvorai/transiva/cmd/hypersdk-operator/main.go:136.2,136.118 5 0
github.com/zyvorai/transiva/cmd/hypersdk-operator/main.go:137.3,138.1 1 0
github.com/zyvorai/transiva/cmd/hypersdk-operator/main.go:145.2,146.1 11 0
github.com/zyvorai/transiva/cmd/hypersdk-operator/main.go:148.2,149.1 11 0
github.com/zyvorai/transiva/cmd/hypersdk-operator/main.go:150.2,158.1 11 0
github.com/zyvorai/transiva/cmd/hypersdk-operator/main.go:159.2,165.1 11 0
github.com/zyvorai/transiva/cmd/hypersdk-operator/main.go:166.2,174.1 11 0
github.com/zyvorai/transiva/cmd/hypersdk-operator/main.go:175.2,176.1 11 0
github.com/zyvorai/transiva/cmd/hypersdk-operator/main.go:179.2,183.1 11 0
github.com/zyvorai/transiva/cmd/hypersdk-operator/main.go:185.2,185.22 11 0
github.com/zyvorai/transiva/cmd/hypersdk-operator/main.go:186.3,187.1 1 0
github.com/zyvorai/transiva/cmd/hypersdk-operator/main.go:188.3,189.1 1 0
github.com/zyvorai/transiva/cmd/hypersdk-operator/main.go:192.2,194.1 11 0
github.com/zyvorai/transiva/cmd/hypersdk-operator/main.go:195.2,197.1 11 0
github.com/zyvorai/transiva/cmd/hypersdk-operator/main.go:199.2,202.1 11 0
github.com/zyvorai/transiva/cmd/hypersdk-operator/main.go:204.2,205.1 11 0
github.com/zyvorai/transiva/cmd/hypersdk-operator/main.go:206.2,208.1 11 0
github.com/zyvorai/transiva/cmd/hypersdk-operator/main.go:211.2,211.43 11 0
github.com/zyvorai/transiva/cmd/hypervisord/main.go:39.2,45.1 7 0
github.com/zyvorai/transiva/cmd/hypervisord/main.go:46.2,46.18 7 0
github.com/zyvorai/transiva/cmd/hypervisord/main.go:47.3,49.1 2 0
github.com/zyvorai/transiva/cmd/hypervisord/main.go:52.2,54.1 3 0
github.com/zyvorai/transiva/cmd/hypervisord/main.go:55.2,55.23 3 0
github.com/zyvorai/transiva/cmd/hypervisord/main.go:57.3,58.17 2 0
github.com/zyvorai/transiva/cmd/hypervisord/main.go:59.4,61.1 2 0
github.com/zyvorai/transiva/cmd/hypervisord/main.go:63.3,64.68 2 0
github.com/zyvorai/transiva/cmd/hypervisord/main.go:67.3,68.1 1 0
github.com/zyvorai/transiva/cmd/hypervisord/main.go:71.2,71.17 1 0
github.com/zyvorai/transiva/cmd/hypervisord/main.go:72.3,73.1 1 0
github.com/zyvorai/transiva/cmd/hypervisord/main.go:74.2,74.21 1 0
github.com/zyvorai/transiva/cmd/hypervisord/main.go:75.3,76.1 1 0
github.com/zyvorai/transiva/cmd/hypervisord/main.go:79.2,79.26 1 0
github.com/zyvorai/transiva/cmd/hypervisord/main.go:80.3,81.1 1 0
github.com/zyvorai/transiva/cmd/hypervisord/main.go:84.2,85.1 9 0
github.com/zyvorai/transiva/cmd/hypervisord/main.go:87.2,88.1 9 0
github.com/zyvorai/transiva/cmd/hypervisord/main.go:89.2,91.1 9 0
github.com/zyvorai/transiva/cmd/hypervisord/main.go:93.2,97.1 9 0
github.com/zyvorai/transiva/cmd/hypervisord/main.go:98.2,98.45 9 0
github.com/zyvorai/transiva/cmd/hypervisord/main.go:99.3,100.1 1 0
github.com/zyvorai/transiva/cmd/hypervisord/main.go:103.2,104.1 4 0
github.com/zyvorai/transiva/cmd/hypervisord/main.go:106.2,107.1 4 0
github.com/zyvorai/transiva/cmd/hypervisord/main.go:111.2,112.61 4 0
github.com/zyvorai/transiva/cmd/hypervisord/main.go:113.3,118.1 4 0
github.com/zyvorai/transiva/cmd/hypervisord/main.go:119.3,121.1 4 0
github.com/zyvorai/transiva/cmd/hypervisord/main.go:124.2,125.27 2 0
github.com/zyvorai/transiva/cmd/hypervisord/main.go:126.3,127.1 3 0
github.com/zyvorai/transiva/cmd/hypervisord/main.go:129.3,130.34 3 0
github.com/zyvorai/transiva/cmd/hypervisord/main.go:131.4,138.1 1 0
github.com/zyvorai/transiva/cmd/hypervisord/main.go:141.3,143.67 3 0
github.com/zyvorai/transiva/cmd/hypervisord/main.go:147.2,149.28 3 0
github.com/zyvorai/transiva/cmd/hypervisord/main.go:150.3,152.17 3 0
github.com/zyvorai/transiva/cmd/hypervisord/main.go:153.4,155.1 2 0
github.com/zyvorai/transiva/cmd/hypervisord/main.go:156.3,157.1 5 0
github.com/zyvorai/transiva/cmd/hypervisord/main.go:159.3,162.1 5 0
github.com/zyvorai/transiva/cmd/hypervisord/main.go:164.3,164.54 5 0
github.com/zyvorai/transiva/cmd/hypervisord/main.go:165.4,166.1 1 0
github.com/zyvorai/transiva/cmd/hypervisord/main.go:167.4,169.1 2 0
github.com/zyvorai/transiva/cmd/hypervisord/main.go:171.3,171.23 1 0
github.com/zyvorai/transiva/cmd/hypervisord/main.go:175.2,177.1 3 0
github.com/zyvorai/transiva/cmd/hypervisord/main.go:179.2,179.118 3 0
github.com/zyvorai/transiva/cmd/hypervisord/main.go:180.3,181.1 1 0
github.com/zyvorai/transiva/cmd/hypervisord/main.go:184.2,184.118 1 0
github.com/zyvorai/transiva/cmd/hypervisord/main.go:185.3,186.1 1 0
github.com/zyvorai/transiva/cmd/hypervisord/main.go:189.2,189.119 1 0
github.com/zyvorai/transiva/cmd/hypervisord/main.go:190.3,191.1 1 0
github.com/zyvorai/transiva/cmd/hypervisord/main.go:194.2,194.118 1 0
github.com/zyvorai/transiva/cmd/hypervisord/main.go:195.3,196.1 1 0
github.com/zyvorai/transiva/cmd/hypervisord/main.go:198.2,199.1 7 0
github.com/zyvorai/transiva/cmd/hypervisord/main.go:201.2,205.1 7 0
github.com/zyvorai/transiva/cmd/hypervisord/main.go:207.2,208.16 7 0
github.com/zyvorai/transiva/cmd/hypervisord/main.go:209.3,211.1 2 0
github.com/zyvorai/transiva/cmd/hypervisord/main.go:214.2,216.1 4 0
github.com/zyvorai/transiva/cmd/hypervisord/main.go:218.2,219.12 4 0
github.com/zyvorai/transiva/cmd/hypervisord/main.go:220.3,220.40 1 0
github.com/zyvorai/transiva/cmd/hypervisord/main.go:221.4,222.1 1 0
github.com/zyvorai/transiva/cmd/hypervisord/main.go:225.2,227.1 4 0
github.com/zyvorai/transiva/cmd/hypervisord/main.go:229.2,230.1 4 0
github.com/zyvorai/transiva/cmd/hypervisord/main.go:232.2,232.9 4 0
github.com/zyvorai/transiva/cmd/hypervisord/main.go:234.3,236.1 5 0
github.com/zyvorai/transiva/cmd/hypervisord/main.go:238.3,240.1 5 0
github.com/zyvorai/transiva/cmd/hypervisord/main.go:242.3,242.46 5 0
github.com/zyvorai/transiva/cmd/hypervisord/main.go:243.4,244.1 1 0
github.com/zyvorai/transiva/cmd/hypervisord/main.go:247.3,247.26 1 0
github.com/zyvorai/transiva/cmd/hypervisord/main.go:248.4,250.1 2 0
github.com/zyvorai/transiva/cmd/hypervisord/main.go:253.3,255.1 3 0
github.com/zyvorai/transiva/cmd/hypervisord/main.go:257.3,257.28 3 0
github.com/zyvorai/transiva/cmd/hypervisord/main.go:258.4,259.49 2 0
github.com/zyvorai/transiva/cmd/hypervisord/main.go:260.5,261.1 1 0
github.com/zyvorai/transiva/cmd/hypervisord/main.go:262.4,266.40 2 0
github.com/zyvorai/transiva/cmd/hypervisord/main.go:270.3,270.21 1 0
github.com/zyvorai/transiva/cmd/hypervisord/main.go:271.4,272.42 2 0
github.com/zyvorai/transiva/cmd/hypervisord/main.go:273.5,274.1 1 0
github.com/zyvorai/transiva/cmd/hypervisord/main.go:277.3,277.53 1 0
github.com/zyvorai/transiva/cmd/hypervisord/main.go:280.3,281.1 2 0
github.com/zyvorai/transiva/cmd/hypervisord/main.go:282.3,282.28 2 0
github.com/zyvorai/transiva/cmd/hypervisord/main.go:283.4,283.59 1 0
github.com/zyvorai/transiva/cmd/hypervisord/main.go:284.5,285.1 1 0
github.com/zyvorai/transiva/cmd/hypervisord/main.go:287.3,287.21 1 0
github.com/zyvorai/transiva/cmd/hypervisord/main.go:288.4,288.52 1 0
github.com/zyvorai/transiva/cmd/hypervisord/main.go:289.5,290.1 1 0
github.com/zyvorai/transiva/cmd/hypervisord/main.go:292.3,292.13 1 0
github.com/zyvorai/transiva/cmd/hypervisord/main.go:297.2,298.1 8 0
github.com/zyvorai/transiva/cmd/hypervisord/main.go:300.2,302.1 8 0
github.com/zyvorai/transiva/cmd/hypervisord/main.go:303.2,308.1 8 0
github.com/zyvorai/transiva/cmd/hypervisord/main.go:309.2,310.1 8 0
github.com/zyvorai/transiva/cmd/hypervisord/main.go:311.2,314.1 8 0
github.com/zyvorai/transiva/cmd/hypervisord/main.go:317.2,319.1 5 0
github.com/zyvorai/transiva/cmd/hypervisord/main.go:320.2,322.1 5 0
github.com/zyvorai/transiva/cmd/hypervisord/main.go:325.2,330.1 5 0
github.com/zyvorai/transiva/cmd/hypervisord/main.go:332.2,332.33 5 0
github.com/zyvorai/transiva/cmd/hypervisord/main.go:333.3,333.34 1 0
github.com/zyvorai/transiva/cmd/hypervisord/main.go:334.4,335.21 2 0
github.com/zyvorai/transiva/cmd/hypervisord/main.go:336.5,337.1 1 0
github.com/zyvorai/transiva/cmd/hypervisord/main.go:338.4,339.31 2 0
github.com/zyvorai/transiva/cmd/hypervisord/main.go:340.5,341.1 1 0
github.com/zyvorai/transiva/cmd/hypervisord/main.go:342.4,347.6 1 0
github.com/zyvorai/transiva/cmd/hypervisord/main.go:351.2,357.24 2 0
github.com/zyvorai/transiva/cmd/hypervisord/main.go:358.3,359.1 1 0
github.com/zyvorai/transiva/cmd/hypervisord/main.go:361.2,362.17 2 0
github.com/zyvorai/transiva/cmd/hypervisord/main.go:366.2,367.1 4 0
github.com/zyvorai/transiva/cmd/hypervisord/main.go:368.2,387.1 4 0
github.com/zyvorai/transiva/cmd/hypervisord/main.go:389.2,395.24 4 0
github.com/zyvorai/transiva/cmd/hypervisord/main.go:396.3,397.1 1 0
github.com/zyvorai/transiva/cmd/hypervisord/main.go:399.2,399.85 1 0
github.com/zyvorai/transiva/pkg/apis/transiva/v1alpha1/zz_generated.deepcopy.go:16.2,17.1 1 0
github.com/zyvorai/transiva/pkg/apis/transiva/v1alpha1/zz_generated.deepcopy.go:21.2,21.15 1 0
github.com/zyvorai/transiva/pkg/apis/transiva/v1alpha1/zz_generated.deepcopy.go:22.3,23.1 1 0
github.com/zyvorai/transiva/pkg/apis/transiva/v1alpha1/zz_generated.deepcopy.go:24.2,26.12 3 0
github.com/zyvorai/transiva/pkg/apis/transiva/v1alpha1/zz_generated.deepcopy.go:31.2,33.1 2 0
github.com/zyvorai/transiva/pkg/apis/transiva/v1alpha1/zz_generated.deepcopy.go:37.2,37.15 1 0
github.com/zyvorai/transiva/pkg/apis/transiva/v1alpha1/zz_generated.deepcopy.go:38.3,39.1 1 0
github.com/zyvorai/transiva/pkg/apis/transiva/v1alpha1/zz_generated.deepcopy.go:40.2,42.12 3 0
github.com/zyvorai/transiva/pkg/apis/transiva/v1alpha1/zz_generated.deepcopy.go:47.2,48.27 2 0
github.com/zyvorai/transiva/pkg/apis/transiva/v1alpha1/zz_generated.deepcopy.go:49.3,52.1 3 0
github.com/zyvorai/transiva/pkg/apis/transiva/v1alpha1/zz_generated.deepcopy.go:57.2,57.15 1 0
github.com/zyvorai/transiva/pkg/apis/transiva/v1alpha1/zz_generated.deepcopy.go:58.3,59.1 1 0
github.com/zyvorai/transiva/pkg/apis/transiva/v1alpha1/zz_generated.deepcopy.go:60.2,62.12 3 0
github.com/zyvorai/transiva/pkg/apis/transiva/v1alpha1/zz_generated.deepcopy.go:67.2,68.1 1 0
github.com/zyvorai/transiva/pkg/apis/transiva/v1alpha1/zz_generated.deepcopy.go:72.2,72.15 1 0
github.com/zyvorai/transiva/pkg/apis/transiva/v1alpha1/zz_generated.deepcopy.go:73.3,74.1 1 0
github.com/zyvorai/transiva/pkg/apis/transiva/v1alpha1/zz_generated.deepcopy.go:75.2,77.12 3 0
github.com/zyvorai/transiva/pkg/apis/transiva/v1alpha1/zz_generated.deepcopy.go:82.2,87.1 5 0
github.com/zyvorai/transiva/pkg/apis/transiva/v1alpha1/zz_generated.deepcopy.go:91.2,91.15 1 0
github.com/zyvorai/transiva/pkg/apis/transiva/v1alpha1/zz_generated.deepcopy.go:92.3,93.1 1 0
github.com/zyvorai/transiva/pkg/apis/transiva/v1alpha1/zz_generated.deepcopy.go:94.2,96.12 3 0
github.com/zyvorai/transiva/pkg/apis/transiva/v1alpha1/zz_generated.deepcopy.go:101.2,101.34 1 0
github.com/zyvorai/transiva/pkg/apis/transiva/v1alpha1/zz_generated.deepcopy.go:102.3,103.1 1 0
github.com/zyvorai/transiva/pkg/apis/transiva/v1alpha1/zz_generated.deepcopy.go:104.2,104.12 1 0
github.com/zyvorai/transiva/pkg/apis/transiva/v1alpha1/zz_generated.deepcopy.go:109.2,112.21 4 0
github.com/zyvorai/transiva/pkg/apis/transiva/v1alpha1/zz_generated.deepcopy.go:113.3,115.22 3 0
github.com/zyvorai/transiva/pkg/apis/transiva/v1alpha1/zz_generated.deepcopy.go:116.4,117.1 1 0
github.com/zyvorai/transiva/pkg/apis/transiva/v1alpha1/zz_generated.deepcopy.go:123.2,123.15 1 0
github.com/zyvorai/transiva/pkg/apis/transiva/v1alpha1/zz_generated.deepcopy.go:124.3,125.1 1 0
github.com/zyvorai/transiva/pkg/apis/transiva/v1alpha1/zz_generated.deepcopy.go:126.2,128.12 3 0
github.com/zyvorai/transiva/pkg/apis/transiva/v1alpha1/zz_generated.deepcopy.go:133.2,133.34 1 0
github.com/zyvorai/transiva/pkg/apis/transiva/v1alpha1/zz_generated.deepcopy.go:134.3,135.1 1 0
github.com/zyvorai/transiva/pkg/apis/transiva/v1alpha1/zz_generated.deepcopy.go:136.2,136.12 1 0
github.com/zyvorai/transiva/pkg/apis/transiva/v1alpha1/zz_generated.deepcopy.go:141.2,142.1 1 0
github.com/zyvorai/transiva/pkg/apis/transiva/v1alpha1/zz_generated.deepcopy.go:146.2,146.15 1 0
github.com/zyvorai/transiva/pkg/apis/transiva/v1alpha1/zz_generated.deepcopy.go:147.3,148.1 1 0
github.com/zyvorai/transiva/pkg/apis/transiva/v1alpha1/zz_generated.deepcopy.go:149.2,151.12 3 0
github.com/zyvorai/transiva/pkg/apis/transiva/v1alpha1/zz_generated.deepcopy.go:156.2,159.22 4 0
github.com/zyvorai/transiva/pkg/apis/transiva/v1alpha1/zz_generated.deepcopy.go:160.3,163.1 3 0
github.com/zyvorai/transiva/pkg/apis/transiva/v1alpha1/zz_generated.deepcopy.go:164.2,164.27 1 0
github.com/zyvorai/transiva/pkg/apis/transiva/v1alpha1/zz_generated.deepcopy.go:165.3,168.1 3 0
github.com/zyvorai/transiva/pkg/apis/transiva/v1alpha1/zz_generated.deepcopy.go:169.2,169.27 1 0
github.com/zyvorai/transiva/pkg/apis/transiva/v1alpha1/zz_generated.deepcopy.go:170.3,173.1 3 0
github.com/zyvorai/transiva/pkg/apis/transiva/v1alpha1/zz_generated.deepcopy.go:174.2,174.25 1 0
github.com/zyvorai/transiva/pkg/apis/transiva/v1alpha1/zz_generated.deepcopy.go:175.3,178.1 3 0
github.com/zyvorai/transiva/pkg/apis/transiva/v1alpha1/zz_generated.deepcopy.go:179.2,179.24 1 0
github.com/zyvorai/transiva/pkg/apis/transiva/v1alpha1/zz_generated.deepcopy.go:180.3,182.29 3 0
github.com/zyvorai/transiva/pkg/apis/transiva/v1alpha1/zz_generated.deepcopy.go:183.4,184.1 1 0
github.com/zyvorai/transiva/pkg/apis/transiva/v1alpha1/zz_generated.deepcopy.go:190.2,190.15 1 0
github.com/zyvorai/transiva/pkg/apis/transiva/v1alpha1/zz_generated.deepcopy.go:191.3,192.1 1 0
github.com/zyvorai/transiva/pkg/apis/transiva/v1alpha1/zz_generated.deepcopy.go:193.2,195.12 3 0
github.com/zyvorai/transiva/pkg/apis/transiva/v1alpha1/zz_generated.deepcopy.go:200.2,201.25 2 0
github.com/zyvorai/transiva/pkg/apis/transiva/v1alpha1/zz_generated.deepcopy.go:202.3,204.1 2 0
github.com/zyvorai/transiva/pkg/apis/transiva/v1alpha1/zz_generated.deepcopy.go:205.2,205.30 1 0
github.com/zyvorai/transiva/pkg/apis/transiva/v1alpha1/zz_generated.deepcopy.go:206.3,208.1 2 0
github.com/zyvorai/transiva/pkg/apis/transiva/v1alpha1/zz_generated.deepcopy.go:209.2,209.24 1 0
github.com/zyvorai/transiva/pkg/apis/transiva/v1alpha1/zz_generated.deepcopy.go:210.3,213.1 3 0
github.com/zyvorai/transiva/pkg/apis/transiva/v1alpha1/zz_generated.deepcopy.go:214.2,214.26 1 0
github.com/zyvorai/transiva/pkg/apis/transiva/v1alpha1/zz_generated.deepcopy.go:215.3,217.22 3 0
github.com/zyvorai/transiva/pkg/apis/transiva/v1alpha1/zz_generated.deepcopy.go:218.4,219.1 1 0
github.com/zyvorai/transiva/pkg/apis/transiva/v1alpha1/zz_generated.deepcopy.go:225.2,225.15 1 0
github.com/zyvorai/transiva/pkg/apis/transiva/v1alpha1/zz_generated.deepcopy.go:226.3,227.1 1 0
github.com/zyvorai/transiva/pkg/apis/transiva/v1alpha1/zz_generated.deepcopy.go:228.2,230.12 3 0
github.com/zyvorai/transiva/pkg/apis/transiva/v1alpha1/zz_generated.deepcopy.go:235.2,238.1 3 0
github.com/zyvorai/transiva/pkg/apis/transiva/v1alpha1/zz_generated.deepcopy.go:242.2,242.15 1 0
github.com/zyvorai/transiva/pkg/apis/transiva/v1alpha1/zz_generated.deepcopy.go:243.3,244.1 1 0
github.com/zyvorai/transiva/pkg/apis/transiva/v1alpha1/zz_generated.deepcopy.go:245.2,247.12 3 0
github.com/zyvorai/transiva/pkg/apis/transiva/v1alpha1/zz_generated.deepcopy.go:252.2,253.35 2 0
github.com/zyvorai/transiva/pkg/apis/transiva/v1alpha1/zz_generated.deepcopy.go:254.3,256.1 2 0
github.com/zyvorai/transiva/pkg/apis/transiva/v1alpha1/zz_generated.deepcopy.go:261.2,261.15 1 0
github.com/zyvorai/transiva/pkg/apis/transiva/v1alpha1/zz_generated.deepcopy.go:262.3,263.1 1 0
github.com/zyvorai/transiva/pkg/apis/transiva/v1alpha1/zz_generated.deepcopy.go:264.2,266.12 3 0
github.com/zyvorai/transiva/pkg/apis/transiva/v1alpha1/zz_generated.deepcopy.go:271.2,276.1 5 0
github.com/zyvorai/transiva/pkg/apis/transiva/v1alpha1/zz_generated.deepcopy.go:280.2,280.15 1 0
github.com/zyvorai/transiva/pkg/apis/transiva/v1alpha1/zz_generated.deepcopy.go:281.3,282.1 1 0
github.com/zyvorai/transiva/pkg/apis/transiva/v1alpha1/zz_generated.deepcopy.go:283.2,285.12 3 0
github.com/zyvorai/transiva/pkg/apis/transiva/v1alpha1/zz_generated.deepcopy.go:290.2,290.34 1 0
github.com/zyvorai/transiva/pkg/apis/transiva/v1alpha1/zz_generated.deepcopy.go:291.3,292.1 1 0
github.com/zyvorai/transiva/pkg/apis/transiva/v1alpha1/zz_generated.deepcopy.go:293.2,293.12 1 0
github.com/zyvorai/transiva/pkg/apis/transiva/v1alpha1/zz_generated.deepcopy.go:298.2,301.21 4 0
github.com/zyvorai/transiva/pkg/apis/transiva/v1alpha1/zz_generated.deepcopy.go:302.3,304.22 3 0
github.com/zyvorai/transiva/pkg/apis/transiva/v1alpha1/zz_generated.deepcopy.go:305.4,306.1 1 0
github.com/zyvorai/transiva/pkg/apis/transiva/v1alpha1/zz_generated.deepcopy.go:312.2,312.15 1 0
github.com/zyvorai/transiva/pkg/apis/transiva/v1alpha1/zz_generated.deepcopy.go:313.3,314.1 1 0
github.com/zyvorai/transiva/pkg/apis/transiva/v1alpha1/zz_generated.deepcopy.go:315.2,317.12 3 0
github.com/zyvorai/transiva/pkg/apis/transiva/v1alpha1/zz_generated.deepcopy.go:322.2,322.34 1 0
github.com/zyvorai/transiva/pkg/apis/transiva/v1alpha1/zz_generated.deepcopy.go:323.3,324.1 1 0
github.com/zyvorai/transiva/pkg/apis/transiva/v1alpha1/zz_generated.deepcopy.go:325.2,325.12 1 0
github.com/zyvorai/transiva/pkg/apis/transiva/v1alpha1/zz_generated.deepcopy.go:330.2,331.39 2 0
github.com/zyvorai/transiva/pkg/apis/transiva/v1alpha1/zz_generated.deepcopy.go:332.3,335.1 3 0
github.com/zyvorai/transiva/pkg/apis/transiva/v1alpha1/zz_generated.deepcopy.go:336.2,336.42 1 0
github.com/zyvorai/transiva/pkg/apis/transiva/v1alpha1/zz_generated.deepcopy.go:337.3,340.1 3 0
github.com/zyvorai/transiva/pkg/apis/transiva/v1alpha1/zz_generated.deepcopy.go:341.2,341.38 1 0
github.com/zyvorai/transiva/pkg/apis/transiva/v1alpha1/zz_generated.deepcopy.go:342.3,345.1 3 0
github.com/zyvorai/transiva/pkg/apis/transiva/v1alpha1/zz_generated.deepcopy.go:346.2,346.47 1 0
github.com/zyvorai/transiva/pkg/apis/transiva/v1alpha1/zz_generated.deepcopy.go:351.2,351.15 1 0
github.com/zyvorai/transiva/pkg/apis/transiva/v1alpha1/zz_generated.deepcopy.go:352.3,353.1 1 0
github.com/zyvorai/transiva/pkg/apis/transiva/v1alpha1/zz_generated.deepcopy.go:354.2,356.12 3 0
github.com/zyvorai/transiva/pkg/apis/transiva/v1alpha1/zz_generated.deepcopy.go:361.2,362.22 2 0
github.com/zyvorai/transiva/pkg/apis/transiva/v1alpha1/zz_generated.deepcopy.go:363.3,366.1 3 0
github.com/zyvorai/transiva/pkg/apis/transiva/v1alpha1/zz_generated.deepcopy.go:367.2,367.32 1 0
github.com/zyvorai/transiva/pkg/apis/transiva/v1alpha1/zz_generated.deepcopy.go:368.3,370.1 2 0
github.com/zyvorai/transiva/pkg/apis/transiva/v1alpha1/zz_generated.deepcopy.go:371.2,371.34 1 0
github.com/zyvorai/transiva/pkg/apis/transiva/v1alpha1/zz_generated.deepcopy.go:372.3,374.1 2 0
github.com/zyvorai/transiva/pkg/apis/transiva/v1alpha1/zz_generated.deepcopy.go:375.2,375.26 1 0
github.com/zyvorai/transiva/pkg/apis/transiva/v1alpha1/zz_generated.deepcopy.go:376.3,378.22 3 0
github.com/zyvorai/transiva/pkg/apis/transiva/v1alpha1/zz_generated.deepcopy.go:379.4,380.1 1 0
github.com/zyvorai/transiva/pkg/apis/transiva/v1alpha1/zz_generated.deepcopy.go:386.2,386.15 1 0
github.com/zyvorai/transiva/pkg/apis/transiva/v1alpha1/zz_generated.deepcopy.go:387.3,388.1 1 0
github.com/zyvorai/transiva/pkg/apis/transiva/v1alpha1/zz_generated.deepcopy.go:389.2,391.12 3 0
github.com/zyvorai/transiva/pkg/apis/transiva/v1alpha1/zz_generated.deepcopy.go:396.2,397.20 2 0
github.com/zyvorai/transiva/pkg/apis/transiva/v1alpha1/zz_generated.deepcopy.go:398.3,400.29 3 0
github.com/zyvorai/transiva/pkg/apis/transiva/v1alpha1/zz_generated.deepcopy.go:401.4,402.1 1 0
github.com/zyvorai/transiva/pkg/apis/transiva/v1alpha1/zz_generated.deepcopy.go:408.2,408.15 1 0
github.com/zyvorai/transiva/pkg/apis/transiva/v1alpha1/zz_generated.deepcopy.go:409.3,410.1 1 0
github.com/zyvorai/transiva/pkg/apis/transiva/v1alpha1/zz_generated.deepcopy.go:411.2,413.12 3 0
github.com/zyvorai/transiva/pkg/apis/transiva/v1alpha1/zz_generated.deepcopy.go:418.2,419.1 1 0
github.com/zyvorai/transiva/pkg/apis/transiva/v1alpha1/zz_generated.deepcopy.go:423.2,423.15 1 0
github.com/zyvorai/transiva/pkg/apis/transiva/v1alpha1/zz_generated.deepcopy.go:424.3,425.1 1 0
github.com/zyvorai/transiva/pkg/apis/transiva/v1alpha1/zz_generated.deepcopy.go:426.2,428.12 3 0
github.com/zyvorai/transiva/pkg/apis/transiva/v1alpha1/zz_generated.deepcopy.go:433.2,434.1 1 0
github.com/zyvorai/transiva/pkg/apis/transiva/v1alpha1/zz_generated.deepcopy.go:438.2,438.15 1 0
github.com/zyvorai/transiva/pkg/apis/transiva/v1alpha1/zz_generated.deepcopy.go:439.3,440.1 1 0
github.com/zyvorai/transiva/pkg/apis/transiva/v1alpha1/zz_generated.deepcopy.go:441.2,443.12 3 0
github.com/zyvorai/transiva/pkg/apis/transiva/v1alpha1/zz_generated.deepcopy.go:448.2,449.1 1 0
github.com/zyvorai/transiva/pkg/apis/transiva/v1alpha1/zz_generated.deepcopy.go:453.2,453.15 1 0
github.com/zyvorai/transiva/pkg/apis/transiva/v1alpha1/zz_generated.deepcopy.go:454.3,455.1 1 0
github.com/zyvorai/transiva/pkg/apis/transiva/v1alpha1/zz_generated.deepcopy.go:456.2,458.12 3 0
github.com/zyvorai/transiva/pkg/apis/transiva/v1alpha1/zz_generated.deepcopy.go:463.2,464.25 2 0
github.com/zyvorai/transiva/pkg/apis/transiva/v1alpha1/zz_generated.deepcopy.go:465.3,468.1 3 0
github.com/zyvorai/transiva/pkg/apis/transiva/v1alpha1/zz_generated.deepcopy.go:473.2,473.15 1 0
github.com/zyvorai/transiva/pkg/apis/transiva/v1alpha1/zz_generated.deepcopy.go:474.3,475.1 1 0
github.com/zyvorai/transiva/pkg/apis/transiva/v1alpha1/zz_generated.deepcopy.go:476.2,478.12 3 0
github.com/zyvorai/transiva/pkg/apis/transiva/v1alpha1/zz_generated.deepcopy.go:483.2,484.1 1 0
github.com/zyvorai/transiva/pkg/apis/transiva/v1alpha1/zz_generated.deepcopy.go:488.2,488.15 1 0
github.com/zyvorai/transiva/pkg/apis/transiva/v1alpha1/zz_generated.deepcopy.go:489.3,490.1 1 0
github.com/zyvorai/transiva/pkg/apis/transiva/v1alpha1/zz_generated.deepcopy.go:491.2,493.12 3 0
github.com/zyvorai/transiva/pkg/apis/transiva/v1alpha1/zz_generated.deepcopy.go:498.2,500.1 2 0
github.com/zyvorai/transiva/pkg/apis/transiva/v1alpha1/zz_generated.deepcopy.go:504.2,504.15 1 0
github.com/zyvorai/transiva/pkg/apis/transiva/v1alpha1/zz_generated.deepcopy.go:505.3,506.1 1 0
github.com/zyvorai/transiva/pkg/apis/transiva/v1alpha1/zz_generated.deepcopy.go:507.2,509.12 3 0
github.com/zyvorai/transiva/pkg/apis/transiva/v1alpha1/zz_generated.deepcopy.go:514.2,515.1 1 0
github.com/zyvorai/transiva/pkg/apis/transiva/v1alpha1/zz_generated.deepcopy.go:519.2,519.15 1 0
github.com/zyvorai/transiva/pkg/apis/transiva/v1alpha1/zz_generated.deepcopy.go:520.3,521.1 1 0
github.com/zyvorai/transiva/pkg/apis/transiva/v1alpha1/zz_generated.deepcopy.go:522.2,524.12 3 0
github.com/zyvorai/transiva/pkg/apis/transiva/v1alpha1/zz_generated.deepcopy.go:529.2,530.1 1 0
github.com/zyvorai/transiva/pkg/apis/transiva/v1alpha1/zz_generated.deepcopy.go:534.2,534.15 1 0
github.com/zyvorai/transiva/pkg/apis/transiva/v1alpha1/zz_generated.deepcopy.go:535.3,536.1 1 0
github.com/zyvorai/transiva/pkg/apis/transiva/v1alpha1/zz_generated.deepcopy.go:537.2,539.12 3 0
github.com/zyvorai/transiva/pkg/apis/transiva/v1alpha1/zz_generated.deepcopy.go:544.2,545.1 1 0
github.com/zyvorai/transiva/pkg/apis/transiva/v1alpha1/zz_generated.deepcopy.go:549.2,549.15 1 0
github.com/zyvorai/transiva/pkg/apis/transiva/v1alpha1/zz_generated.deepcopy.go:550.3,551.1 1 0
github.com/zyvorai/transiva/pkg/apis/transiva/v1alpha1/zz_generated.deepcopy.go:552.2,554.12 3 0
github.com/zyvorai/transiva/pkg/apis/transiva/v1alpha1/zz_generated.deepcopy.go:559.2,560.1 1 0
github.com/zyvorai/transiva/pkg/apis/transiva/v1alpha1/zz_generated.deepcopy.go:564.2,564.15 1 0
github.com/zyvorai/transiva/pkg/apis/transiva/v1alpha1/zz_generated.deepcopy.go:565.3,566.1 1 0
github.com/zyvorai/transiva/pkg/apis/transiva/v1alpha1/zz_generated.deepcopy.go:567.2,569.12 3 0
github.com/zyvorai/transiva/pkg/apis/transiva/v1alpha1/zz_generated.deepcopy.go:574.2,575.1 1 0
github.com/zyvorai/transiva/pkg/apis/transiva/v1alpha1/zz_generated.deepcopy.go:579.2,579.15 1 0
github.com/zyvorai/transiva/pkg/apis/transiva/v1alpha1/zz_generated.deepcopy.go:580.3,581.1 1 0
github.com/zyvorai/transiva/pkg/apis/transiva/v1alpha1/zz_generated.deepcopy.go:582.2,584.12 3 0
github.com/zyvorai/transiva/pkg/apis/transiva/v1alpha1/zz_generated.deepcopy.go:589.2,590.1 1 0
github.com/zyvorai/transiva/pkg/apis/transiva/v1alpha1/zz_generated.deepcopy.go:594.2,594.15 1 0
github.com/zyvorai/transiva/pkg/apis/transiva/v1alpha1/zz_generated.deepcopy.go:595.3,596.1 1 0
github.com/zyvorai/transiva/pkg/apis/transiva/v1alpha1/zz_generated.deepcopy.go:597.2,599.12 3 0
github.com/zyvorai/transiva/pkg/apis/transiva/v1alpha1/zz_generated.deepcopy.go:604.2,605.1 1 0
github.com/zyvorai/transiva/pkg/apis/transiva/v1alpha1/zz_generated.deepcopy.go:609.2,609.15 1 0
github.com/zyvorai/transiva/pkg/apis/transiva/v1alpha1/zz_generated.deepcopy.go:610.3,611.1 1 0
github.com/zyvorai/transiva/pkg/apis/transiva/v1alpha1/zz_generated.deepcopy.go:612.2,614.12 3 0
github.com/zyvorai/transiva/pkg/apis/transiva/v1alpha1/zz_generated.deepcopy.go:619.2,620.1 1 0
github.com/zyvorai/transiva/pkg/apis/transiva/v1alpha1/zz_generated.deepcopy.go:624.2,624.15 1 0
github.com/zyvorai/transiva/pkg/apis/transiva/v1alpha1/zz_generated.deepcopy.go:625.3,626.1 1 0
github.com/zyvorai/transiva/pkg/apis/transiva/v1alpha1/zz_generated.deepcopy.go:627.2,629.12 3 0
github.com/zyvorai/transiva/pkg/apis/transiva/v1alpha1/zz_generated.deepcopy.go:634.2,635.1 1 0
github.com/zyvorai/transiva/pkg/apis/transiva/v1alpha1/zz_generated.deepcopy.go:639.2,639.15 1 0
github.com/zyvorai/transiva/pkg/apis/transiva/v1alpha1/zz_generated.deepcopy.go:640.3,641.1 1 0
github.com/zyvorai/transiva/pkg/apis/transiva/v1alpha1/zz_generated.deepcopy.go:642.2,644.12 3 0
github.com/zyvorai/transiva/pkg/apis/transiva/v1alpha1/zz_generated.deepcopy.go:649.2,650.1 1 0
github.com/zyvorai/transiva/pkg/apis/transiva/v1alpha1/zz_generated.deepcopy.go:654.2,654.15 1 0
github.com/zyvorai/transiva/pkg/apis/transiva/v1alpha1/zz_generated.deepcopy.go:655.3,656.1 1 0
github.com/zyvorai/transiva/pkg/apis/transiva/v1alpha1/zz_generated.deepcopy.go:657.2,659.12 3 0
github.com/zyvorai/transiva/pkg/apis/transiva/v1alpha1/zz_generated.deepcopy.go:664.2,669.1 5 0
github.com/zyvorai/transiva/pkg/apis/transiva/v1alpha1/zz_generated.deepcopy.go:673.2,673.15 1 0
github.com/zyvorai/transiva/pkg/apis/transiva/v1alpha1/zz_generated.deepcopy.go:674.3,675.1 1 0
github.com/zyvorai/transiva/pkg/apis/transiva/v1alpha1/zz_generated.deepcopy.go:676.2,678.12 3 0
github.com/zyvorai/transiva/pkg/apis/transiva/v1alpha1/zz_generated.deepcopy.go:683.2,683.34 1 0
github.com/zyvorai/transiva/pkg/apis/transiva/v1alpha1/zz_generated.deepcopy.go:684.3,685.1 1 0
github.com/zyvorai/transiva/pkg/apis/transiva/v1alpha1/zz_generated.deepcopy.go:686.2,686.12 1 0
github.com/zyvorai/transiva/pkg/apis/transiva/v1alpha1/zz_generated.deepcopy.go:691.2,694.21 4 0
github.com/zyvorai/transiva/pkg/apis/transiva/v1alpha1/zz_generated.deepcopy.go:695.3,697.22 3 0
github.com/zyvorai/transiva/pkg/apis/transiva/v1alpha1/zz_generated.deepcopy.go:698.4,699.1 1 0
github.com/zyvorai/transiva/pkg/apis/transiva/v1alpha1/zz_generated.deepcopy.go:705.2,705.15 1 0
github.com/zyvorai/transiva/pkg/apis/transiva/v1alpha1/zz_generated.deepcopy.go:706.3,707.1 1 0
github.com/zyvorai/transiva/pkg/apis/transiva/v1alpha1/zz_generated.deepcopy.go:708.2,710.12 3 0
github.com/zyvorai/transiva/pkg/apis/transiva/v1alpha1/zz_generated.deepcopy.go:715.2,715.34 1 0
github.com/zyvorai/transiva/pkg/apis/transiva/v1alpha1/zz_generated.deepcopy.go:716.3,717.1 1 0
github.com/zyvorai/transiva/pkg/apis/transiva/v1alpha1/zz_generated.deepcopy.go:718.2,718.12 1 0
github.com/zyvorai/transiva/pkg/apis/transiva/v1alpha1/zz_generated.deepcopy.go:723.2,726.23 4 0
github.com/zyvorai/transiva/pkg/apis/transiva/v1alpha1/zz_generated.deepcopy.go:727.3,730.1 3 0
github.com/zyvorai/transiva/pkg/apis/transiva/v1alpha1/zz_generated.deepcopy.go:731.2,731.24 1 0
github.com/zyvorai/transiva/pkg/apis/transiva/v1alpha1/zz_generated.deepcopy.go:732.3,734.29 3 0
github.com/zyvorai/transiva/pkg/apis/transiva/v1alpha1/zz_generated.deepcopy.go:735.4,736.1 1 0
github.com/zyvorai/transiva/pkg/apis/transiva/v1alpha1/zz_generated.deepcopy.go:742.2,742.15 1 0
github.com/zyvorai/transiva/pkg/apis/transiva/v1alpha1/zz_generated.deepcopy.go:743.3,744.1 1 0
github.com/zyvorai/transiva/pkg/apis/transiva/v1alpha1/zz_generated.deepcopy.go:745.2,747.12 3 0
github.com/zyvorai/transiva/pkg/apis/transiva/v1alpha1/zz_generated.deepcopy.go:752.2,753.25 2 0
github.com/zyvorai/transiva/pkg/apis/transiva/v1alpha1/zz_generated.deepcopy.go:754.3,756.1 2 0
github.com/zyvorai/transiva/pkg/apis/transiva/v1alpha1/zz_generated.deepcopy.go:757.2,757.30 1 0
github.com/zyvorai/transiva/pkg/apis/transiva/v1alpha1/zz_generated.deepcopy.go:758.3,760.1 2 0
github.com/zyvorai/transiva/pkg/apis/transiva/v1alpha1/zz_generated.deepcopy.go:761.2,761.24 1 0
github.com/zyvorai/transiva/pkg/apis/transiva/v1alpha1/zz_generated.deepcopy.go:762.3,765.1 3 0
github.com/zyvorai/transiva/pkg/apis/transiva/v1alpha1/zz_generated.deepcopy.go:766.2,766.26 1 0
github.com/zyvorai/transiva/pkg/apis/transiva/v1alpha1/zz_generated.deepcopy.go:767.3,769.22 3 0
github.com/zyvorai/transiva/pkg/apis/transiva/v1alpha1/zz_generated.deepcopy.go:770.4,771.1 1 0
github.com/zyvorai/transiva/pkg/apis/transiva/v1alpha1/zz_generated.deepcopy.go:777.2,777.15 1 0
github.com/zyvorai/transiva/pkg/apis/transiva/v1alpha1/zz_generated.deepcopy.go:778.3,779.1 1 0
github.com/zyvorai/transiva/pkg/apis/transiva/v1alpha1/zz_generated.deepcopy.go:780.2,782.12 3 0
github.com/zyvorai/transiva/pkg/apis/transiva/v1alpha1/zz_generated.deepcopy.go:787.2,788.29 2 0
github.com/zyvorai/transiva/pkg/apis/transiva/v1alpha1/zz_generated.deepcopy.go:789.3,792.1 3 0
github.com/zyvorai/transiva/pkg/apis/transiva/v1alpha1/zz_generated.deepcopy.go:797.2,797.15 1 0
github.com/zyvorai/transiva/pkg/apis/transiva/v1alpha1/zz_generated.deepcopy.go:798.3,799.1 1 0
github.com/zyvorai/transiva/pkg/apis/transiva/v1alpha1/zz_generated.deepcopy.go:800.2,802.12 3 0
github.com/zyvorai/transiva/pkg/apis/transiva/v1alpha1/zz_generated.deepcopy.go:807.2,808.35 2 0
github.com/zyvorai/transiva/pkg/apis/transiva/v1alpha1/zz_generated.deepcopy.go:809.3,811.1 2 0
github.com/zyvorai/transiva/pkg/apis/transiva/v1alpha1/zz_generated.deepcopy.go:816.2,816.15 1 0
github.com/zyvorai/transiva/pkg/apis/transiva/v1alpha1/zz_generated.deepcopy.go:817.3,818.1 1 0
github.com/zyvorai/transiva/pkg/apis/transiva/v1alpha1/zz_generated.deepcopy.go:819.2,821.12 3 0
github.com/zyvorai/transiva/pkg/apis/transiva/v1alpha1/zz_generated.deepcopy.go:826.2,827.28 2 0
github.com/zyvorai/transiva/pkg/apis/transiva/v1alpha1/zz_generated.deepcopy.go:828.3,831.1 3 0
github.com/zyvorai/transiva/pkg/apis/transiva/v1alpha1/zz_generated.deepcopy.go:832.2,832.27 1 0
github.com/zyvorai/transiva/pkg/apis/transiva/v1alpha1/zz_generated.deepcopy.go:833.3,836.1 3 0
github.com/zyvorai/transiva/pkg/apis/transiva/v1alpha1/zz_generated.deepcopy.go:841.2,841.15 1 0
github.com/zyvorai/transiva/pkg/apis/transiva/v1alpha1/zz_generated.deepcopy.go:842.3,843.1 1 0
github.com/zyvorai/transiva/pkg/apis/transiva/v1alpha1/zz_generated.deepcopy.go:844.2,846.12 3 0
github.com/zyvorai/transiva/pkg/apis/transiva/v1alpha1/zz_generated.deepcopy.go:851.2,852.1 1 0
github.com/zyvorai/transiva/pkg/apis/transiva/v1alpha1/zz_generated.deepcopy.go:856.2,856.15 1 0
github.com/zyvorai/transiva/pkg/apis/transiva/v1alpha1/zz_generated.deepcopy.go:857.3,858.1 1 0
github.com/zyvorai/transiva/pkg/apis/transiva/v1alpha1/zz_generated.deepcopy.go:859.2,861.12 3 0
github.com/zyvorai/transiva/pkg/apis/transiva/v1alpha1/zz_generated.deepcopy.go:866.2,867.1 1 0
github.com/zyvorai/transiva/pkg/apis/transiva/v1alpha1/zz_generated.deepcopy.go:871.2,871.15 1 0
github.com/zyvorai/transiva/pkg/apis/transiva/v1alpha1/zz_generated.deepcopy.go:872.3,873.1 1 0
github.com/zyvorai/transiva/pkg/apis/transiva/v1alpha1/zz_generated.deepcopy.go:874.2,876.12 3 0
github.com/zyvorai/transiva/pkg/apis/transiva/v1alpha1/zz_generated.deepcopy.go:881.2,882.1 1 0
github.com/zyvorai/transiva/pkg/apis/transiva/v1alpha1/zz_generated.deepcopy.go:886.2,886.15 1 0
github.com/zyvorai/transiva/pkg/apis/transiva/v1alpha1/zz_generated.deepcopy.go:887.3,888.1 1 0
github.com/zyvorai/transiva/pkg/apis/transiva/v1alpha1/zz_generated.deepcopy.go:889.2,891.12 3 0
github.com/zyvorai/transiva/pkg/apis/transiva/v1alpha1/zz_generated.deepcopy.go:896.2,897.25 2 0
github.com/zyvorai/transiva/pkg/apis/transiva/v1alpha1/zz_generated.deepcopy.go:898.3,900.1 2 0
github.com/zyvorai/transiva/pkg/apis/transiva/v1alpha1/zz_generated.deepcopy.go:905.2,905.15 1 0
github.com/zyvorai/transiva/pkg/apis/transiva/v1alpha1/zz_generated.deepcopy.go:906.3,907.1 1 0
github.com/zyvorai/transiva/pkg/apis/transiva/v1alpha1/zz_generated.deepcopy.go:908.2,910.12 3 0
github.com/zyvorai/transiva/pkg/apis/transiva/v1alpha1/zz_generated.deepcopy.go:915.2,916.1 1 0
github.com/zyvorai/transiva/pkg/apis/transiva/v1alpha1/zz_generated.deepcopy.go:920.2,920.15 1 0
github.com/zyvorai/transiva/pkg/apis/transiva/v1alpha1/zz_generated.deepcopy.go:921.3,922.1 1 0
github.com/zyvorai/transiva/pkg/apis/transiva/v1alpha1/zz_generated.deepcopy.go:923.2,925.12 3 0
github.com/zyvorai/transiva/pkg/apis/transiva/v1alpha1/zz_generated.deepcopy.go:930.2,931.1 1 0
github.com/zyvorai/transiva/pkg/apis/transiva/v1alpha1/zz_generated.deepcopy.go:935.2,935.15 1 0
github.com/zyvorai/transiva/pkg/apis/transiva/v1alpha1/zz_generated.deepcopy.go:936.3,937.1 1 0
github.com/zyvorai/transiva/pkg/apis/transiva/v1alpha1/zz_generated.deepcopy.go:938.2,940.12 3 0
github.com/zyvorai/transiva/pkg/apis/transiva/v1alpha1/zz_generated.deepcopy.go:945.2,947.1 2 0
github.com/zyvorai/transiva/pkg/apis/transiva/v1alpha1/zz_generated.deepcopy.go:951.2,951.15 1 0
github.com/zyvorai/transiva/pkg/apis/transiva/v1alpha1/zz_generated.deepcopy.go:952.3,953.1 1 0
github.com/zyvorai/transiva/pkg/apis/transiva/v1alpha1/zz_generated.deepcopy.go:954.2,956.12 3 0
github.com/zyvorai/transiva/pkg/apis/transiva/v1alpha1/zz_generated.deepcopy.go:961.2,962.24 2 0
github.com/zyvorai/transiva/pkg/apis/transiva/v1alpha1/zz_generated.deepcopy.go:963.3,966.1 3 0
github.com/zyvorai/transiva/pkg/apis/transiva/v1alpha1/zz_generated.deepcopy.go:971.2,971.15 1 0
github.com/zyvorai/transiva/pkg/apis/transiva/v1alpha1/zz_generated.deepcopy.go:972.3,973.1 1 0
github.com/zyvorai/transiva/pkg/apis/transiva/v1alpha1/zz_generated.deepcopy.go:974.2,976.12 3 0
github.com/zyvorai/transiva/pkg/apis/transiva/v1alpha1/zz_generated.deepcopy.go:981.2,982.25 2 0
github.com/zyvorai/transiva/pkg/apis/transiva/v1alpha1/zz_generated.deepcopy.go:983.3,986.1 3 0
github.com/zyvorai/transiva/pkg/apis/transiva/v1alpha1/zz_generated.deepcopy.go:987.2,987.22 1 0
github.com/zyvorai/transiva/pkg/apis/transiva/v1alpha1/zz_generated.deepcopy.go:988.3,991.1 3 0
github.com/zyvorai/transiva/pkg/apis/transiva/v1alpha1/zz_generated.deepcopy.go:996.2,996.15 1 0
github.com/zyvorai/transiva/pkg/apis/transiva/v1alpha1/zz_generated.deepcopy.go:997.3,998.1 1 0
github.com/zyvorai/transiva/pkg/apis/transiva/v1alpha1/zz_generated.deepcopy.go:999.2,1001.12 3 0
github.com/zyvorai/transiva/pkg/apis/transiva/v1alpha1/zz_generated.deepcopy.go:1006.2,1007.1 1 0
github.com/zyvorai/transiva/pkg/apis/transiva/v1alpha1/zz_generated.deepcopy.go:1011.2,1011.15 1 0
github.com/zyvorai/transiva/pkg/apis/transiva/v1alpha1/zz_generated.deepcopy.go:1012.3,1013.1 1 0
github.com/zyvorai/transiva/pkg/apis/transiva/v1alpha1/zz_generated.deepcopy.go:1014.2,1016.12 3 0
github.com/zyvorai/transiva/pkg/apis/transiva/v1alpha1/zz_generated.deepcopy.go:1021.2,1022.1 1 0
github.com/zyvorai/transiva/pkg/apis/transiva/v1alpha1/zz_generated.deepcopy.go:1026.2,1026.15 1 0
github.com/zyvorai/transiva/pkg/apis/transiva/v1alpha1/zz_generated.deepcopy.go:1027.3,1028.1 1 0
github.com/zyvorai/transiva/pkg/apis/transiva/v1alpha1/zz_generated.deepcopy.go:1029.2,1031.12 3 0
github.com/zyvorai/transiva/pkg/apis/transiva/v1alpha1/zz_generated.deepcopy.go:1036.2,1037.1 1 0
github.com/zyvorai/transiva/pkg/apis/transiva/v1alpha1/zz_generated.deepcopy.go:1041.2,1041.15 1 0
github.com/zyvorai/transiva/pkg/apis/transiva/v1alpha1/zz_generated.deepcopy.go:1042.3,1043.1 1 0
github.com/zyvorai/transiva/pkg/apis/transiva/v1alpha1/zz_generated.deepcopy.go:1044.2,1046.12 3 0
github.com/zyvorai/transiva/pkg/apis/transiva/v1alpha1/zz_generated.deepcopy.go:1051.2,1052.1 1 0
github.com/zyvorai/transiva/pkg/apis/transiva/v1alpha1/zz_generated.deepcopy.go:1056.2,1056.15 1 0
github.com/zyvorai/transiva/pkg/apis/transiva/v1alpha1/zz_generated.deepcopy.go:1057.3,1058.1 1 0
github.com/zyvorai/transiva/pkg/apis/transiva/v1alpha1/zz_generated.deepcopy.go:1059.2,1061.12 3 0
github.com/zyvorai/transiva/pkg/apis/transiva/v1alpha1/zz_generated.deepcopy.go:1066.2,1067.27 2 0
github.com/zyvorai/transiva/pkg/apis/transiva/v1alpha1/zz_generated.deepcopy.go:1068.3,1071.1 3 0
github.com/zyvorai/transiva/pkg/apis/transiva/v1alpha1/zz_generated.deepcopy.go:1072.2,1072.24 1 0
github.com/zyvorai/transiva/pkg/apis/transiva/v1alpha1/zz_generated.deepcopy.go:1073.3,1076.1 3 0
github.com/zyvorai/transiva/pkg/apis/transiva/v1alpha1/zz_generated.deepcopy.go:1081.2,1081.15 1 0
github.com/zyvorai/transiva/pkg/apis/transiva/v1alpha1/zz_generated.deepcopy.go:1082.3,1083.1 1 0
github.com/zyvorai/transiva/pkg/apis/transiva/v1alpha1/zz_generated.deepcopy.go:1084.2,1086.12 3 0
github.com/zyvorai/transiva/pkg/apis/transiva/v1alpha1/zz_generated.deepcopy.go:1091.2,1092.1 1 0
github.com/zyvorai/transiva/pkg/apis/transiva/v1alpha1/zz_generated.deepcopy.go:1096.2,1096.15 1 0
github.com/zyvorai/transiva/pkg/apis/transiva/v1alpha1/zz_generated.deepcopy.go:1097.3,1098.1 1 0
github.com/zyvorai/transiva/pkg/apis/transiva/v1alpha1/zz_generated.deepcopy.go:1099.2,1101.12 3 0
github.com/zyvorai/transiva/pkg/apis/transiva/v1alpha1/zz_generated.deepcopy.go:1106.2,1111.1 5 0
github.com/zyvorai/transiva/pkg/apis/transiva/v1alpha1/zz_generated.deepcopy.go:1115.2,1115.15 1 0
github.com/zyvorai/transiva/pkg/apis/transiva/v1alpha1/zz_generated.deepcopy.go:1116.3,1117.1 1 0
github.com/zyvorai/transiva/pkg/apis/transiva/v1alpha1/zz_generated.deepcopy.go:1118.2,1120.12 3 0
github.com/zyvorai/transiva/pkg/apis/transiva/v1alpha1/zz_generated.deepcopy.go:1125.2,1125.34 1 0
github.com/zyvorai/transiva/pkg/apis/transiva/v1alpha1/zz_generated.deepcopy.go:1126.3,1127.1 1 0
github.com/zyvorai/transiva/pkg/apis/transiva/v1alpha1/zz_generated.deepcopy.go:1128.2,1128.12 1 0
github.com/zyvorai/transiva/pkg/apis/transiva/v1alpha1/zz_generated.deepcopy.go:1133.2,1136.21 4 0
github.com/zyvorai/transiva/pkg/apis/transiva/v1alpha1/zz_generated.deepcopy.go:1137.3,1139.22 3 0
github.com/zyvorai/transiva/pkg/apis/transiva/v1alpha1/zz_generated.deepcopy.go:1140.4,1141.1 1 0
github.com/zyvorai/transiva/pkg/apis/transiva/v1alpha1/zz_generated.deepcopy.go:1147.2,1147.15 1 0
github.com/zyvorai/transiva/pkg/apis/transiva/v1alpha1/zz_generated.deepcopy.go:1148.3,1149.1 1 0
github.com/zyvorai/transiva/pkg/apis/transiva/v1alpha1/zz_generated.deepcopy.go:1150.2,1152.12 3 0
github.com/zyvorai/transiva/pkg/apis/transiva/v1alpha1/zz_generated.deepcopy.go:1157.2,1157.34 1 0
github.com/zyvorai/transiva/pkg/apis/transiva/v1alpha1/zz_generated.deepcopy.go:1158.3,1159.1 1 0
github.com/zyvorai/transiva/pkg/apis/transiva/v1alpha1/zz_generated.deepcopy.go:1160.2,1160.12 1 0
github.com/zyvorai/transiva/pkg/apis/transiva/v1alpha1/zz_generated.deepcopy.go:1165.2,1167.25 3 0
github.com/zyvorai/transiva/pkg/apis/transiva/v1alpha1/zz_generated.deepcopy.go:1168.3,1171.1 3 0
github.com/zyvorai/transiva/pkg/apis/transiva/v1alpha1/zz_generated.deepcopy.go:1172.2,1172.27 1 0
github.com/zyvorai/transiva/pkg/apis/transiva/v1alpha1/zz_generated.deepcopy.go:1173.3,1176.1 3 0
github.com/zyvorai/transiva/pkg/apis/transiva/v1alpha1/zz_generated.deepcopy.go:1177.2,1177.26 1 0
github.com/zyvorai/transiva/pkg/apis/transiva/v1alpha1/zz_generated.deepcopy.go:1178.3,1181.1 3 0
github.com/zyvorai/transiva/pkg/apis/transiva/v1alpha1/zz_generated.deepcopy.go:1182.2,1182.28 1 0
github.com/zyvorai/transiva/pkg/apis/transiva/v1alpha1/zz_generated.deepcopy.go:1183.3,1186.1 3 0
github.com/zyvorai/transiva/pkg/apis/transiva/v1alpha1/zz_generated.deepcopy.go:1191.2,1191.15 1 0
github.com/zyvorai/transiva/pkg/apis/transiva/v1alpha1/zz_generated.deepcopy.go:1192.3,1193.1 1 0
github.com/zyvorai/transiva/pkg/apis/transiva/v1alpha1/zz_generated.deepcopy.go:1194.2,1196.12 3 0
github.com/zyvorai/transiva/pkg/apis/transiva/v1alpha1/zz_generated.deepcopy.go:1201.2,1202.26 2 0
github.com/zyvorai/transiva/pkg/apis/transiva/v1alpha1/zz_generated.deepcopy.go:1203.3,1205.22 3 0
github.com/zyvorai/transiva/pkg/apis/transiva/v1alpha1/zz_generated.deepcopy.go:1206.4,1207.1 1 0
github.com/zyvorai/transiva/pkg/apis/transiva/v1alpha1/zz_generated.deepcopy.go:1209.2,1209.25 1 0
github.com/zyvorai/transiva/pkg/apis/transiva/v1alpha1/zz_generated.deepcopy.go:1210.3,1212.1 2 0
github.com/zyvorai/transiva/pkg/apis/transiva/v1alpha1/zz_generated.deepcopy.go:1213.2,1213.30 1 0
github.com/zyvorai/transiva/pkg/apis/transiva/v1alpha1/zz_generated.deepcopy.go:1214.3,1216.1 2 0
github.com/zyvorai/transiva/pkg/apis/transiva/v1alpha1/zz_generated.deepcopy.go:1221.2,1221.15 1 0
github.com/zyvorai/transiva/pkg/apis/transiva/v1alpha1/zz_generated.deepcopy.go:1222.3,1223.1 1 0
github.com/zyvorai/transiva/pkg/apis/transiva/v1alpha1/zz_generated.deepcopy.go:1224.2,1226.12 3 0
github.com/zyvorai/transiva/pkg/apis/transiva/v1alpha1/zz_generated.deepcopy.go:1231.2,1232.1 1 0
github.com/zyvorai/transiva/pkg/apis/transiva/v1alpha1/zz_generated.deepcopy.go:1236.2,1236.15 1 0
github.com/zyvorai/transiva/pkg/apis/transiva/v1alpha1/zz_generated.deepcopy.go:1237.3,1238.1 1 0
github.com/zyvorai/transiva/pkg/apis/transiva/v1alpha1/zz_generated.deepcopy.go:1239.2,1241.12 3 0
github.com/zyvorai/transiva/pkg/apis/transiva/v1alpha1/zz_generated.deepcopy.go:1246.2,1247.19 2 0
github.com/zyvorai/transiva/pkg/apis/transiva/v1alpha1/zz_generated.deepcopy.go:1248.3,1251.1 3 0
github.com/zyvorai/transiva/pkg/apis/transiva/v1alpha1/zz_generated.deepcopy.go:1252.2,1252.22 1 0
github.com/zyvorai/transiva/pkg/apis/transiva/v1alpha1/zz_generated.deepcopy.go:1253.3,1256.1 3 0
github.com/zyvorai/transiva/pkg/apis/transiva/v1alpha1/zz_generated.deepcopy.go:1261.2,1261.15 1 0
github.com/zyvorai/transiva/pkg/apis/transiva/v1alpha1/zz_generated.deepcopy.go:1262.3,1263.1 1 0
github.com/zyvorai/transiva/pkg/apis/transiva/v1alpha1/zz_generated.deepcopy.go:1264.2,1266.12 3 0
github.com/zyvorai/transiva/pkg/apis/transiva/v1alpha1/zz_generated.deepcopy.go:1271.2,1276.1 5 0
github.com/zyvorai/transiva/pkg/apis/transiva/v1alpha1/zz_generated.deepcopy.go:1280.2,1280.15 1 0
github.com/zyvorai/transiva/pkg/apis/transiva/v1alpha1/zz_generated.deepcopy.go:1281.3,1282.1 1 0
github.com/zyvorai/transiva/pkg/apis/transiva/v1alpha1/zz_generated.deepcopy.go:1283.2,1285.12 3 0
github.com/zyvorai/transiva/pkg/apis/transiva/v1alpha1/zz_generated.deepcopy.go:1290.2,1290.34 1 0
github.com/zyvorai/transiva/pkg/apis/transiva/v1alpha1/zz_generated.deepcopy.go:1291.3,1292.1 1 0
github.com/zyvorai/transiva/pkg/apis/transiva/v1alpha1/zz_generated.deepcopy.go:1293.2,1293.12 1 0
github.com/zyvorai/transiva/pkg/apis/transiva/v1alpha1/zz_generated.deepcopy.go:1298.2,1301.21 4 0
github.com/zyvorai/transiva/pkg/apis/transiva/v1alpha1/zz_generated.deepcopy.go:1302.3,1304.22 3 0
github.com/zyvorai/transiva/pkg/apis/transiva/v1alpha1/zz_generated.deepcopy.go:1305.4,1306.1 1 0
github.com/zyvorai/transiva/pkg/apis/transiva/v1alpha1/zz_generated.deepcopy.go:1312.2,1312.15 1 0
github.com/zyvorai/transiva/pkg/apis/transiva/v1alpha1/zz_generated.deepcopy.go:1313.3,1314.1 1 0
github.com/zyvorai/transiva/pkg/apis/transiva/v1alpha1/zz_generated.deepcopy.go:1315.2,1317.12 3 0
github.com/zyvorai/transiva/pkg/apis/transiva/v1alpha1/zz_generated.deepcopy.go:1322.2,1322.34 1 0
github.com/zyvorai/transiva/pkg/apis/transiva/v1alpha1/zz_generated.deepcopy.go:1323.3,1324.1 1 0
github.com/zyvorai/transiva/pkg/apis/transiva/v1alpha1/zz_generated.deepcopy.go:1325.2,1325.12 1 0
github.com/zyvorai/transiva/pkg/apis/transiva/v1alpha1/zz_generated.deepcopy.go:1330.2,1332.25 3 0
github.com/zyvorai/transiva/pkg/apis/transiva/v1alpha1/zz_generated.deepcopy.go:1333.3,1336.1 3 0
github.com/zyvorai/transiva/pkg/apis/transiva/v1alpha1/zz_generated.deepcopy.go:1337.2,1337.27 1 0
github.com/zyvorai/transiva/pkg/apis/transiva/v1alpha1/zz_generated.deepcopy.go:1338.3,1341.1 3 0
github.com/zyvorai/transiva/pkg/apis/transiva/v1alpha1/zz_generated.deepcopy.go:1346.2,1346.15 1 0
github.com/zyvorai/transiva/pkg/apis/transiva/v1alpha1/zz_generated.deepcopy.go:1347.3,1348.1 1 0
github.com/zyvorai/transiva/pkg/apis/transiva/v1alpha1/zz_generated.deepcopy.go:1349.2,1351.12 3 0
github.com/zyvorai/transiva/pkg/apis/transiva/v1alpha1/zz_generated.deepcopy.go:1356.2,1357.26 2 0
github.com/zyvorai/transiva/pkg/apis/transiva/v1alpha1/zz_generated.deepcopy.go:1358.3,1360.22 3 0
github.com/zyvorai/transiva/pkg/apis/transiva/v1alpha1/zz_generated.deepcopy.go:1361.4,1362.1 1 0
github.com/zyvorai/transiva/pkg/apis/transiva/v1alpha1/zz_generated.deepcopy.go:1364.2,1364.28 1 0
github.com/zyvorai/transiva/pkg/apis/transiva/v1alpha1/zz_generated.deepcopy.go:1365.3,1367.1 2 0
github.com/zyvorai/transiva/pkg/apis/transiva/v1alpha1/zz_generated.deepcopy.go:1368.2,1368.28 1 0
github.com/zyvorai/transiva/pkg/apis/transiva/v1alpha1/zz_generated.deepcopy.go:1369.3,1372.1 3 0
github.com/zyvorai/transiva/pkg/apis/transiva/v1alpha1/zz_generated.deepcopy.go:1373.2,1373.23 1 0
github.com/zyvorai/transiva/pkg/apis/transiva/v1alpha1/zz_generated.deepcopy.go:1374.3,1377.1 3 0
github.com/zyvorai/transiva/pkg/apis/transiva/v1alpha1/zz_generated.deepcopy.go:1378.2,1378.29 1 0
github.com/zyvorai/transiva/pkg/apis/transiva/v1alpha1/zz_generated.deepcopy.go:1379.3,1382.1 3 0
github.com/zyvorai/transiva/pkg/apis/transiva/v1alpha1/zz_generated.deepcopy.go:1387.2,1387.15 1 0
github.com/zyvorai/transiva/pkg/apis/transiva/v1alpha1/zz_generated.deepcopy.go:1388.3,1389.1 1 0
github.com/zyvorai/transiva/pkg/apis/transiva/v1alpha1/zz_generated.deepcopy.go:1390.2,1392.12 3 0
github.com/zyvorai/transiva/pkg/apis/transiva/v1alpha1/zz_generated.deepcopy.go:1397.2,1398.1 1 0
github.com/zyvorai/transiva/pkg/apis/transiva/v1alpha1/zz_generated.deepcopy.go:1402.2,1402.15 1 0
github.com/zyvorai/transiva/pkg/apis/transiva/v1alpha1/zz_generated.deepcopy.go:1403.3,1404.1 1 0
github.com/zyvorai/transiva/pkg/apis/transiva/v1alpha1/zz_generated.deepcopy.go:1405.2,1407.12 3 0
github.com/zyvorai/transiva/pkg/apis/transiva/v1alpha1/zz_generated.deepcopy.go:1412.2,1417.1 5 0
github.com/zyvorai/transiva/pkg/apis/transiva/v1alpha1/zz_generated.deepcopy.go:1421.2,1421.15 1 0
github.com/zyvorai/transiva/pkg/apis/transiva/v1alpha1/zz_generated.deepcopy.go:1422.3,1423.1 1 0
github.com/zyvorai/transiva/pkg/apis/transiva/v1alpha1/zz_generated.deepcopy.go:1424.2,1426.12 3 0
github.com/zyvorai/transiva/pkg/apis/transiva/v1alpha1/zz_generated.deepcopy.go:1431.2,1431.34 1 0
github.com/zyvorai/transiva/pkg/apis/transiva/v1alpha1/zz_generated.deepcopy.go:1432.3,1433.1 1 0
github.com/zyvorai/transiva/pkg/apis/transiva/v1alpha1/zz_generated.deepcopy.go:1434.2,1434.12 1 0
github.com/zyvorai/transiva/pkg/apis/transiva/v1alpha1/zz_generated.deepcopy.go:1439.2,1440.24 2 0
github.com/zyvorai/transiva/pkg/apis/transiva/v1alpha1/zz_generated.deepcopy.go:1441.3,1444.1 3 0
github.com/zyvorai/transiva/pkg/apis/transiva/v1alpha1/zz_generated.deepcopy.go:1449.2,1449.15 1 0
github.com/zyvorai/transiva/pkg/apis/transiva/v1alpha1/zz_generated.deepcopy.go:1450.3,1451.1 1 0
github.com/zyvorai/transiva/pkg/apis/transiva/v1alpha1/zz_generated.deepcopy.go:1452.2,1454.12 3 0
github.com/zyvorai/transiva/pkg/apis/transiva/v1alpha1/zz_generated.deepcopy.go:1459.2,1462.21 4 0
github.com/zyvorai/transiva/pkg/apis/transiva/v1alpha1/zz_generated.deepcopy.go:1463.3,1465.22 3 0
github.com/zyvorai/transiva/pkg/apis/transiva/v1alpha1/zz_generated.deepcopy.go:1466.4,1467.1 1 0
github.com/zyvorai/transiva/pkg/apis/transiva/v1alpha1/zz_generated.deepcopy.go:1473.2,1473.15 1 0
github.com/zyvorai/transiva/pkg/apis/transiva/v1alpha1/zz_generated.deepcopy.go:1474.3,1475.1 1 0
github.com/zyvorai/transiva/pkg/apis/transiva/v1alpha1/zz_generated.deepcopy.go:1476.2,1478.12 3 0
github.com/zyvorai/transiva/pkg/apis/transiva/v1alpha1/zz_generated.deepcopy.go:1483.2,1483.34 1 0
github.com/zyvorai/transiva/pkg/apis/transiva/v1alpha1/zz_generated.deepcopy.go:1484.3,1485.1 1 0
github.com/zyvorai/transiva/pkg/apis/transiva/v1alpha1/zz_generated.deepcopy.go:1486.2,1486.12 1 0
github.com/zyvorai/transiva/pkg/apis/transiva/v1alpha1/zz_generated.deepcopy.go:1491.2,1492.20 2 0
github.com/zyvorai/transiva/pkg/apis/transiva/v1alpha1/zz_generated.deepcopy.go:1493.3,1496.1 3 0
github.com/zyvorai/transiva/pkg/apis/transiva/v1alpha1/zz_generated.deepcopy.go:1497.2,1497.22 1 0
github.com/zyvorai/transiva/pkg/apis/transiva/v1alpha1/zz_generated.deepcopy.go:1498.3,1501.1 3 0
github.com/zyvorai/transiva/pkg/apis/transiva/v1alpha1/zz_generated.deepcopy.go:1502.2,1502.27 1 0
github.com/zyvorai/transiva/pkg/apis/transiva/v1alpha1/zz_generated.deepcopy.go:1503.3,1506.1 3 0
github.com/zyvorai/transiva/pkg/apis/transiva/v1alpha1/zz_generated.deepcopy.go:1507.2,1508.25 2 0
github.com/zyvorai/transiva/pkg/apis/transiva/v1alpha1/zz_generated.deepcopy.go:1509.3,1512.1 3 0
github.com/zyvorai/transiva/pkg/apis/transiva/v1alpha1/zz_generated.deepcopy.go:1513.2,1513.32 1 0
github.com/zyvorai/transiva/pkg/apis/transiva/v1alpha1/zz_generated.deepcopy.go:1514.3,1517.1 3 0
github.com/zyvorai/transiva/pkg/apis/transiva/v1alpha1/zz_generated.deepcopy.go:1518.2,1518.36 1 0
github.com/zyvorai/transiva/pkg/apis/transiva/v1alpha1/zz_generated.deepcopy.go:1519.3,1522.1 3 0
github.com/zyvorai/transiva/pkg/apis/transiva/v1alpha1/zz_generated.deepcopy.go:1527.2,1527.15 1 0
github.com/zyvorai/transiva/pkg/apis/transiva/v1alpha1/zz_generated.deepcopy.go:1528.3,1529.1 1 0
github.com/zyvorai/transiva/pkg/apis/transiva/v1alpha1/zz_generated.deepcopy.go:1530.2,1532.12 3 0
github.com/zyvorai/transiva/pkg/apis/transiva/v1alpha1/zz_generated.deepcopy.go:1537.2,1538.27 2 0
github.com/zyvorai/transiva/pkg/apis/transiva/v1alpha1/zz_generated.deepcopy.go:1539.3,1541.1 2 0
github.com/zyvorai/transiva/pkg/apis/transiva/v1alpha1/zz_generated.deepcopy.go:1542.2,1542.26 1 0
github.com/zyvorai/transiva/pkg/apis/transiva/v1alpha1/zz_generated.deepcopy.go:1543.3,1545.22 3 0
github.com/zyvorai/transiva/pkg/apis/transiva/v1alpha1/zz_generated.deepcopy.go:1546.4,1547.1 1 0
github.com/zyvorai/transiva/pkg/apis/transiva/v1alpha1/zz_generated.deepcopy.go:1553.2,1553.15 1 0
github.com/zyvorai/transiva/pkg/apis/transiva/v1alpha1/zz_generated.deepcopy.go:1554.3,1555.1 1 0
github.com/zyvorai/transiva/pkg/apis/transiva/v1alpha1/zz_generated.deepcopy.go:1556.2,1558.12 3 0
github.com/zyvorai/transiva/pkg/apis/transiva/v1alpha1/zz_generated.deepcopy.go:1563.2,1564.1 1 0
github.com/zyvorai/transiva/pkg/apis/transiva/v1alpha1/zz_generated.deepcopy.go:1568.2,1568.15 1 0
github.com/zyvorai/transiva/pkg/apis/transiva/v1alpha1/zz_generated.deepcopy.go:1569.3,1570.1 1 0
github.com/zyvorai/transiva/pkg/apis/transiva/v1alpha1/zz_generated.deepcopy.go:1571.2,1573.12 3 0
github.com/zyvorai/transiva/pkg/apis/transiva/v1alpha1/zz_generated.deepcopy.go:1578.2,1583.1 5 0
github.com/zyvorai/transiva/pkg/apis/transiva/v1alpha1/zz_generated.deepcopy.go:1587.2,1587.15 1 0
github.com/zyvorai/transiva/pkg/apis/transiva/v1alpha1/zz_generated.deepcopy.go:1588.3,1589.1 1 0
github.com/zyvorai/transiva/pkg/apis/transiva/v1alpha1/zz_generated.deepcopy.go:1590.2,1592.12 3 0
github.com/zyvorai/transiva/pkg/apis/transiva/v1alpha1/zz_generated.deepcopy.go:1597.2,1597.34 1 0
github.com/zyvorai/transiva/pkg/apis/transiva/v1alpha1/zz_generated.deepcopy.go:1598.3,1599.1 1 0
github.com/zyvorai/transiva/pkg/apis/transiva/v1alpha1/zz_generated.deepcopy.go:1600.2,1600.12 1 0
github.com/zyvorai/transiva/pkg/apis/transiva/v1alpha1/zz_generated.deepcopy.go:1605.2,1608.21 4 0
github.com/zyvorai/transiva/pkg/apis/transiva/v1alpha1/zz_generated.deepcopy.go:1609.3,1611.22 3 0
github.com/zyvorai/transiva/pkg/apis/transiva/v1alpha1/zz_generated.deepcopy.go:1612.4,1613.1 1 0
github.com/zyvorai/transiva/pkg/apis/transiva/v1alpha1/zz_generated.deepcopy.go:1619.2,1619.15 1 0
github.com/zyvorai/transiva/pkg/apis/transiva/v1alpha1/zz_generated.deepcopy.go:1620.3,1621.1 1 0
github.com/zyvorai/transiva/pkg/apis/transiva/v1alpha1/zz_generated.deepcopy.go:1622.2,1624.12 3 0
github.com/zyvorai/transiva/pkg/apis/transiva/v1alpha1/zz_generated.deepcopy.go:1629.2,1629.34 1 0
github.com/zyvorai/transiva/pkg/apis/transiva/v1alpha1/zz_generated.deepcopy.go:1630.3,1631.1 1 0
github.com/zyvorai/transiva/pkg/apis/transiva/v1alpha1/zz_generated.deepcopy.go:1632.2,1632.12 1 0
github.com/zyvorai/transiva/pkg/apis/transiva/v1alpha1/zz_generated.deepcopy.go:1637.2,1638.21 2 0
github.com/zyvorai/transiva/pkg/apis/transiva/v1alpha1/zz_generated.deepcopy.go:1639.3,1641.22 3 0
github.com/zyvorai/transiva/pkg/apis/transiva/v1alpha1/zz_generated.deepcopy.go:1642.4,1643.1 1 0
github.com/zyvorai/transiva/pkg/apis/transiva/v1alpha1/zz_generated.deepcopy.go:1645.2,1645.24 1 0
github.com/zyvorai/transiva/pkg/apis/transiva/v1alpha1/zz_generated.deepcopy.go:1646.3,1649.1 3 0
github.com/zyvorai/transiva/pkg/apis/transiva/v1alpha1/zz_generated.deepcopy.go:1650.2,1650.21 1 0
github.com/zyvorai/transiva/pkg/apis/transiva/v1alpha1/zz_generated.deepcopy.go:1651.3,1654.1 3 0
github.com/zyvorai/transiva/pkg/apis/transiva/v1alpha1/zz_generated.deepcopy.go:1655.2,1655.25 1 0
github.com/zyvorai/transiva/pkg/apis/transiva/v1alpha1/zz_generated.deepcopy.go:1656.3,1659.1 3 0
github.com/zyvorai/transiva/pkg/apis/transiva/v1alpha1/zz_generated.deepcopy.go:1660.2,1660.28 1 0
github.com/zyvorai/transiva/pkg/apis/transiva/v1alpha1/zz_generated.deepcopy.go:1661.3,1663.29 3 0
github.com/zyvorai/transiva/pkg/apis/transiva/v1alpha1/zz_generated.deepcopy.go:1664.4,1665.1 1 0
github.com/zyvorai/transiva/pkg/apis/transiva/v1alpha1/zz_generated.deepcopy.go:1667.2,1667.24 1 0
github.com/zyvorai/transiva/pkg/apis/transiva/v1alpha1/zz_generated.deepcopy.go:1668.3,1671.1 3 0
github.com/zyvorai/transiva/pkg/apis/transiva/v1alpha1/zz_generated.deepcopy.go:1672.2,1672.27 1 0
github.com/zyvorai/transiva/pkg/apis/transiva/v1alpha1/zz_generated.deepcopy.go:1673.3,1675.22 3 0
github.com/zyvorai/transiva/pkg/apis/transiva/v1alpha1/zz_generated.deepcopy.go:1676.4,1677.1 1 0
github.com/zyvorai/transiva/pkg/apis/transiva/v1alpha1/zz_generated.deepcopy.go:1679.2,1679.27 1 0
github.com/zyvorai/transiva/pkg/apis/transiva/v1alpha1/zz_generated.deepcopy.go:1680.3,1683.1 3 0
github.com/zyvorai/transiva/pkg/apis/transiva/v1alpha1/zz_generated.deepcopy.go:1684.2,1684.24 1 0
github.com/zyvorai/transiva/pkg/apis/transiva/v1alpha1/zz_generated.deepcopy.go:1685.3,1688.1 3 0
github.com/zyvorai/transiva/pkg/apis/transiva/v1alpha1/zz_generated.deepcopy.go:1689.2,1689.26 1 0
github.com/zyvorai/transiva/pkg/apis/transiva/v1alpha1/zz_generated.deepcopy.go:1690.3,1693.1 3 0
github.com/zyvorai/transiva/pkg/apis/transiva/v1alpha1/zz_generated.deepcopy.go:1694.2,1694.32 1 0
github.com/zyvorai/transiva/pkg/apis/transiva/v1alpha1/zz_generated.deepcopy.go:1695.3,1698.1 3 0
github.com/zyvorai/transiva/pkg/apis/transiva/v1alpha1/zz_generated.deepcopy.go:1699.2,1699.22 1 0
github.com/zyvorai/transiva/pkg/apis/transiva/v1alpha1/zz_generated.deepcopy.go:1700.3,1702.29 3 0
github.com/zyvorai/transiva/pkg/apis/transiva/v1alpha1/zz_generated.deepcopy.go:1703.4,1704.1 1 0
github.com/zyvorai/transiva/pkg/apis/transiva/v1alpha1/zz_generated.deepcopy.go:1706.2,1706.27 1 0
github.com/zyvorai/transiva/pkg/apis/transiva/v1alpha1/zz_generated.deepcopy.go:1707.3,1709.29 3 0
github.com/zyvorai/transiva/pkg/apis/transiva/v1alpha1/zz_generated.deepcopy.go:1710.4,1711.1 1 0
github.com/zyvorai/transiva/pkg/apis/transiva/v1alpha1/zz_generated.deepcopy.go:1717.2,1717.15 1 0
github.com/zyvorai/transiva/pkg/apis/transiva/v1alpha1/zz_generated.deepcopy.go:1718.3,1719.1 1 0
github.com/zyvorai/transiva/pkg/apis/transiva/v1alpha1/zz_generated.deepcopy.go:1720.2,1722.12 3 0
github.com/zyvorai/transiva/pkg/apis/transiva/v1alpha1/zz_generated.deepcopy.go:1727.2,1728.26 2 0
github.com/zyvorai/transiva/pkg/apis/transiva/v1alpha1/zz_generated.deepcopy.go:1729.3,1731.22 3 0
github.com/zyvorai/transiva/pkg/apis/transiva/v1alpha1/zz_generated.deepcopy.go:1732.4,1733.1 1 0
github.com/zyvorai/transiva/pkg/apis/transiva/v1alpha1/zz_generated.deepcopy.go:1735.2,1735.26 1 0
github.com/zyvorai/transiva/pkg/apis/transiva/v1alpha1/zz_generated.deepcopy.go:1736.3,1739.1 3 0
github.com/zyvorai/transiva/pkg/apis/transiva/v1alpha1/zz_generated.deepcopy.go:1740.2,1740.27 1 0
github.com/zyvorai/transiva/pkg/apis/transiva/v1alpha1/zz_generated.deepcopy.go:1741.3,1744.1 3 0
github.com/zyvorai/transiva/pkg/apis/transiva/v1alpha1/zz_generated.deepcopy.go:1745.2,1745.25 1 0
github.com/zyvorai/transiva/pkg/apis/transiva/v1alpha1/zz_generated.deepcopy.go:1746.3,1749.1 3 0
github.com/zyvorai/transiva/pkg/apis/transiva/v1alpha1/zz_generated.deepcopy.go:1750.2,1750.19 1 0
github.com/zyvorai/transiva/pkg/apis/transiva/v1alpha1/zz_generated.deepcopy.go:1751.3,1754.1 3 0
github.com/zyvorai/transiva/pkg/apis/transiva/v1alpha1/zz_generated.deepcopy.go:1755.2,1755.33 1 0
github.com/zyvorai/transiva/pkg/apis/transiva/v1alpha1/zz_generated.deepcopy.go:1756.3,1758.1 2 0
github.com/zyvorai/transiva/pkg/apis/transiva/v1alpha1/zz_generated.deepcopy.go:1759.2,1759.25 1 0
github.com/zyvorai/transiva/pkg/apis/transiva/v1alpha1/zz_generated.deepcopy.go:1760.3,1762.1 2 0
github.com/zyvorai/transiva/pkg/apis/transiva/v1alpha1/zz_generated.deepcopy.go:1767.2,1767.15 1 0
github.com/zyvorai/transiva/pkg/apis/transiva/v1alpha1/zz_generated.deepcopy.go:1768.3,1769.1 1 0
github.com/zyvorai/transiva/pkg/apis/transiva/v1alpha1/zz_generated.deepcopy.go:1770.2,1772.12 3 0
github.com/zyvorai/transiva/pkg/apis/transiva/v1alpha1/zz_generated.deepcopy.go:1777.2,1782.1 5 0
github.com/zyvorai/transiva/pkg/apis/transiva/v1alpha1/zz_generated.deepcopy.go:1786.2,1786.15 1 0
github.com/zyvorai/transiva/pkg/apis/transiva/v1alpha1/zz_generated.deepcopy.go:1787.3,1788.1 1 0
github.com/zyvorai/transiva/pkg/apis/transiva/v1alpha1/zz_generated.deepcopy.go:1789.2,1791.12 3 0
github.com/zyvorai/transiva/pkg/apis/transiva/v1alpha1/zz_generated.deepcopy.go:1796.2,1796.34 1 0
github.com/zyvorai/transiva/pkg/apis/transiva/v1alpha1/zz_generated.deepcopy.go:1797.3,1798.1 1 0
github.com/zyvorai/transiva/pkg/apis/transiva/v1alpha1/zz_generated.deepcopy.go:1799.2,1799.12 1 0
github.com/zyvorai/transiva/pkg/apis/transiva/v1alpha1/zz_generated.deepcopy.go:1804.2,1807.21 4 0
github.com/zyvorai/transiva/pkg/apis/transiva/v1alpha1/zz_generated.deepcopy.go:1808.3,1810.22 3 0
github.com/zyvorai/transiva/pkg/apis/transiva/v1alpha1/zz_generated.deepcopy.go:1811.4,1812.1 1 0
github.com/zyvorai/transiva/pkg/apis/transiva/v1alpha1/zz_generated.deepcopy.go:1818.2,1818.15 1 0
github.com/zyvorai/transiva/pkg/apis/transiva/v1alpha1/zz_generated.deepcopy.go:1819.3,1820.1 1 0
github.com/zyvorai/transiva/pkg/apis/transiva/v1alpha1/zz_generated.deepcopy.go:1821.2,1823.12 3 0
github.com/zyvorai/transiva/pkg/apis/transiva/v1alpha1/zz_generated.deepcopy.go:1828.2,1828.34 1 0
github.com/zyvorai/transiva/pkg/apis/transiva/v1alpha1/zz_generated.deepcopy.go:1829.3,1830.1 1 0
github.com/zyvorai/transiva/pkg/apis/transiva/v1alpha1/zz_generated.deepcopy.go:1831.2,1831.12 1 0
github.com/zyvorai/transiva/pkg/apis/transiva/v1alpha1/zz_generated.deepcopy.go:1836.2,1840.1 4 0
github.com/zyvorai/transiva/pkg/apis/transiva/v1alpha1/zz_generated.deepcopy.go:1844.2,1844.15 1 0
github.com/zyvorai/transiva/pkg/apis/transiva/v1alpha1/zz_generated.deepcopy.go:1845.3,1846.1 1 0
github.com/zyvorai/transiva/pkg/apis/transiva/v1alpha1/zz_generated.deepcopy.go:1847.2,1849.12 3 0
github.com/zyvorai/transiva/pkg/apis/transiva/v1alpha1/zz_generated.deepcopy.go:1854.2,1855.30 2 0
github.com/zyvorai/transiva/pkg/apis/transiva/v1alpha1/zz_generated.deepcopy.go:1856.3,1858.1 2 0
github.com/zyvorai/transiva/pkg/apis/transiva/v1alpha1/zz_generated.deepcopy.go:1859.2,1859.30 1 0
github.com/zyvorai/transiva/pkg/apis/transiva/v1alpha1/zz_generated.deepcopy.go:1860.3,1862.1 2 0
github.com/zyvorai/transiva/pkg/apis/transiva/v1alpha1/zz_generated.deepcopy.go:1863.2,1863.26 1 0
github.com/zyvorai/transiva/pkg/apis/transiva/v1alpha1/zz_generated.deepcopy.go:1864.3,1867.1 3 0
github.com/zyvorai/transiva/pkg/apis/transiva/v1alpha1/zz_generated.deepcopy.go:1868.2,1868.26 1 0
github.com/zyvorai/transiva/pkg/apis/transiva/v1alpha1/zz_generated.deepcopy.go:1869.3,1871.22 3 0
github.com/zyvorai/transiva/pkg/apis/transiva/v1alpha1/zz_generated.deepcopy.go:1872.4,1873.1 1 0
github.com/zyvorai/transiva/pkg/apis/transiva/v1alpha1/zz_generated.deepcopy.go:1879.2,1879.15 1 0
github.com/zyvorai/transiva/pkg/apis/transiva/v1alpha1/zz_generated.deepcopy.go:1880.3,1881.1 1 0
github.com/zyvorai/transiva/pkg/apis/transiva/v1alpha1/zz_generated.deepcopy.go:1882.2,1884.12 3 0
github.com/zyvorai/transiva/pkg/apis/transiva/v1alpha1/zz_generated.deepcopy.go:1889.2,1890.27 2 0
github.com/zyvorai/transiva/pkg/apis/transiva/v1alpha1/zz_generated.deepcopy.go:1891.3,1893.29 3 0
github.com/zyvorai/transiva/pkg/apis/transiva/v1alpha1/zz_generated.deepcopy.go:1894.4,1895.1 1 0
github.com/zyvorai/transiva/pkg/apis/transiva/v1alpha1/zz_generated.deepcopy.go:1897.2,1897.26 1 0
github.com/zyvorai/transiva/pkg/apis/transiva/v1alpha1/zz_generated.deepcopy.go:1898.3,1901.1 3 0
github.com/zyvorai/transiva/pkg/apis/transiva/v1alpha1/zz_generated.deepcopy.go:1902.2,1902.31 1 0
github.com/zyvorai/transiva/pkg/apis/transiva/v1alpha1/zz_generated.deepcopy.go:1903.3,1906.1 3 0
github.com/zyvorai/transiva/pkg/apis/transiva/v1alpha1/zz_generated.deepcopy.go:1907.2,1907.28 1 0
github.com/zyvorai/transiva/pkg/apis/transiva/v1alpha1/zz_generated.deepcopy.go:1908.3,1911.1 3 0
github.com/zyvorai/transiva/pkg/apis/transiva/v1alpha1/zz_generated.deepcopy.go:1916.2,1916.15 1 0
github.com/zyvorai/transiva/pkg/apis/transiva/v1alpha1/zz_generated.deepcopy.go:1917.3,1918.1 1 0
github.com/zyvorai/transiva/pkg/apis/transiva/v1alpha1/zz_generated.deepcopy.go:1919.2,1921.12 3 0
github.com/zyvorai/transiva/pkg/apis/transiva/v1alpha1/zz_generated.deepcopy.go:1926.2,1927.27 2 0
github.com/zyvorai/transiva/pkg/apis/transiva/v1alpha1/zz_generated.deepcopy.go:1928.3,1931.1 3 0
github.com/zyvorai/transiva/pkg/apis/transiva/v1alpha1/zz_generated.deepcopy.go:1932.2,1932.22 1 0
github.com/zyvorai/transiva/pkg/apis/transiva/v1alpha1/zz_generated.deepcopy.go:1933.3,1935.29 3 0
github.com/zyvorai/transiva/pkg/apis/transiva/v1alpha1/zz_generated.deepcopy.go:1936.4,1937.1 1 0
github.com/zyvorai/transiva/pkg/apis/transiva/v1alpha1/zz_generated.deepcopy.go:1939.2,1939.27 1 0
github.com/zyvorai/transiva/pkg/apis/transiva/v1alpha1/zz_generated.deepcopy.go:1940.3,1942.29 3 0
github.com/zyvorai/transiva/pkg/apis/transiva/v1alpha1/zz_generated.deepcopy.go:1943.4,1944.1 1 0
github.com/zyvorai/transiva/pkg/apis/transiva/v1alpha1/zz_generated.deepcopy.go:1950.2,1950.15 1 0
github.com/zyvorai/transiva/pkg/apis/transiva/v1alpha1/zz_generated.deepcopy.go:1951.3,1952.1 1 0
github.com/zyvorai/transiva/pkg/apis/transiva/v1alpha1/zz_generated.deepcopy.go:1953.2,1955.12 3 0
github.com/zyvorai/transiva/pkg/apis/transiva/v1alpha1/zz_generated.deepcopy.go:1960.2,1961.1 1 0
github.com/zyvorai/transiva/pkg/apis/transiva/v1alpha1/zz_generated.deepcopy.go:1965.2,1965.15 1 0
github.com/zyvorai/transiva/pkg/apis/transiva/v1alpha1/zz_generated.deepcopy.go:1966.3,1967.1 1 0
github.com/zyvorai/transiva/pkg/apis/transiva/v1alpha1/zz_generated.deepcopy.go:1968.2,1970.12 3 0
github.com/zyvorai/transiva/pkg/apis/transiva/v1alpha1/zz_generated.deepcopy.go:1977.2,1982.1 5 0
github.com/zyvorai/transiva/pkg/apis/transiva/v1alpha1/zz_generated.deepcopy.go:1986.2,1986.15 1 0
github.com/zyvorai/transiva/pkg/apis/transiva/v1alpha1/zz_generated.deepcopy.go:1987.3,1988.1 1 0
github.com/zyvorai/transiva/pkg/apis/transiva/v1alpha1/zz_generated.deepcopy.go:1989.2,1991.12 3 0
github.com/zyvorai/transiva/pkg/apis/transiva/v1alpha1/zz_generated.deepcopy.go:1996.2,1996.34 1 0
github.com/zyvorai/transiva/pkg/apis/transiva/v1alpha1/zz_generated.deepcopy.go:1997.3,1998.1 1 0
github.com/zyvorai/transiva/pkg/apis/transiva/v1alpha1/zz_generated.deepcopy.go:1999.2,1999.12 1 0
github.com/zyvorai/transiva/pkg/apis/transiva/v1alpha1/zz_generated.deepcopy.go:2004.2,2007.21 4 0
github.com/zyvorai/transiva/pkg/apis/transiva/v1alpha1/zz_generated.deepcopy.go:2008.3,2010.22 3 0
github.com/zyvorai/transiva/pkg/apis/transiva/v1alpha1/zz_generated.deepcopy.go:2011.4,2012.1 1 0
github.com/zyvorai/transiva/pkg/apis/transiva/v1alpha1/zz_generated.deepcopy.go:2018.2,2018.15 1 0
github.com/zyvorai/transiva/pkg/apis/transiva/v1alpha1/zz_generated.deepcopy.go:2019.3,2020.1 1 0
github.com/zyvorai/transiva/pkg/apis/transiva/v1alpha1/zz_generated.deepcopy.go:2021.2,2023.12 3 0
github.com/zyvorai/transiva/pkg/apis/transiva/v1alpha1/zz_generated.deepcopy.go:2028.2,2028.34 1 0
github.com/zyvorai/transiva/pkg/apis/transiva/v1alpha1/zz_generated.deepcopy.go:2029.3,2030.1 1 0
github.com/zyvorai/transiva/pkg/apis/transiva/v1alpha1/zz_generated.deepcopy.go:2031.2,2031.12 1 0
github.com/zyvorai/transiva/pkg/apis/transiva/v1alpha1/zz_generated.deepcopy.go:2036.2,2037.24 2 0
github.com/zyvorai/transiva/pkg/apis/transiva/v1alpha1/zz_generated.deepcopy.go:2038.3,2041.1 3 0
github.com/zyvorai/transiva/pkg/apis/transiva/v1alpha1/zz_generated.deepcopy.go:2042.2,2043.55 2 0
github.com/zyvorai/transiva/pkg/apis/transiva/v1alpha1/zz_generated.deepcopy.go:2048.2,2048.15 1 0
github.com/zyvorai/transiva/pkg/apis/transiva/v1alpha1/zz_generated.deepcopy.go:2049.3,2050.1 1 0
github.com/zyvorai/transiva/pkg/apis/transiva/v1alpha1/zz_generated.deepcopy.go:2051.2,2053.12 3 0
github.com/zyvorai/transiva/pkg/apis/transiva/v1alpha1/zz_generated.deepcopy.go:2058.2,2059.33 2 0
github.com/zyvorai/transiva/pkg/apis/transiva/v1alpha1/zz_generated.deepcopy.go:2060.3,2062.1 2 0
github.com/zyvorai/transiva/pkg/apis/transiva/v1alpha1/zz_generated.deepcopy.go:2063.2,2063.34 1 0
github.com/zyvorai/transiva/pkg/apis/transiva/v1alpha1/zz_generated.deepcopy.go:2064.3,2066.1 2 0
github.com/zyvorai/transiva/pkg/apis/transiva/v1alpha1/zz_generated.deepcopy.go:2067.2,2067.35 1 0
github.com/zyvorai/transiva/pkg/apis/transiva/v1alpha1/zz_generated.deepcopy.go:2068.3,2070.22 3 0
github.com/zyvorai/transiva/pkg/apis/transiva/v1alpha1/zz_generated.deepcopy.go:2071.4,2072.1 1 0
github.com/zyvorai/transiva/pkg/apis/transiva/v1alpha1/zz_generated.deepcopy.go:2074.2,2074.26 1 0
github.com/zyvorai/transiva/pkg/apis/transiva/v1alpha1/zz_generated.deepcopy.go:2075.3,2077.22 3 0
github.com/zyvorai/transiva/pkg/apis/transiva/v1alpha1/zz_generated.deepcopy.go:2078.4,2079.1 1 0
github.com/zyvorai/transiva/pkg/apis/transiva/v1alpha1/zz_generated.deepcopy.go:2085.2,2085.15 1 0
github.com/zyvorai/transiva/pkg/apis/transiva/v1alpha1/zz_generated.deepcopy.go:2086.3,2087.1 1 0
github.com/zyvorai/transiva/pkg/apis/transiva/v1alpha1/zz_generated.deepcopy.go:2088.2,2090.12 3 0
github.com/zyvorai/transiva/pkg/apis/transiva/v1alpha1/zz_generated.deepcopy.go:2095.2,2096.1 1 0
github.com/zyvorai/transiva/pkg/apis/transiva/v1alpha1/zz_generated.deepcopy.go:2100.2,2100.15 1 0
github.com/zyvorai/transiva/pkg/apis/transiva/v1alpha1/zz_generated.deepcopy.go:2101.3,2102.1 1 0
github.com/zyvorai/transiva/pkg/apis/transiva/v1alpha1/zz_generated.deepcopy.go:2103.2,2105.12 3 0
github.com/zyvorai/transiva/pkg/apis/transiva/v1alpha1/zz_generated.deepcopy.go:2110.2,2111.34 2 0
github.com/zyvorai/transiva/pkg/apis/transiva/v1alpha1/zz_generated.deepcopy.go:2112.3,2114.22 3 0
github.com/zyvorai/transiva/pkg/apis/transiva/v1alpha1/zz_generated.deepcopy.go:2115.4,2116.1 1 0
github.com/zyvorai/transiva/pkg/apis/transiva/v1alpha1/zz_generated.deepcopy.go:2118.2,2118.34 1 0
github.com/zyvorai/transiva/pkg/apis/transiva/v1alpha1/zz_generated.deepcopy.go:2119.3,2121.22 3 0
github.com/zyvorai/transiva/pkg/apis/transiva/v1alpha1/zz_generated.deepcopy.go:2122.4,2123.1 1 0
github.com/zyvorai/transiva/pkg/apis/transiva/v1alpha1/zz_generated.deepcopy.go:2125.2,2125.28 1 0
github.com/zyvorai/transiva/pkg/apis/transiva/v1alpha1/zz_generated.deepcopy.go:2126.3,2128.29 3 0
github.com/zyvorai/transiva/pkg/apis/transiva/v1alpha1/zz_generated.deepcopy.go:2129.4,2130.1 1 0
github.com/zyvorai/transiva/pkg/apis/transiva/v1alpha1/zz_generated.deepcopy.go:2136.2,2136.15 1 0
github.com/zyvorai/transiva/pkg/apis/transiva/v1alpha1/zz_generated.deepcopy.go:2137.3,2138.1 1 0
github.com/zyvorai/transiva/pkg/apis/transiva/v1alpha1/zz_generated.deepcopy.go:2139.2,2141.12 3 0
github.com/zyvorai/transiva/pkg/apis/transiva/v1alpha1/zz_generated.deepcopy.go:2146.2,2147.20 2 0
github.com/zyvorai/transiva/pkg/apis/transiva/v1alpha1/zz_generated.deepcopy.go:2148.3,2151.1 3 0
github.com/zyvorai/transiva/pkg/apis/transiva/v1alpha1/zz_generated.deepcopy.go:2156.2,2156.15 1 0
github.com/zyvorai/transiva/pkg/apis/transiva/v1alpha1/zz_generated.deepcopy.go:2157.3,2158.1 1 0
github.com/zyvorai/transiva/pkg/apis/transiva/v1alpha1/zz_generated.deepcopy.go:2159.2,2161.12 3 0
github.com/zyvorai/transiva/pkg/apis/transiva/v1alpha1/zz_generated.deepcopy.go:2166.2,2167.23 2 0
github.com/zyvorai/transiva/pkg/apis/transiva/v1alpha1/zz_generated.deepcopy.go:2168.3,2170.29 3 0
github.com/zyvorai/transiva/pkg/apis/transiva/v1alpha1/zz_generated.deepcopy.go:2171.4,2172.1 1 0
github.com/zyvorai/transiva/pkg/apis/transiva/v1alpha1/zz_generated.deepcopy.go:2174.2,2174.23 1 0
github.com/zyvorai/transiva/pkg/apis/transiva/v1alpha1/zz_generated.deepcopy.go:2175.3,2178.1 3 0
github.com/zyvorai/transiva/pkg/apis/transiva/v1alpha1/zz_generated.deepcopy.go:2179.2,2179.28 1 0
github.com/zyvorai/transiva/pkg/apis/transiva/v1alpha1/zz_generated.deepcopy.go:2180.3,2183.1 3 0
github.com/zyvorai/transiva/pkg/apis/transiva/v1alpha1/zz_generated.deepcopy.go:2188.2,2188.15 1 0
github.com/zyvorai/transiva/pkg/apis/transiva/v1alpha1/zz_generated.deepcopy.go:2189.3,2190.1 1 0
github.com/zyvorai/transiva/pkg/apis/transiva/v1alpha1/zz_generated.deepcopy.go:2191.2,2193.12 3 0
github.com/zyvorai/transiva/pkg/apis/transiva/v1alpha1/zz_generated.deepcopy.go:2198.2,2199.1 1 0
github.com/zyvorai/transiva/pkg/apis/transiva/v1alpha1/zz_generated.deepcopy.go:2203.2,2203.15 1 0
github.com/zyvorai/transiva/pkg/apis/transiva/v1alpha1/zz_generated.deepcopy.go:2204.3,2205.1 1 0
github.com/zyvorai/transiva/pkg/apis/transiva/v1alpha1/zz_generated.deepcopy.go:2206.2,2208.12 3 0
github.com/zyvorai/transiva/pkg/apis/transiva/v1alpha1/zz_generated.deepcopy.go:2213.2,2214.24 2 0
github.com/zyvorai/transiva/pkg/apis/transiva/v1alpha1/zz_generated.deepcopy.go:2215.3,2217.29 3 0
github.com/zyvorai/transiva/pkg/apis/transiva/v1alpha1/zz_generated.deepcopy.go:2218.4,2219.1 1 0
github.com/zyvorai/transiva/pkg/apis/transiva/v1alpha1/zz_generated.deepcopy.go:2225.2,2225.15 1 0
github.com/zyvorai/transiva/pkg/apis/transiva/v1alpha1/zz_generated.deepcopy.go:2226.3,2227.1 1 0
github.com/zyvorai/transiva/pkg/apis/transiva/v1alpha1/zz_generated.deepcopy.go:2228.2,2230.12 3 0
github.com/zyvorai/transiva/pkg/apis/transiva/v1alpha1/zz_generated.deepcopy.go:2235.2,2237.30 3 0
github.com/zyvorai/transiva/pkg/apis/transiva/v1alpha1/zz_generated.deepcopy.go:2238.3,2240.1 2 0
github.com/zyvorai/transiva/pkg/apis/transiva/v1alpha1/zz_generated.deepcopy.go:2245.2,2245.15 1 0
github.com/zyvorai/transiva/pkg/apis/transiva/v1alpha1/zz_generated.deepcopy.go:2246.3,2247.1 1 0
github.com/zyvorai/transiva/pkg/apis/transiva/v1alpha1/zz_generated.deepcopy.go:2248.2,2250.12 3 0
github.com/zyvorai/transiva/pkg/operator/controllers/backupjob_controller.go:42.2,50.1 1 0
github.com/zyvorai/transiva/pkg/operator/controllers/backupjob_controller.go:55.2,59.1 2 0
github.com/zyvorai/transiva/pkg/operator/controllers/backupjob_controller.go:61.2,61.32 2 0
github.com/zyvorai/transiva/pkg/operator/controllers/backupjob_controller.go:64.3,64.47 1 0
github.com/zyvorai/transiva/pkg/operator/controllers/backupjob_controller.go:67.3,67.44 1 0
github.com/zyvorai/transiva/pkg/operator/controllers/backupjob_controller.go:70.3,70.45 1 0
github.com/zyvorai/transiva/pkg/operator/controllers/backupjob_controller.go:73.3,73.97 1 0
github.com/zyvorai/transiva/pkg/operator/controllers/backupjob_controller.go:74.4,75.1 1 0
github.com/zyvorai/transiva/pkg/operator/controllers/backupjob_controller.go:76.3,76.13 1 0
github.com/zyvorai/transiva/pkg/operator/controllers/backupjob_controller.go:78.3,79.13 2 0
github.com/zyvorai/transiva/pkg/operator/controllers/backupjob_controller.go:85.2,86.1 8 0
github.com/zyvorai/transiva/pkg/operator/controllers/backupjob_controller.go:88.2,94.1 8 0
github.com/zyvorai/transiva/pkg/operator/controllers/backupjob_controller.go:97.2,104.1 8 0
github.com/zyvorai/transiva/pkg/operator/controllers/backupjob_controller.go:105.2,106.1 8 0
github.com/zyvorai/transiva/pkg/operator/controllers/backupjob_controller.go:107.2,108.1 8 0
github.com/zyvorai/transiva/pkg/operator/controllers/backupjob_controller.go:112.2,113.1 2 0
github.com/zyvorai/transiva/pkg/operator/controllers/backupjob_controller.go:115.2,115.77 2 0
github.com/zyvorai/transiva/pkg/operator/controllers/backupjob_controller.go:116.3,117.17 2 0
github.com/zyvorai/transiva/pkg/operator/controllers/backupjob_controller.go:118.4,119.1 1 0
github.com/zyvorai/transiva/pkg/operator/controllers/backupjob_controller.go:120.10,120.21 1 0
github.com/zyvorai/transiva/pkg/operator/controllers/backupjob_controller.go:121.4,124.1 3 0
github.com/zyvorai/transiva/pkg/operator/controllers/backupjob_controller.go:126.4,127.1 3 0
github.com/zyvorai/transiva/pkg/operator/controllers/backupjob_controller.go:129.4,130.1 3 0
github.com/zyvorai/transiva/pkg/operator/controllers/backupjob_controller.go:134.2,134.38 1 0
github.com/zyvorai/transiva/pkg/operator/controllers/backupjob_controller.go:141.2,142.1 1 0
github.com/zyvorai/transiva/pkg/operator/controllers/backupjob_controller.go:146.2,147.1 3 0
github.com/zyvorai/transiva/pkg/operator/controllers/backupjob_controller.go:149.2,150.16 3 0
github.com/zyvorai/transiva/pkg/operator/controllers/backupjob_controller.go:151.3,156.1 5 0
github.com/zyvorai/transiva/pkg/operator/controllers/backupjob_controller.go:159.2,160.16 2 0
github.com/zyvorai/transiva/pkg/operator/controllers/backupjob_controller.go:161.3,166.1 5 0
github.com/zyvorai/transiva/pkg/operator/controllers/backupjob_controller.go:169.2,171.1 3 0
github.com/zyvorai/transiva/pkg/operator/controllers/backupjob_controller.go:173.2,173.40 3 0
github.com/zyvorai/transiva/pkg/operator/controllers/backupjob_controller.go:174.3,175.1 1 0
github.com/zyvorai/transiva/pkg/operator/controllers/backupjob_controller.go:177.2,185.1 5 0
github.com/zyvorai/transiva/pkg/operator/controllers/backupjob_controller.go:186.2,187.1 5 0
github.com/zyvorai/transiva/pkg/operator/controllers/backupjob_controller.go:188.2,189.1 5 0
github.com/zyvorai/transiva/pkg/operator/controllers/backupjob_controller.go:190.2,190.12 5 0
github.com/zyvorai/transiva/pkg/operator/controllers/backupjob_controller.go:196.2,197.40 2 0
github.com/zyvorai/transiva/pkg/operator/controllers/backupjob_controller.go:199.3,199.82 1 0
github.com/zyvorai/transiva/pkg/operator/controllers/backupjob_controller.go:200.4,201.1 1 0
github.com/zyvorai/transiva/pkg/operator/controllers/backupjob_controller.go:202.4,203.1 1 0
github.com/zyvorai/transiva/pkg/operator/controllers/backupjob_controller.go:205.3,205.40 1 0
github.com/zyvorai/transiva/pkg/operator/controllers/backupjob_controller.go:207.3,207.40 1 0
github.com/zyvorai/transiva/pkg/operator/controllers/backupjob_controller.go:211.2,212.48 2 0
github.com/zyvorai/transiva/pkg/operator/controllers/backupjob_controller.go:213.3,214.1 1 0
github.com/zyvorai/transiva/pkg/operator/controllers/backupjob_controller.go:216.2,221.1 2 0
github.com/zyvorai/transiva/pkg/operator/controllers/backupjob_controller.go:224.2,224.70 2 0
github.com/zyvorai/transiva/pkg/operator/controllers/backupjob_controller.go:225.3,226.1 1 0
github.com/zyvorai/transiva/pkg/operator/controllers/backupjob_controller.go:229.2,231.1 3 0
github.com/zyvorai/transiva/pkg/operator/controllers/backupjob_controller.go:233.2,233.77 3 0
github.com/zyvorai/transiva/pkg/operator/controllers/backupjob_controller.go:234.3,237.1 3 0
github.com/zyvorai/transiva/pkg/operator/controllers/backupjob_controller.go:240.2,240.77 1 0
github.com/zyvorai/transiva/pkg/operator/controllers/backupjob_controller.go:241.3,242.53 2 0
github.com/zyvorai/transiva/pkg/operator/controllers/backupjob_controller.go:243.4,244.1 1 0
github.com/zyvorai/transiva/pkg/operator/controllers/backupjob_controller.go:247.2,247.20 1 0
github.com/zyvorai/transiva/pkg/operator/controllers/backupjob_controller.go:252.2,253.1 2 0
github.com/zyvorai/transiva/pkg/operator/controllers/backupjob_controller.go:261.2,262.1 2 0
github.com/zyvorai/transiva/pkg/operator/controllers/backupjob_controller.go:266.2,267.1 3 0
github.com/zyvorai/transiva/pkg/operator/controllers/backupjob_controller.go:268.2,269.22 3 0
github.com/zyvorai/transiva/pkg/operator/controllers/backupjob_controller.go:270.3,271.1 1 0
github.com/zyvorai/transiva/pkg/operator/controllers/backupjob_controller.go:278.2,284.1 2 0
github.com/zyvorai/transiva/pkg/operator/controllers/backupjob_controller.go:285.2,285.12 2 0
github.com/zyvorai/transiva/pkg/operator/controllers/backupjob_controller.go:292.2,294.1 2 0
github.com/zyvorai/transiva/pkg/operator/controllers/backupschedule_controller.go:37.2,44.1 1 0
github.com/zyvorai/transiva/pkg/operator/controllers/backupschedule_controller.go:49.2,53.1 2 0
github.com/zyvorai/transiva/pkg/operator/controllers/backupschedule_controller.go:55.2,55.27 2 0
github.com/zyvorai/transiva/pkg/operator/controllers/backupschedule_controller.go:56.3,58.1 2 0
github.com/zyvorai/transiva/pkg/operator/controllers/backupschedule_controller.go:61.2,62.16 2 0
github.com/zyvorai/transiva/pkg/operator/controllers/backupschedule_controller.go:63.3,66.1 3 0
github.com/zyvorai/transiva/pkg/operator/controllers/backupschedule_controller.go:69.2,70.34 2 0
github.com/zyvorai/transiva/pkg/operator/controllers/backupschedule_controller.go:71.3,72.1 1 0
github.com/zyvorai/transiva/pkg/operator/controllers/backupschedule_controller.go:74.2,75.16 2 0
github.com/zyvorai/transiva/pkg/operator/controllers/backupschedule_controller.go:76.3,78.1 2 0
github.com/zyvorai/transiva/pkg/operator/controllers/backupschedule_controller.go:81.2,82.1 3 0
github.com/zyvorai/transiva/pkg/operator/controllers/backupschedule_controller.go:84.2,85.45 3 0
github.com/zyvorai/transiva/pkg/operator/controllers/backupschedule_controller.go:86.3,87.1 1 0
github.com/zyvorai/transiva/pkg/operator/controllers/backupschedule_controller.go:89.2,90.1 2 0
github.com/zyvorai/transiva/pkg/operator/controllers/backupschedule_controller.go:92.2,92.54 2 0
github.com/zyvorai/transiva/pkg/operator/controllers/backupschedule_controller.go:94.3,94.51 1 0
github.com/zyvorai/transiva/pkg/operator/controllers/backupschedule_controller.go:95.4,96.27 2 0
github.com/zyvorai/transiva/pkg/operator/controllers/backupschedule_controller.go:97.5,103.1 4 0
github.com/zyvorai/transiva/pkg/operator/controllers/backupschedule_controller.go:105.5,107.1 4 0
github.com/zyvorai/transiva/pkg/operator/controllers/backupschedule_controller.go:111.3,112.17 2 0
github.com/zyvorai/transiva/pkg/operator/controllers/backupschedule_controller.go:113.4,114.1 1 0
github.com/zyvorai/transiva/pkg/operator/controllers/backupschedule_controller.go:116.3,116.14 1 0
github.com/zyvorai/transiva/pkg/operator/controllers/backupschedule_controller.go:117.4,121.1 2 0
github.com/zyvorai/transiva/pkg/operator/controllers/backupschedule_controller.go:124.3,124.58 1 0
github.com/zyvorai/transiva/pkg/operator/controllers/backupschedule_controller.go:125.4,128.1 3 0
github.com/zyvorai/transiva/pkg/operator/controllers/backupschedule_controller.go:131.3,133.1 3 0
github.com/zyvorai/transiva/pkg/operator/controllers/backupschedule_controller.go:134.3,136.40 3 0
github.com/zyvorai/transiva/pkg/operator/controllers/backupschedule_controller.go:140.2,140.56 1 0
github.com/zyvorai/transiva/pkg/operator/controllers/backupschedule_controller.go:141.3,142.1 1 0
github.com/zyvorai/transiva/pkg/operator/controllers/backupschedule_controller.go:144.2,144.12 1 0
github.com/zyvorai/transiva/pkg/operator/controllers/backupschedule_controller.go:149.2,150.18 2 0
github.com/zyvorai/transiva/pkg/operator/controllers/backupschedule_controller.go:151.3,152.1 1 0
github.com/zyvorai/transiva/pkg/operator/controllers/backupschedule_controller.go:154.2,155.1 2 0
github.com/zyvorai/transiva/pkg/operator/controllers/backupschedule_controller.go:156.2,156.16 2 0
github.com/zyvorai/transiva/pkg/operator/controllers/backupschedule_controller.go:159.3,159.19 1 0
github.com/zyvorai/transiva/pkg/operator/controllers/backupschedule_controller.go:163.3,163.21 1 0
github.com/zyvorai/transiva/pkg/operator/controllers/backupschedule_controller.go:164.4,168.1 2 0
github.com/zyvorai/transiva/pkg/operator/controllers/backupschedule_controller.go:169.3,169.19 1 0
github.com/zyvorai/transiva/pkg/operator/controllers/backupschedule_controller.go:173.3,173.21 1 0
github.com/zyvorai/transiva/pkg/operator/controllers/backupschedule_controller.go:174.4,177.1 1 0
github.com/zyvorai/transiva/pkg/operator/controllers/backupschedule_controller.go:181.3,181.19 1 0
github.com/zyvorai/transiva/pkg/operator/controllers/backupschedule_controller.go:184.3,185.69 2 0
github.com/zyvorai/transiva/pkg/operator/controllers/backupschedule_controller.go:191.2,192.1 4 0
github.com/zyvorai/transiva/pkg/operator/controllers/backupschedule_controller.go:194.2,195.1 4 0
github.com/zyvorai/transiva/pkg/operator/controllers/backupschedule_controller.go:197.2,219.1 4 0
github.com/zyvorai/transiva/pkg/operator/controllers/backupschedule_controller.go:222.2,222.56 4 0
github.com/zyvorai/transiva/pkg/operator/controllers/backupschedule_controller.go:223.3,223.65 1 0
github.com/zyvorai/transiva/pkg/operator/controllers/backupschedule_controller.go:224.4,225.1 1 0
github.com/zyvorai/transiva/pkg/operator/controllers/backupschedule_controller.go:228.2,228.61 1 0
github.com/zyvorai/transiva/pkg/operator/controllers/backupschedule_controller.go:229.3,229.70 1 0
github.com/zyvorai/transiva/pkg/operator/controllers/backupschedule_controller.go:230.4,231.1 1 0
github.com/zyvorai/transiva/pkg/operator/controllers/backupschedule_controller.go:236.2,239.1 4 0
github.com/zyvorai/transiva/pkg/operator/controllers/backupschedule_controller.go:240.2,241.1 4 0
github.com/zyvorai/transiva/pkg/operator/controllers/backupschedule_controller.go:243.2,248.1 4 0
github.com/zyvorai/transiva/pkg/operator/controllers/backupschedule_controller.go:249.2,249.12 4 0
github.com/zyvorai/transiva/pkg/operator/controllers/backupschedule_controller.go:254.2,255.53 2 0
github.com/zyvorai/transiva/pkg/operator/controllers/backupschedule_controller.go:256.3,257.1 1 0
github.com/zyvorai/transiva/pkg/operator/controllers/backupschedule_controller.go:259.2,260.49 2 0
github.com/zyvorai/transiva/pkg/operator/controllers/backupschedule_controller.go:261.3,262.1 1 0
github.com/zyvorai/transiva/pkg/operator/controllers/backupschedule_controller.go:264.2,268.1 2 0
github.com/zyvorai/transiva/pkg/operator/controllers/backupschedule_controller.go:273.2,273.12 2 0
github.com/zyvorai/transiva/pkg/operator/controllers/backupschedule_controller.go:279.2,281.1 2 0
github.com/zyvorai/transiva/pkg/operator/controllers/backupschedule_controller.go:285.2,286.1 5 0
github.com/zyvorai/transiva/pkg/operator/controllers/backupschedule_controller.go:293.2,295.1 5 0
github.com/zyvorai/transiva/pkg/operator/controllers/backupschedule_controller.go:296.2,297.1 5 0
github.com/zyvorai/transiva/pkg/operator/controllers/backupschedule_controller.go:298.2,299.1 5 0
github.com/zyvorai/transiva/pkg/operator/controllers/restorejob_controller.go:42.2,50.1 1 0
github.com/zyvorai/transiva/pkg/operator/controllers/restorejob_controller.go:55.2,59.1 2 0
github.com/zyvorai/transiva/pkg/operator/controllers/restorejob_controller.go:61.2,61.33 2 0
github.com/zyvorai/transiva/pkg/operator/controllers/restorejob_controller.go:64.3,64.49 1 0
github.com/zyvorai/transiva/pkg/operator/controllers/restorejob_controller.go:67.3,67.41 1 0
github.com/zyvorai/transiva/pkg/operator/controllers/restorejob_controller.go:70.3,70.46 1 0
github.com/zyvorai/transiva/pkg/operator/controllers/restorejob_controller.go:73.3,73.64 1 0
github.com/zyvorai/transiva/pkg/operator/controllers/restorejob_controller.go:74.4,75.1 1 0
github.com/zyvorai/transiva/pkg/operator/controllers/restorejob_controller.go:76.3,76.13 1 0
github.com/zyvorai/transiva/pkg/operator/controllers/restorejob_controller.go:78.3,79.13 2 0
github.com/zyvorai/transiva/pkg/operator/controllers/restorejob_controller.go:85.2,86.1 2 0
github.com/zyvorai/transiva/pkg/operator/controllers/restorejob_controller.go:88.2,88.65 2 0
github.com/zyvorai/transiva/pkg/operator/controllers/restorejob_controller.go:89.3,94.1 5 0
github.com/zyvorai/transiva/pkg/operator/controllers/restorejob_controller.go:97.2,103.1 7 0
github.com/zyvorai/transiva/pkg/operator/controllers/restorejob_controller.go:106.2,113.1 7 0
github.com/zyvorai/transiva/pkg/operator/controllers/restorejob_controller.go:114.2,115.1 7 0
github.com/zyvorai/transiva/pkg/operator/controllers/restorejob_controller.go:116.2,116.12 7 0
github.com/zyvorai/transiva/pkg/operator/controllers/restorejob_controller.go:121.2,122.1 2 0
github.com/zyvorai/transiva/pkg/operator/controllers/restorejob_controller.go:124.2,124.21 2 0
github.com/zyvorai/transiva/pkg/operator/controllers/restorejob_controller.go:127.3,127.26 1 0
github.com/zyvorai/transiva/pkg/operator/controllers/restorejob_controller.go:128.4,129.1 1 0
github.com/zyvorai/transiva/pkg/operator/controllers/restorejob_controller.go:130.3,130.24 1 0
github.com/zyvorai/transiva/pkg/operator/controllers/restorejob_controller.go:131.4,132.1 1 0
github.com/zyvorai/transiva/pkg/operator/controllers/restorejob_controller.go:136.3,136.24 1 0
github.com/zyvorai/transiva/pkg/operator/controllers/restorejob_controller.go:137.4,138.1 1 0
github.com/zyvorai/transiva/pkg/operator/controllers/restorejob_controller.go:142.3,142.33 1 0
github.com/zyvorai/transiva/pkg/operator/controllers/restorejob_controller.go:143.4,144.1 1 0
github.com/zyvorai/transiva/pkg/operator/controllers/restorejob_controller.go:145.3,145.37 1 0
github.com/zyvorai/transiva/pkg/operator/controllers/restorejob_controller.go:146.4,147.1 1 0
github.com/zyvorai/transiva/pkg/operator/controllers/restorejob_controller.go:156.3,156.60 1 0
github.com/zyvorai/transiva/pkg/operator/controllers/restorejob_controller.go:159.2,159.12 1 0
github.com/zyvorai/transiva/pkg/operator/controllers/restorejob_controller.go:164.2,165.1 3 0
github.com/zyvorai/transiva/pkg/operator/controllers/restorejob_controller.go:167.2,168.16 3 0
github.com/zyvorai/transiva/pkg/operator/controllers/restorejob_controller.go:169.3,174.1 5 0
github.com/zyvorai/transiva/pkg/operator/controllers/restorejob_controller.go:177.2,178.16 2 0
github.com/zyvorai/transiva/pkg/operator/controllers/restorejob_controller.go:179.3,184.1 5 0
github.com/zyvorai/transiva/pkg/operator/controllers/restorejob_controller.go:189.2,190.1 8 0
github.com/zyvorai/transiva/pkg/operator/controllers/restorejob_controller.go:192.2,194.1 8 0
github.com/zyvorai/transiva/pkg/operator/controllers/restorejob_controller.go:195.2,203.1 8 0
github.com/zyvorai/transiva/pkg/operator/controllers/restorejob_controller.go:204.2,205.1 8 0
github.com/zyvorai/transiva/pkg/operator/controllers/restorejob_controller.go:206.2,211.1 8 0
github.com/zyvorai/transiva/pkg/operator/controllers/restorejob_controller.go:212.2,212.12 8 0
github.com/zyvorai/transiva/pkg/operator/controllers/restorejob_controller.go:217.2,218.1 2 0
github.com/zyvorai/transiva/pkg/operator/controllers/restorejob_controller.go:219.2,219.21 2 0
github.com/zyvorai/transiva/pkg/operator/controllers/restorejob_controller.go:221.3,221.68 1 0
github.com/zyvorai/transiva/pkg/operator/controllers/restorejob_controller.go:224.3,224.71 1 0
github.com/zyvorai/transiva/pkg/operator/controllers/restorejob_controller.go:227.3,227.68 1 0
github.com/zyvorai/transiva/pkg/operator/controllers/restorejob_controller.go:230.3,230.26 1 0
github.com/zyvorai/transiva/pkg/operator/controllers/restorejob_controller.go:234.3,235.22 2 0
github.com/zyvorai/transiva/pkg/operator/controllers/restorejob_controller.go:236.4,237.1 1 0
github.com/zyvorai/transiva/pkg/operator/controllers/restorejob_controller.go:240.3,240.81 1 0
github.com/zyvorai/transiva/pkg/operator/controllers/restorejob_controller.go:243.3,243.64 1 0
github.com/zyvorai/transiva/pkg/operator/controllers/restorejob_controller.go:249.2,250.1 3 0
github.com/zyvorai/transiva/pkg/operator/controllers/restorejob_controller.go:252.2,253.78 3 0
github.com/zyvorai/transiva/pkg/operator/controllers/restorejob_controller.go:254.3,255.1 1 0
github.com/zyvorai/transiva/pkg/operator/controllers/restorejob_controller.go:257.2,262.1 6 0
github.com/zyvorai/transiva/pkg/operator/controllers/restorejob_controller.go:265.2,269.1 6 0
github.com/zyvorai/transiva/pkg/operator/controllers/restorejob_controller.go:271.2,271.26 6 0
github.com/zyvorai/transiva/pkg/operator/controllers/restorejob_controller.go:272.3,273.1 1 0
github.com/zyvorai/transiva/pkg/operator/controllers/restorejob_controller.go:274.2,274.27 1 0
github.com/zyvorai/transiva/pkg/operator/controllers/restorejob_controller.go:275.3,276.1 1 0
github.com/zyvorai/transiva/pkg/operator/controllers/restorejob_controller.go:277.2,277.29 1 0
github.com/zyvorai/transiva/pkg/operator/controllers/restorejob_controller.go:278.3,279.1 1 0
github.com/zyvorai/transiva/pkg/operator/controllers/restorejob_controller.go:282.2,282.36 1 0
github.com/zyvorai/transiva/pkg/operator/controllers/restorejob_controller.go:283.3,284.1 2 0
github.com/zyvorai/transiva/pkg/operator/controllers/restorejob_controller.go:285.3,285.31 2 0
github.com/zyvorai/transiva/pkg/operator/controllers/restorejob_controller.go:286.4,287.1 1 0
github.com/zyvorai/transiva/pkg/operator/controllers/restorejob_controller.go:288.3,288.21 1 0
github.com/zyvorai/transiva/pkg/operator/controllers/restorejob_controller.go:289.4,290.1 1 0
github.com/zyvorai/transiva/pkg/operator/controllers/restorejob_controller.go:291.3,291.31 1 0
github.com/zyvorai/transiva/pkg/operator/controllers/restorejob_controller.go:292.4,293.1 1 0
github.com/zyvorai/transiva/pkg/operator/controllers/restorejob_controller.go:296.3,296.32 1 0
github.com/zyvorai/transiva/pkg/operator/controllers/restorejob_controller.go:297.4,298.27 2 0
github.com/zyvorai/transiva/pkg/operator/controllers/restorejob_controller.go:299.5,300.1 1 0
github.com/zyvorai/transiva/pkg/operator/controllers/restorejob_controller.go:301.4,301.22 1 0
github.com/zyvorai/transiva/pkg/operator/controllers/restorejob_controller.go:302.5,303.1 1 0
github.com/zyvorai/transiva/pkg/operator/controllers/restorejob_controller.go:307.2,307.20 1 0
github.com/zyvorai/transiva/pkg/operator/controllers/restorejob_controller.go:312.2,313.1 2 0
github.com/zyvorai/transiva/pkg/operator/controllers/restorejob_controller.go:318.2,319.1 2 0
github.com/zyvorai/transiva/pkg/operator/controllers/restorejob_controller.go:323.2,324.1 2 0
github.com/zyvorai/transiva/pkg/operator/controllers/restorejob_controller.go:326.2,326.83 2 0
github.com/zyvorai/transiva/pkg/operator/controllers/restorejob_controller.go:327.3,328.1 2 0
github.com/zyvorai/transiva/pkg/operator/controllers/restorejob_controller.go:333.3,334.1 2 0
github.com/zyvorai/transiva/pkg/operator/controllers/restorejob_controller.go:336.2,336.12 1 0
github.com/zyvorai/transiva/pkg/operator/controllers/restorejob_controller.go:342.2,344.1 2 0
github.com/zyvorai/transiva/pkg/operator/controllers/vm_controller.go:43.2,44.1 3 0
github.com/zyvorai/transiva/pkg/operator/controllers/vm_controller.go:46.2,47.59 3 0
github.com/zyvorai/transiva/pkg/operator/controllers/vm_controller.go:48.3,48.29 1 0
github.com/zyvorai/transiva/pkg/operator/controllers/vm_controller.go:49.4,50.1 1 0
github.com/zyvorai/transiva/pkg/operator/controllers/vm_controller.go:51.3,51.28 1 0
github.com/zyvorai/transiva/pkg/operator/controllers/vm_controller.go:55.2,55.36 1 0
github.com/zyvorai/transiva/pkg/operator/controllers/vm_controller.go:56.3,57.1 1 0
github.com/zyvorai/transiva/pkg/operator/controllers/vm_controller.go:60.2,60.56 1 0
github.com/zyvorai/transiva/pkg/operator/controllers/vm_controller.go:61.3,62.43 2 0
github.com/zyvorai/transiva/pkg/operator/controllers/vm_controller.go:63.4,64.1 1 0
github.com/zyvorai/transiva/pkg/operator/controllers/vm_controller.go:68.2,68.27 1 0
github.com/zyvorai/transiva/pkg/operator/controllers/vm_controller.go:69.3,71.52 3 0
github.com/zyvorai/transiva/pkg/operator/controllers/vm_controller.go:72.4,73.1 1 0
github.com/zyvorai/transiva/pkg/operator/controllers/vm_controller.go:77.2,77.25 1 0
github.com/zyvorai/transiva/pkg/operator/controllers/vm_controller.go:79.3,79.37 1 0
github.com/zyvorai/transiva/pkg/operator/controllers/vm_controller.go:81.3,81.38 1 0
github.com/zyvorai/transiva/pkg/operator/controllers/vm_controller.go:83.3,83.37 1 0
github.com/zyvorai/transiva/pkg/operator/controllers/vm_controller.go:85.3,85.37 1 0
github.com/zyvorai/transiva/pkg/operator/controllers/vm_controller.go:87.3,87.36 1 0
github.com/zyvorai/transiva/pkg/operator/controllers/vm_controller.go:89.3,90.28 2 0
github.com/zyvorai/transiva/pkg/operator/controllers/vm_controller.go:96.2,97.1 2 0
github.com/zyvorai/transiva/pkg/operator/controllers/vm_controller.go:99.2,99.45 2 0
github.com/zyvorai/transiva/pkg/operator/controllers/vm_controller.go:100.3,102.52 3 0
github.com/zyvorai/transiva/pkg/operator/controllers/vm_controller.go:103.4,104.1 1 0
github.com/zyvorai/transiva/pkg/operator/controllers/vm_controller.go:105.3,105.28 1 0
github.com/zyvorai/transiva/pkg/operator/controllers/vm_controller.go:109.2,109.63 1 0
github.com/zyvorai/transiva/pkg/operator/controllers/vm_controller.go:110.3,111.17 2 0
github.com/zyvorai/transiva/pkg/operator/controllers/vm_controller.go:112.4,113.1 1 0
github.com/zyvorai/transiva/pkg/operator/controllers/vm_controller.go:113.10,113.20 1 0
github.com/zyvorai/transiva/pkg/operator/controllers/vm_controller.go:114.4,116.53 3 0
github.com/zyvorai/transiva/pkg/operator/controllers/vm_controller.go:117.5,118.1 1 0
github.com/zyvorai/transiva/pkg/operator/controllers/vm_controller.go:120.4,120.58 1 0
github.com/zyvorai/transiva/pkg/operator/controllers/vm_controller.go:125.2,125.30 1 0
github.com/zyvorai/transiva/pkg/operator/controllers/vm_controller.go:126.3,127.17 2 0
github.com/zyvorai/transiva/pkg/operator/controllers/vm_controller.go:128.4,130.1 2 0
github.com/zyvorai/transiva/pkg/operator/controllers/vm_controller.go:131.3,131.32 1 0
github.com/zyvorai/transiva/pkg/operator/controllers/vm_controller.go:135.2,137.51 3 0
github.com/zyvorai/transiva/pkg/operator/controllers/vm_controller.go:138.3,139.1 1 0
github.com/zyvorai/transiva/pkg/operator/controllers/vm_controller.go:141.2,141.56 1 0
github.com/zyvorai/transiva/pkg/operator/controllers/vm_controller.go:146.2,147.1 2 0
github.com/zyvorai/transiva/pkg/operator/controllers/vm_controller.go:149.2,149.37 2 0
github.com/zyvorai/transiva/pkg/operator/controllers/vm_controller.go:150.3,153.1 4 0
github.com/zyvorai/transiva/pkg/operator/controllers/vm_controller.go:154.3,154.29 4 0
github.com/zyvorai/transiva/pkg/operator/controllers/vm_controller.go:156.4,157.83 2 0
github.com/zyvorai/transiva/pkg/operator/controllers/vm_controller.go:158.5,159.1 1 0
github.com/zyvorai/transiva/pkg/operator/controllers/vm_controller.go:160.4,160.45 1 0
github.com/zyvorai/transiva/pkg/operator/controllers/vm_controller.go:161.5,163.1 2 0
github.com/zyvorai/transiva/pkg/operator/controllers/vm_controller.go:164.4,164.46 1 0
github.com/zyvorai/transiva/pkg/operator/controllers/vm_controller.go:165.10,165.24 1 0
github.com/zyvorai/transiva/pkg/operator/controllers/vm_controller.go:166.4,167.1 1 0
github.com/zyvorai/transiva/pkg/operator/controllers/vm_controller.go:170.3,170.44 1 0
github.com/zyvorai/transiva/pkg/operator/controllers/vm_controller.go:171.4,173.1 2 0
github.com/zyvorai/transiva/pkg/operator/controllers/vm_controller.go:177.2,180.1 4 0
github.com/zyvorai/transiva/pkg/operator/controllers/vm_controller.go:181.2,181.28 4 0
github.com/zyvorai/transiva/pkg/operator/controllers/vm_controller.go:183.3,184.82 2 0
github.com/zyvorai/transiva/pkg/operator/controllers/vm_controller.go:185.4,186.1 1 0
github.com/zyvorai/transiva/pkg/operator/controllers/vm_controller.go:187.3,187.44 1 0
github.com/zyvorai/transiva/pkg/operator/controllers/vm_controller.go:188.4,190.1 2 0
github.com/zyvorai/transiva/pkg/operator/controllers/vm_controller.go:191.3,191.48 1 0
github.com/zyvorai/transiva/pkg/operator/controllers/vm_controller.go:192.9,192.23 1 0
github.com/zyvorai/transiva/pkg/operator/controllers/vm_controller.go:193.3,194.1 1 0
github.com/zyvorai/transiva/pkg/operator/controllers/vm_controller.go:197.2,197.43 1 0
github.com/zyvorai/transiva/pkg/operator/controllers/vm_controller.go:199.3,201.1 3 0
github.com/zyvorai/transiva/pkg/operator/controllers/vm_controller.go:203.3,203.33 3 0
github.com/zyvorai/transiva/pkg/operator/controllers/vm_controller.go:204.4,205.41 2 0
github.com/zyvorai/transiva/pkg/operator/controllers/vm_controller.go:206.5,207.1 1 0
github.com/zyvorai/transiva/pkg/operator/controllers/vm_controller.go:210.3,211.52 2 0
github.com/zyvorai/transiva/pkg/operator/controllers/vm_controller.go:212.4,213.1 1 0
github.com/zyvorai/transiva/pkg/operator/controllers/vm_controller.go:215.3,216.28 2 0
github.com/zyvorai/transiva/pkg/operator/controllers/vm_controller.go:220.2,220.56 1 0
github.com/zyvorai/transiva/pkg/operator/controllers/vm_controller.go:225.2,226.1 2 0
github.com/zyvorai/transiva/pkg/operator/controllers/vm_controller.go:228.2,228.22 2 0
github.com/zyvorai/transiva/pkg/operator/controllers/vm_controller.go:229.3,230.1 1 0
github.com/zyvorai/transiva/pkg/operator/controllers/vm_controller.go:233.2,236.1 4 0
github.com/zyvorai/transiva/pkg/operator/controllers/vm_controller.go:237.2,237.28 4 0
github.com/zyvorai/transiva/pkg/operator/controllers/vm_controller.go:239.3,241.52 3 0
github.com/zyvorai/transiva/pkg/operator/controllers/vm_controller.go:242.4,243.1 1 0
github.com/zyvorai/transiva/pkg/operator/controllers/vm_controller.go:244.3,244.36 1 0
github.com/zyvorai/transiva/pkg/operator/controllers/vm_controller.go:245.9,245.23 1 0
github.com/zyvorai/transiva/pkg/operator/controllers/vm_controller.go:246.3,247.1 1 0
github.com/zyvorai/transiva/pkg/operator/controllers/vm_controller.go:250.2,250.43 1 0
github.com/zyvorai/transiva/pkg/operator/controllers/vm_controller.go:251.3,254.52 4 0
github.com/zyvorai/transiva/pkg/operator/controllers/vm_controller.go:255.4,256.1 1 0
github.com/zyvorai/transiva/pkg/operator/controllers/vm_controller.go:257.3,257.36 1 0
github.com/zyvorai/transiva/pkg/operator/controllers/vm_controller.go:261.2,270.1 2 0
github.com/zyvorai/transiva/pkg/operator/controllers/vm_controller.go:272.2,272.51 2 0
github.com/zyvorai/transiva/pkg/operator/controllers/vm_controller.go:273.3,274.1 1 0
github.com/zyvorai/transiva/pkg/operator/controllers/vm_controller.go:277.2,277.57 1 0
github.com/zyvorai/transiva/pkg/operator/controllers/vm_controller.go:283.2,283.21 1 0
github.com/zyvorai/transiva/pkg/operator/controllers/vm_controller.go:284.3,285.1 1 0
github.com/zyvorai/transiva/pkg/operator/controllers/vm_controller.go:288.2,291.1 4 0
github.com/zyvorai/transiva/pkg/operator/controllers/vm_controller.go:292.2,292.16 4 0
github.com/zyvorai/transiva/pkg/operator/controllers/vm_controller.go:294.3,294.71 1 0
github.com/zyvorai/transiva/pkg/operator/controllers/vm_controller.go:295.4,296.1 1 0
github.com/zyvorai/transiva/pkg/operator/controllers/vm_controller.go:297.3,297.57 1 0
github.com/zyvorai/transiva/pkg/operator/controllers/vm_controller.go:298.9,298.36 1 0
github.com/zyvorai/transiva/pkg/operator/controllers/vm_controller.go:299.3,300.1 1 0
github.com/zyvorai/transiva/pkg/operator/controllers/vm_controller.go:303.2,303.27 1 0
github.com/zyvorai/transiva/pkg/operator/controllers/vm_controller.go:309.2,309.73 1 0
github.com/zyvorai/transiva/pkg/operator/controllers/vm_controller.go:310.3,311.1 1 0
github.com/zyvorai/transiva/pkg/operator/controllers/vm_controller.go:314.2,314.27 1 0
github.com/zyvorai/transiva/pkg/operator/controllers/vm_controller.go:319.2,320.1 2 0
github.com/zyvorai/transiva/pkg/operator/controllers/vm_controller.go:321.2,321.55 2 0
github.com/zyvorai/transiva/pkg/operator/controllers/vm_controller.go:323.3,326.17 4 0
github.com/zyvorai/transiva/pkg/operator/controllers/vm_controller.go:327.4,327.45 1 0
github.com/zyvorai/transiva/pkg/operator/controllers/vm_controller.go:328.5,329.1 1 0
github.com/zyvorai/transiva/pkg/operator/controllers/vm_controller.go:330.4,330.49 1 0
github.com/zyvorai/transiva/pkg/operator/controllers/vm_controller.go:331.10,331.37 1 0
github.com/zyvorai/transiva/pkg/operator/controllers/vm_controller.go:332.4,333.1 1 0
github.com/zyvorai/transiva/pkg/operator/controllers/vm_controller.go:336.3,336.38 1 0
github.com/zyvorai/transiva/pkg/operator/controllers/vm_controller.go:337.4,340.18 4 0
github.com/zyvorai/transiva/pkg/operator/controllers/vm_controller.go:341.5,341.46 1 0
github.com/zyvorai/transiva/pkg/operator/controllers/vm_controller.go:342.6,343.1 1 0
github.com/zyvorai/transiva/pkg/operator/controllers/vm_controller.go:344.5,344.47 1 0
github.com/zyvorai/transiva/pkg/operator/controllers/vm_controller.go:345.11,345.38 1 0
github.com/zyvorai/transiva/pkg/operator/controllers/vm_controller.go:346.5,347.1 1 0
github.com/zyvorai/transiva/pkg/operator/controllers/vm_controller.go:351.3,352.43 2 0
github.com/zyvorai/transiva/pkg/operator/controllers/vm_controller.go:353.4,354.1 1 0
github.com/zyvorai/transiva/pkg/operator/controllers/vm_controller.go:357.2,357.27 1 0
github.com/zyvorai/transiva/pkg/operator/controllers/vm_controller.go:362.2,363.1 5 0
github.com/zyvorai/transiva/pkg/operator/controllers/vm_controller.go:365.2,368.1 5 0
github.com/zyvorai/transiva/pkg/operator/controllers/vm_controller.go:369.2,369.16 5 0
github.com/zyvorai/transiva/pkg/operator/controllers/vm_controller.go:370.3,370.44 1 0
github.com/zyvorai/transiva/pkg/operator/controllers/vm_controller.go:371.4,372.1 1 0
github.com/zyvorai/transiva/pkg/operator/controllers/vm_controller.go:373.3,373.43 1 0
github.com/zyvorai/transiva/pkg/operator/controllers/vm_controller.go:374.9,374.36 1 0
github.com/zyvorai/transiva/pkg/operator/controllers/vm_controller.go:375.3,376.1 1 0
github.com/zyvorai/transiva/pkg/operator/controllers/vm_controller.go:379.2,382.51 4 0
github.com/zyvorai/transiva/pkg/operator/controllers/vm_controller.go:383.3,384.1 1 0
github.com/zyvorai/transiva/pkg/operator/controllers/vm_controller.go:386.2,386.27 1 0
github.com/zyvorai/transiva/pkg/operator/controllers/vm_controller.go:391.2,392.1 4 0
github.com/zyvorai/transiva/pkg/operator/controllers/vm_controller.go:394.2,396.51 4 0
github.com/zyvorai/transiva/pkg/operator/controllers/vm_controller.go:397.3,398.1 1 0
github.com/zyvorai/transiva/pkg/operator/controllers/vm_controller.go:400.2,401.56 2 0
github.com/zyvorai/transiva/pkg/operator/controllers/vm_controller.go:406.2,407.1 2 0
github.com/zyvorai/transiva/pkg/operator/controllers/vm_controller.go:408.2,408.74 2 0
github.com/zyvorai/transiva/pkg/operator/controllers/vm_controller.go:409.3,410.1 1 0
github.com/zyvorai/transiva/pkg/operator/controllers/vm_controller.go:413.2,413.55 1 0
github.com/zyvorai/transiva/pkg/operator/controllers/vm_controller.go:414.3,415.1 1 0
github.com/zyvorai/transiva/pkg/operator/controllers/vm_controller.go:420.2,421.1 4 0
github.com/zyvorai/transiva/pkg/operator/controllers/vm_controller.go:423.2,425.51 4 0
github.com/zyvorai/transiva/pkg/operator/controllers/vm_controller.go:426.3,427.1 1 0
github.com/zyvorai/transiva/pkg/operator/controllers/vm_controller.go:430.2,430.57 1 0
github.com/zyvorai/transiva/pkg/operator/controllers/vm_controller.go:436.2,436.22 1 0
github.com/zyvorai/transiva/pkg/operator/controllers/vm_controller.go:437.3,438.1 1 0
github.com/zyvorai/transiva/pkg/operator/controllers/vm_controller.go:439.2,439.26 1 0
github.com/zyvorai/transiva/pkg/operator/controllers/vm_controller.go:440.3,441.1 1 0
github.com/zyvorai/transiva/pkg/operator/controllers/vm_controller.go:443.2,443.12 1 0
github.com/zyvorai/transiva/pkg/operator/controllers/vm_controller.go:449.2,450.1 1 0
github.com/zyvorai/transiva/pkg/operator/controllers/vm_controller.go:460.2,460.35 1 0
github.com/zyvorai/transiva/pkg/operator/controllers/vm_controller.go:462.3,463.1 1 0
github.com/zyvorai/transiva/pkg/operator/controllers/vm_controller.go:465.2,465.22 1 0
github.com/zyvorai/transiva/pkg/operator/controllers/vm_controller.go:469.2,476.1 4 0
github.com/zyvorai/transiva/pkg/operator/controllers/vm_controller.go:479.2,480.41 4 0
github.com/zyvorai/transiva/pkg/operator/controllers/vm_controller.go:481.3,481.25 1 0
github.com/zyvorai/transiva/pkg/operator/controllers/vm_controller.go:482.4,484.9 3 0
github.com/zyvorai/transiva/pkg/operator/controllers/vm_controller.go:487.2,487.12 1 0
github.com/zyvorai/transiva/pkg/operator/controllers/vm_controller.go:488.3,489.1 1 0
github.com/zyvorai/transiva/pkg/operator/controllers/vm_controller.go:493.2,494.24 2 0
github.com/zyvorai/transiva/pkg/operator/controllers/vm_controller.go:495.3,496.1 1 0
github.com/zyvorai/transiva/pkg/operator/controllers/vm_controller.go:498.2,519.1 1 0
github.com/zyvorai/transiva/pkg/operator/controllers/vm_controller.go:526.2,527.1 3 0
github.com/zyvorai/transiva/pkg/operator/controllers/vm_controller.go:528.2,557.1 3 0
github.com/zyvorai/transiva/pkg/operator/controllers/vm_controller.go:560.2,560.35 3 0
github.com/zyvorai/transiva/pkg/operator/controllers/vm_controller.go:561.3,562.1 1 0
github.com/zyvorai/transiva/pkg/operator/controllers/vm_controller.go:565.2,565.29 1 0
github.com/zyvorai/transiva/pkg/operator/controllers/vm_controller.go:566.3,567.1 1 0
github.com/zyvorai/transiva/pkg/operator/controllers/vm_controller.go:570.2,570.34 1 0
github.com/zyvorai/transiva/pkg/operator/controllers/vm_controller.go:571.3,572.1 1 0
github.com/zyvorai/transiva/pkg/operator/controllers/vm_controller.go:574.2,574.12 1 0
github.com/zyvorai/transiva/pkg/operator/controllers/vm_controller.go:578.2,579.37 2 0
github.com/zyvorai/transiva/pkg/operator/controllers/vm_controller.go:580.3,584.1 1 0
github.com/zyvorai/transiva/pkg/operator/controllers/vm_controller.go:585.2,585.15 1 0
github.com/zyvorai/transiva/pkg/operator/controllers/vm_controller.go:589.2,590.37 2 0
github.com/zyvorai/transiva/pkg/operator/controllers/vm_controller.go:591.3,599.1 1 0
github.com/zyvorai/transiva/pkg/operator/controllers/vm_controller.go:600.2,600.16 1 0
github.com/zyvorai/transiva/pkg/operator/controllers/vm_controller.go:606.2,607.1 1 0
github.com/zyvorai/transiva/pkg/operator/controllers/vm_controller.go:611.2,616.1 1 0
github.com/zyvorai/transiva/pkg/operator/controllers/vmbackupschedule_controller.go:42.2,43.1 3 0
github.com/zyvorai/transiva/pkg/operator/controllers/vmbackupschedule_controller.go:45.2,46.65 3 0
github.com/zyvorai/transiva/pkg/operator/controllers/vmbackupschedule_controller.go:47.3,47.29 1 0
github.com/zyvorai/transiva/pkg/operator/controllers/vmbackupschedule_controller.go:48.4,49.1 1 0
github.com/zyvorai/transiva/pkg/operator/controllers/vmbackupschedule_controller.go:50.3,50.28 1 0
github.com/zyvorai/transiva/pkg/operator/controllers/vmbackupschedule_controller.go:54.2,54.42 1 0
github.com/zyvorai/transiva/pkg/operator/controllers/vmbackupschedule_controller.go:55.3,56.1 1 0
github.com/zyvorai/transiva/pkg/operator/controllers/vmbackupschedule_controller.go:59.2,59.74 1 0
github.com/zyvorai/transiva/pkg/operator/controllers/vmbackupschedule_controller.go:60.3,61.49 2 0
github.com/zyvorai/transiva/pkg/operator/controllers/vmbackupschedule_controller.go:62.4,63.1 1 0
github.com/zyvorai/transiva/pkg/operator/controllers/vmbackupschedule_controller.go:67.2,67.26 1 0
github.com/zyvorai/transiva/pkg/operator/controllers/vmbackupschedule_controller.go:68.3,70.1 2 0
github.com/zyvorai/transiva/pkg/operator/controllers/vmbackupschedule_controller.go:73.2,74.16 2 0
github.com/zyvorai/transiva/pkg/operator/controllers/vmbackupschedule_controller.go:75.3,77.1 2 0
github.com/zyvorai/transiva/pkg/operator/controllers/vmbackupschedule_controller.go:80.2,81.32 2 0
github.com/zyvorai/transiva/pkg/operator/controllers/vmbackupschedule_controller.go:82.3,83.1 1 0
github.com/zyvorai/transiva/pkg/operator/controllers/vmbackupschedule_controller.go:86.2,88.16 3 0
github.com/zyvorai/transiva/pkg/operator/controllers/vmbackupschedule_controller.go:89.3,91.1 2 0
github.com/zyvorai/transiva/pkg/operator/controllers/vmbackupschedule_controller.go:94.2,97.1 4 0
github.com/zyvorai/transiva/pkg/operator/controllers/vmbackupschedule_controller.go:99.2,99.68 4 0
github.com/zyvorai/transiva/pkg/operator/controllers/vmbackupschedule_controller.go:100.3,101.1 2 0
github.com/zyvorai/transiva/pkg/operator/controllers/vmbackupschedule_controller.go:102.3,102.33 2 0
github.com/zyvorai/transiva/pkg/operator/controllers/vmbackupschedule_controller.go:103.4,103.69 1 0
github.com/zyvorai/transiva/pkg/operator/controllers/vmbackupschedule_controller.go:104.5,108.1 4 0
github.com/zyvorai/transiva/pkg/operator/controllers/vmbackupschedule_controller.go:109.5,111.1 2 0
github.com/zyvorai/transiva/pkg/operator/controllers/vmbackupschedule_controller.go:114.3,114.59 1 0
github.com/zyvorai/transiva/pkg/operator/controllers/vmbackupschedule_controller.go:118.2,118.59 1 0
github.com/zyvorai/transiva/pkg/operator/controllers/vmbackupschedule_controller.go:119.3,120.1 1 0
github.com/zyvorai/transiva/pkg/operator/controllers/vmbackupschedule_controller.go:123.2,123.57 1 0
github.com/zyvorai/transiva/pkg/operator/controllers/vmbackupschedule_controller.go:124.3,125.1 1 0
github.com/zyvorai/transiva/pkg/operator/controllers/vmbackupschedule_controller.go:128.2,129.22 2 0
github.com/zyvorai/transiva/pkg/operator/controllers/vmbackupschedule_controller.go:130.3,131.1 1 0
github.com/zyvorai/transiva/pkg/operator/controllers/vmbackupschedule_controller.go:133.2,134.53 2 0
github.com/zyvorai/transiva/pkg/operator/controllers/vmbackupschedule_controller.go:139.2,140.1 3 0
github.com/zyvorai/transiva/pkg/operator/controllers/vmbackupschedule_controller.go:142.2,143.1 3 0
github.com/zyvorai/transiva/pkg/operator/controllers/vmbackupschedule_controller.go:145.2,145.55 3 0
github.com/zyvorai/transiva/pkg/operator/controllers/vmbackupschedule_controller.go:148.3,149.1 1 0
github.com/zyvorai/transiva/pkg/operator/controllers/vmbackupschedule_controller.go:150.3,151.1 1 0
github.com/zyvorai/transiva/pkg/operator/controllers/vmbackupschedule_controller.go:154.2,154.51 1 0
github.com/zyvorai/transiva/pkg/operator/controllers/vmbackupschedule_controller.go:155.3,157.1 2 0
github.com/zyvorai/transiva/pkg/operator/controllers/vmbackupschedule_controller.go:159.2,159.53 1 0
github.com/zyvorai/transiva/pkg/operator/controllers/vmbackupschedule_controller.go:160.3,161.1 1 0
github.com/zyvorai/transiva/pkg/operator/controllers/vmbackupschedule_controller.go:164.2,165.34 2 0
github.com/zyvorai/transiva/pkg/operator/controllers/vmbackupschedule_controller.go:167.3,167.51 1 0
github.com/zyvorai/transiva/pkg/operator/controllers/vmbackupschedule_controller.go:168.4,169.61 2 0
github.com/zyvorai/transiva/pkg/operator/controllers/vmbackupschedule_controller.go:170.5,170.24 1 0
github.com/zyvorai/transiva/pkg/operator/controllers/vmbackupschedule_controller.go:171.6,172.11 2 0
github.com/zyvorai/transiva/pkg/operator/controllers/vmbackupschedule_controller.go:175.4,175.14 1 0
github.com/zyvorai/transiva/pkg/operator/controllers/vmbackupschedule_controller.go:176.5,176.13 1 0
github.com/zyvorai/transiva/pkg/operator/controllers/vmbackupschedule_controller.go:181.3,182.62 2 0
github.com/zyvorai/transiva/pkg/operator/controllers/vmbackupschedule_controller.go:183.4,183.23 1 0
github.com/zyvorai/transiva/pkg/operator/controllers/vmbackupschedule_controller.go:184.5,185.10 2 0
github.com/zyvorai/transiva/pkg/operator/controllers/vmbackupschedule_controller.go:188.3,188.15 1 0
github.com/zyvorai/transiva/pkg/operator/controllers/vmbackupschedule_controller.go:189.4,189.12 1 0
github.com/zyvorai/transiva/pkg/operator/controllers/vmbackupschedule_controller.go:192.3,192.38 1 0
github.com/zyvorai/transiva/pkg/operator/controllers/vmbackupschedule_controller.go:195.2,195.24 1 0
github.com/zyvorai/transiva/pkg/operator/controllers/vmbackupschedule_controller.go:200.2,201.1 3 0
github.com/zyvorai/transiva/pkg/operator/controllers/vmbackupschedule_controller.go:202.2,222.1 3 0
github.com/zyvorai/transiva/pkg/operator/controllers/vmbackupschedule_controller.go:225.2,225.28 3 0
github.com/zyvorai/transiva/pkg/operator/controllers/vmbackupschedule_controller.go:226.3,227.1 1 0
github.com/zyvorai/transiva/pkg/operator/controllers/vmbackupschedule_controller.go:228.2,228.58 1 0
github.com/zyvorai/transiva/pkg/operator/controllers/vmbackupschedule_controller.go:229.3,230.1 1 0
github.com/zyvorai/transiva/pkg/operator/controllers/vmbackupschedule_controller.go:232.2,232.55 1 0
github.com/zyvorai/transiva/pkg/operator/controllers/vmbackupschedule_controller.go:233.3,234.1 1 0
github.com/zyvorai/transiva/pkg/operator/controllers/vmbackupschedule_controller.go:236.2,236.48 1 0
github.com/zyvorai/transiva/pkg/operator/controllers/vmbackupschedule_controller.go:237.3,238.1 1 0
github.com/zyvorai/transiva/pkg/operator/controllers/vmbackupschedule_controller.go:240.2,242.1 3 0
github.com/zyvorai/transiva/pkg/operator/controllers/vmbackupschedule_controller.go:243.2,243.12 3 0
github.com/zyvorai/transiva/pkg/operator/controllers/vmbackupschedule_controller.go:248.2,249.1 4 0
github.com/zyvorai/transiva/pkg/operator/controllers/vmbackupschedule_controller.go:251.2,257.1 4 0
github.com/zyvorai/transiva/pkg/operator/controllers/vmbackupschedule_controller.go:259.2,259.59 4 0
github.com/zyvorai/transiva/pkg/operator/controllers/vmbackupschedule_controller.go:260.3,261.1 1 0
github.com/zyvorai/transiva/pkg/operator/controllers/vmbackupschedule_controller.go:264.2,265.1 2 0
github.com/zyvorai/transiva/pkg/operator/controllers/vmbackupschedule_controller.go:266.2,266.38 2 0
github.com/zyvorai/transiva/pkg/operator/controllers/vmbackupschedule_controller.go:267.3,267.43 1 0
github.com/zyvorai/transiva/pkg/operator/controllers/vmbackupschedule_controller.go:268.4,268.78 1 0
github.com/zyvorai/transiva/pkg/operator/controllers/vmbackupschedule_controller.go:269.5,270.1 1 0
github.com/zyvorai/transiva/pkg/operator/controllers/vmbackupschedule_controller.go:275.2,277.1 3 0
github.com/zyvorai/transiva/pkg/operator/controllers/vmbackupschedule_controller.go:279.2,279.25 3 0
github.com/zyvorai/transiva/pkg/operator/controllers/vmbackupschedule_controller.go:280.3,280.44 1 0
github.com/zyvorai/transiva/pkg/operator/controllers/vmbackupschedule_controller.go:281.4,282.1 1 0
github.com/zyvorai/transiva/pkg/operator/controllers/vmbackupschedule_controller.go:286.2,286.36 1 0
github.com/zyvorai/transiva/pkg/operator/controllers/vmbackupschedule_controller.go:287.3,288.50 2 0
github.com/zyvorai/transiva/pkg/operator/controllers/vmbackupschedule_controller.go:289.4,290.1 1 0
github.com/zyvorai/transiva/pkg/operator/controllers/vmbackupschedule_controller.go:291.4,292.1 1 0
github.com/zyvorai/transiva/pkg/operator/controllers/vmbackupschedule_controller.go:295.2,295.12 1 0
github.com/zyvorai/transiva/pkg/operator/controllers/vmbackupschedule_controller.go:300.2,300.73 1 0
github.com/zyvorai/transiva/pkg/operator/controllers/vmbackupschedule_controller.go:302.3,303.49 2 0
github.com/zyvorai/transiva/pkg/operator/controllers/vmbackupschedule_controller.go:304.4,305.1 1 0
github.com/zyvorai/transiva/pkg/operator/controllers/vmbackupschedule_controller.go:307.2,307.27 1 0
github.com/zyvorai/transiva/pkg/operator/controllers/vmbackupschedule_controller.go:313.2,314.1 2 0
github.com/zyvorai/transiva/pkg/operator/controllers/vmbackupschedule_controller.go:315.2,318.1 2 0
github.com/zyvorai/transiva/pkg/operator/controllers/vmmigrationpolicy_controller.go:34.2,34.23 1 0
github.com/zyvorai/transiva/pkg/operator/controllers/vmmigrationpolicy_controller.go:35.3,36.1 1 0
github.com/zyvorai/transiva/pkg/operator/controllers/vmmigrationpolicy_controller.go:37.2,37.11 1 0
github.com/zyvorai/transiva/pkg/operator/controllers/vmmigrationpolicy_controller.go:38.3,39.1 1 0
github.com/zyvorai/transiva/pkg/operator/controllers/vmmigrationpolicy_controller.go:40.2,40.17 1 0
github.com/zyvorai/transiva/pkg/operator/controllers/vmmigrationpolicy_controller.go:58.2,59.1 3 0
github.com/zyvorai/transiva/pkg/operator/controllers/vmmigrationpolicy_controller.go:61.2,62.63 3 0
github.com/zyvorai/transiva/pkg/operator/controllers/vmmigrationpolicy_controller.go:63.3,63.29 1 0
github.com/zyvorai/transiva/pkg/operator/controllers/vmmigrationpolicy_controller.go:64.4,65.1 1 0
github.com/zyvorai/transiva/pkg/operator/controllers/vmmigrationpolicy_controller.go:66.3,66.28 1 0
github.com/zyvorai/transiva/pkg/operator/controllers/vmmigrationpolicy_controller.go:70.2,70.51 1 0
github.com/zyvorai/transiva/pkg/operator/controllers/vmmigrationpolicy_controller.go:71.3,72.1 1 0
github.com/zyvorai/transiva/pkg/operator/controllers/vmmigrationpolicy_controller.go:75.2,75.73 1 0
github.com/zyvorai/transiva/pkg/operator/controllers/vmmigrationpolicy_controller.go:76.3,77.47 2 0
github.com/zyvorai/transiva/pkg/operator/controllers/vmmigrationpolicy_controller.go:78.4,79.1 1 0
github.com/zyvorai/transiva/pkg/operator/controllers/vmmigrationpolicy_controller.go:83.2,83.26 1 0
github.com/zyvorai/transiva/pkg/operator/controllers/vmmigrationpolicy_controller.go:84.3,86.56 3 0
github.com/zyvorai/transiva/pkg/operator/controllers/vmmigrationpolicy_controller.go:87.4,88.1 1 0
github.com/zyvorai/transiva/pkg/operator/controllers/vmmigrationpolicy_controller.go:89.3,89.57 1 0
github.com/zyvorai/transiva/pkg/operator/controllers/vmmigrationpolicy_controller.go:92.2,94.1 4 0
github.com/zyvorai/transiva/pkg/operator/controllers/vmmigrationpolicy_controller.go:96.2,97.16 4 0
github.com/zyvorai/transiva/pkg/operator/controllers/vmmigrationpolicy_controller.go:98.3,100.1 2 0
github.com/zyvorai/transiva/pkg/operator/controllers/vmmigrationpolicy_controller.go:103.2,103.48 1 0
github.com/zyvorai/transiva/pkg/operator/controllers/vmmigrationpolicy_controller.go:104.3,105.1 2 0
github.com/zyvorai/transiva/pkg/operator/controllers/vmmigrationpolicy_controller.go:106.3,106.40 2 0
github.com/zyvorai/transiva/pkg/operator/controllers/vmmigrationpolicy_controller.go:107.4,107.69 1 0
github.com/zyvorai/transiva/pkg/operator/controllers/vmmigrationpolicy_controller.go:108.5,110.1 2 0
github.com/zyvorai/transiva/pkg/operator/controllers/vmmigrationpolicy_controller.go:111.5,113.1 2 0
github.com/zyvorai/transiva/pkg/operator/controllers/vmmigrationpolicy_controller.go:115.9,115.31 1 0
github.com/zyvorai/transiva/pkg/operator/controllers/vmmigrationpolicy_controller.go:116.3,118.1 2 0
github.com/zyvorai/transiva/pkg/operator/controllers/vmmigrationpolicy_controller.go:120.2,121.1 2 0
github.com/zyvorai/transiva/pkg/operator/controllers/vmmigrationpolicy_controller.go:123.2,123.55 2 0
github.com/zyvorai/transiva/pkg/operator/controllers/vmmigrationpolicy_controller.go:124.3,125.1 1 0
github.com/zyvorai/transiva/pkg/operator/controllers/vmmigrationpolicy_controller.go:128.2,129.32 2 0
github.com/zyvorai/transiva/pkg/operator/controllers/vmmigrationpolicy_controller.go:130.3,132.17 3 0
github.com/zyvorai/transiva/pkg/operator/controllers/vmmigrationpolicy_controller.go:133.4,135.24 3 0
github.com/zyvorai/transiva/pkg/operator/controllers/vmmigrationpolicy_controller.go:136.5,137.1 1 0
github.com/zyvorai/transiva/pkg/operator/controllers/vmmigrationpolicy_controller.go:141.2,142.53 2 0
github.com/zyvorai/transiva/pkg/operator/controllers/vmmigrationpolicy_controller.go:147.2,148.1 4 0
github.com/zyvorai/transiva/pkg/operator/controllers/vmmigrationpolicy_controller.go:149.2,150.1 4 0
github.com/zyvorai/transiva/pkg/operator/controllers/vmmigrationpolicy_controller.go:152.2,153.82 4 0
github.com/zyvorai/transiva/pkg/operator/controllers/vmmigrationpolicy_controller.go:154.3,155.1 1 0
github.com/zyvorai/transiva/pkg/operator/controllers/vmmigrationpolicy_controller.go:158.2,158.47 1 0
github.com/zyvorai/transiva/pkg/operator/controllers/vmmigrationpolicy_controller.go:159.3,160.1 2 0
github.com/zyvorai/transiva/pkg/operator/controllers/vmmigrationpolicy_controller.go:161.3,161.23 2 0
github.com/zyvorai/transiva/pkg/operator/controllers/vmmigrationpolicy_controller.go:164.4,165.54 2 0
github.com/zyvorai/transiva/pkg/operator/controllers/vmmigrationpolicy_controller.go:169.4,170.56 2 0
github.com/zyvorai/transiva/pkg/operator/controllers/vmmigrationpolicy_controller.go:174.4,175.59 2 0
github.com/zyvorai/transiva/pkg/operator/controllers/vmmigrationpolicy_controller.go:179.4,180.61 2 0
github.com/zyvorai/transiva/pkg/operator/controllers/vmmigrationpolicy_controller.go:185.2,186.1 2 0
github.com/zyvorai/transiva/pkg/operator/controllers/vmmigrationpolicy_controller.go:187.2,187.24 2 0
github.com/zyvorai/transiva/pkg/operator/controllers/vmmigrationpolicy_controller.go:192.2,193.1 3 0
github.com/zyvorai/transiva/pkg/operator/controllers/vmmigrationpolicy_controller.go:195.2,196.25 3 0
github.com/zyvorai/transiva/pkg/operator/controllers/vmmigrationpolicy_controller.go:197.3,197.77 1 0
github.com/zyvorai/transiva/pkg/operator/controllers/vmmigrationpolicy_controller.go:198.4,199.1 1 0
github.com/zyvorai/transiva/pkg/operator/controllers/vmmigrationpolicy_controller.go:203.2,203.43 1 0
github.com/zyvorai/transiva/pkg/operator/controllers/vmmigrationpolicy_controller.go:204.3,204.25 1 0
github.com/zyvorai/transiva/pkg/operator/controllers/vmmigrationpolicy_controller.go:206.4,206.49 1 0
github.com/zyvorai/transiva/pkg/operator/controllers/vmmigrationpolicy_controller.go:207.5,209.1 3 0
github.com/zyvorai/transiva/pkg/operator/controllers/vmmigrationpolicy_controller.go:210.5,219.1 3 0
github.com/zyvorai/transiva/pkg/operator/controllers/vmmigrationpolicy_controller.go:223.2,223.19 1 0
github.com/zyvorai/transiva/pkg/operator/controllers/vmmigrationpolicy_controller.go:228.2,229.1 2 0
github.com/zyvorai/transiva/pkg/operator/controllers/vmmigrationpolicy_controller.go:231.2,231.25 2 0
github.com/zyvorai/transiva/pkg/operator/controllers/vmmigrationpolicy_controller.go:232.3,232.64 1 0
github.com/zyvorai/transiva/pkg/operator/controllers/vmmigrationpolicy_controller.go:234.4,234.39 1 0
github.com/zyvorai/transiva/pkg/operator/controllers/vmmigrationpolicy_controller.go:235.5,236.1 2 0
github.com/zyvorai/transiva/pkg/operator/controllers/vmmigrationpolicy_controller.go:237.5,246.1 2 0
github.com/zyvorai/transiva/pkg/operator/controllers/vmmigrationpolicy_controller.go:250.2,250.19 1 0
github.com/zyvorai/transiva/pkg/operator/controllers/vmmigrationpolicy_controller.go:255.2,256.1 3 0
github.com/zyvorai/transiva/pkg/operator/controllers/vmmigrationpolicy_controller.go:258.2,259.25 3 0
github.com/zyvorai/transiva/pkg/operator/controllers/vmmigrationpolicy_controller.go:260.3,260.77 1 0
github.com/zyvorai/transiva/pkg/operator/controllers/vmmigrationpolicy_controller.go:261.4,262.1 1 0
github.com/zyvorai/transiva/pkg/operator/controllers/vmmigrationpolicy_controller.go:266.2,268.43 3 0
github.com/zyvorai/transiva/pkg/operator/controllers/vmmigrationpolicy_controller.go:269.3,270.23 2 0
github.com/zyvorai/transiva/pkg/operator/controllers/vmmigrationpolicy_controller.go:271.4,273.1 2 0
github.com/zyvorai/transiva/pkg/operator/controllers/vmmigrationpolicy_controller.go:274.3,274.23 1 0
github.com/zyvorai/transiva/pkg/operator/controllers/vmmigrationpolicy_controller.go:275.4,277.1 2 0
github.com/zyvorai/transiva/pkg/operator/controllers/vmmigrationpolicy_controller.go:281.2,281.63 1 0
github.com/zyvorai/transiva/pkg/operator/controllers/vmmigrationpolicy_controller.go:282.3,283.63 2 0
github.com/zyvorai/transiva/pkg/operator/controllers/vmmigrationpolicy_controller.go:284.4,285.1 2 0
github.com/zyvorai/transiva/pkg/operator/controllers/vmmigrationpolicy_controller.go:286.4,295.1 2 0
github.com/zyvorai/transiva/pkg/operator/controllers/vmmigrationpolicy_controller.go:298.2,298.19 1 0
github.com/zyvorai/transiva/pkg/operator/controllers/vmmigrationpolicy_controller.go:303.2,304.1 2 0
github.com/zyvorai/transiva/pkg/operator/controllers/vmmigrationpolicy_controller.go:306.2,306.25 2 0
github.com/zyvorai/transiva/pkg/operator/controllers/vmmigrationpolicy_controller.go:307.3,307.80 1 0
github.com/zyvorai/transiva/pkg/operator/controllers/vmmigrationpolicy_controller.go:308.4,309.1 2 0
github.com/zyvorai/transiva/pkg/operator/controllers/vmmigrationpolicy_controller.go:310.4,319.1 2 0
github.com/zyvorai/transiva/pkg/operator/controllers/vmmigrationpolicy_controller.go:322.2,322.19 1 0
github.com/zyvorai/transiva/pkg/operator/controllers/vmmigrationpolicy_controller.go:327.2,328.1 2 0
github.com/zyvorai/transiva/pkg/operator/controllers/vmmigrationpolicy_controller.go:330.2,330.18 2 0
github.com/zyvorai/transiva/pkg/operator/controllers/vmmigrationpolicy_controller.go:333.3,333.25 1 0
github.com/zyvorai/transiva/pkg/operator/controllers/vmmigrationpolicy_controller.go:336.3,336.27 1 0
github.com/zyvorai/transiva/pkg/operator/controllers/vmmigrationpolicy_controller.go:339.3,340.41 2 0
github.com/zyvorai/transiva/pkg/operator/controllers/vmmigrationpolicy_controller.go:341.4,342.1 1 0
github.com/zyvorai/transiva/pkg/operator/controllers/vmmigrationpolicy_controller.go:343.3,343.41 1 0
github.com/zyvorai/transiva/pkg/operator/controllers/vmmigrationpolicy_controller.go:345.3,345.18 1 0
github.com/zyvorai/transiva/pkg/operator/controllers/vmmigrationpolicy_controller.go:351.2,352.1 2 0
github.com/zyvorai/transiva/pkg/operator/controllers/vmmigrationpolicy_controller.go:354.2,354.114 2 0
github.com/zyvorai/transiva/pkg/operator/controllers/vmmigrationpolicy_controller.go:356.3,356.52 1 0
github.com/zyvorai/transiva/pkg/operator/controllers/vmmigrationpolicy_controller.go:357.4,358.1 1 0
github.com/zyvorai/transiva/pkg/operator/controllers/vmmigrationpolicy_controller.go:359.3,359.64 1 0
github.com/zyvorai/transiva/pkg/operator/controllers/vmmigrationpolicy_controller.go:363.2,364.45 2 0
github.com/zyvorai/transiva/pkg/operator/controllers/vmmigrationpolicy_controller.go:365.3,366.57 2 0
github.com/zyvorai/transiva/pkg/operator/controllers/vmmigrationpolicy_controller.go:367.4,367.37 1 0
github.com/zyvorai/transiva/pkg/operator/controllers/vmmigrationpolicy_controller.go:368.5,369.10 2 0
github.com/zyvorai/transiva/pkg/operator/controllers/vmmigrationpolicy_controller.go:372.3,372.16 1 0
github.com/zyvorai/transiva/pkg/operator/controllers/vmmigrationpolicy_controller.go:373.4,374.1 1 0
github.com/zyvorai/transiva/pkg/operator/controllers/vmmigrationpolicy_controller.go:378.2,378.56 1 0
github.com/zyvorai/transiva/pkg/operator/controllers/vmmigrationpolicy_controller.go:379.3,379.36 1 0
github.com/zyvorai/transiva/pkg/operator/controllers/vmmigrationpolicy_controller.go:380.4,381.1 1 0
github.com/zyvorai/transiva/pkg/operator/controllers/vmmigrationpolicy_controller.go:384.2,384.19 1 0
github.com/zyvorai/transiva/pkg/operator/controllers/vmmigrationpolicy_controller.go:391.2,392.1 3 0
github.com/zyvorai/transiva/pkg/operator/controllers/vmmigrationpolicy_controller.go:394.2,395.26 3 0
github.com/zyvorai/transiva/pkg/operator/controllers/vmmigrationpolicy_controller.go:396.3,398.25 3 0
github.com/zyvorai/transiva/pkg/operator/controllers/vmmigrationpolicy_controller.go:399.4,400.1 2 0
github.com/zyvorai/transiva/pkg/operator/controllers/vmmigrationpolicy_controller.go:401.4,401.57 2 0
github.com/zyvorai/transiva/pkg/operator/controllers/vmmigrationpolicy_controller.go:402.5,403.1 1 0
github.com/zyvorai/transiva/pkg/operator/controllers/vmmigrationpolicy_controller.go:407.2,407.14 1 0
github.com/zyvorai/transiva/pkg/operator/controllers/vmmigrationpolicy_controller.go:412.2,413.1 4 0
github.com/zyvorai/transiva/pkg/operator/controllers/vmmigrationpolicy_controller.go:414.2,415.1 4 0
github.com/zyvorai/transiva/pkg/operator/controllers/vmmigrationpolicy_controller.go:416.2,436.1 4 0
github.com/zyvorai/transiva/pkg/operator/controllers/vmmigrationpolicy_controller.go:438.2,438.44 4 0
github.com/zyvorai/transiva/pkg/operator/controllers/vmmigrationpolicy_controller.go:439.3,440.1 1 0
github.com/zyvorai/transiva/pkg/operator/controllers/vmmigrationpolicy_controller.go:442.2,443.1 4 0
github.com/zyvorai/transiva/pkg/operator/controllers/vmmigrationpolicy_controller.go:445.2,447.1 4 0
github.com/zyvorai/transiva/pkg/operator/controllers/vmmigrationpolicy_controller.go:448.2,448.12 4 0
github.com/zyvorai/transiva/pkg/operator/controllers/vmmigrationpolicy_controller.go:453.2,453.72 1 0
github.com/zyvorai/transiva/pkg/operator/controllers/vmmigrationpolicy_controller.go:455.3,456.47 2 0
github.com/zyvorai/transiva/pkg/operator/controllers/vmmigrationpolicy_controller.go:457.4,458.1 1 0
github.com/zyvorai/transiva/pkg/operator/controllers/vmmigrationpolicy_controller.go:460.2,460.27 1 0
github.com/zyvorai/transiva/pkg/operator/controllers/vmmigrationpolicy_controller.go:466.2,467.1 2 0
github.com/zyvorai/transiva/pkg/operator/controllers/vmmigrationpolicy_controller.go:468.2,471.1 2 0
github.com/zyvorai/transiva/pkg/operator/controllers/vmoperation_controller.go:39.2,40.1 3 0
github.com/zyvorai/transiva/pkg/operator/controllers/vmoperation_controller.go:42.2,43.61 3 0
github.com/zyvorai/transiva/pkg/operator/controllers/vmoperation_controller.go:44.3,44.29 1 0
github.com/zyvorai/transiva/pkg/operator/controllers/vmoperation_controller.go:45.4,46.1 1 0
github.com/zyvorai/transiva/pkg/operator/controllers/vmoperation_controller.go:47.3,47.28 1 0
github.com/zyvorai/transiva/pkg/operator/controllers/vmoperation_controller.go:51.2,51.38 1 0
github.com/zyvorai/transiva/pkg/operator/controllers/vmoperation_controller.go:52.3,53.1 1 0
github.com/zyvorai/transiva/pkg/operator/controllers/vmoperation_controller.go:56.2,56.60 1 0
github.com/zyvorai/transiva/pkg/operator/controllers/vmoperation_controller.go:57.3,58.45 2 0
github.com/zyvorai/transiva/pkg/operator/controllers/vmoperation_controller.go:59.4,60.1 1 0
github.com/zyvorai/transiva/pkg/operator/controllers/vmoperation_controller.go:64.2,64.29 1 0
github.com/zyvorai/transiva/pkg/operator/controllers/vmoperation_controller.go:65.3,68.54 4 0
github.com/zyvorai/transiva/pkg/operator/controllers/vmoperation_controller.go:69.4,70.1 1 0
github.com/zyvorai/transiva/pkg/operator/controllers/vmoperation_controller.go:74.2,74.27 1 0
github.com/zyvorai/transiva/pkg/operator/controllers/vmoperation_controller.go:76.3,76.39 1 0
github.com/zyvorai/transiva/pkg/operator/controllers/vmoperation_controller.go:78.3,78.39 1 0
github.com/zyvorai/transiva/pkg/operator/controllers/vmoperation_controller.go:81.3,81.28 1 0
github.com/zyvorai/transiva/pkg/operator/controllers/vmoperation_controller.go:83.3,84.28 2 0
github.com/zyvorai/transiva/pkg/operator/controllers/vmoperation_controller.go:90.2,91.1 2 0
github.com/zyvorai/transiva/pkg/operator/controllers/vmoperation_controller.go:93.2,93.55 2 0
github.com/zyvorai/transiva/pkg/operator/controllers/vmoperation_controller.go:94.3,97.54 4 0
github.com/zyvorai/transiva/pkg/operator/controllers/vmoperation_controller.go:98.4,99.1 1 0
github.com/zyvorai/transiva/pkg/operator/controllers/vmoperation_controller.go:100.3,100.28 1 0
github.com/zyvorai/transiva/pkg/operator/controllers/vmoperation_controller.go:104.2,107.53 4 0
github.com/zyvorai/transiva/pkg/operator/controllers/vmoperation_controller.go:108.3,109.1 1 0
github.com/zyvorai/transiva/pkg/operator/controllers/vmoperation_controller.go:111.2,112.56 2 0
github.com/zyvorai/transiva/pkg/operator/controllers/vmoperation_controller.go:117.2,118.1 3 0
github.com/zyvorai/transiva/pkg/operator/controllers/vmoperation_controller.go:120.2,121.29 3 0
github.com/zyvorai/transiva/pkg/operator/controllers/vmoperation_controller.go:123.3,123.34 1 0
github.com/zyvorai/transiva/pkg/operator/controllers/vmoperation_controller.go:125.3,125.33 1 0
github.com/zyvorai/transiva/pkg/operator/controllers/vmoperation_controller.go:127.3,127.36 1 0
github.com/zyvorai/transiva/pkg/operator/controllers/vmoperation_controller.go:129.3,129.34 1 0
github.com/zyvorai/transiva/pkg/operator/controllers/vmoperation_controller.go:131.3,131.36 1 0
github.com/zyvorai/transiva/pkg/operator/controllers/vmoperation_controller.go:133.3,133.35 1 0
github.com/zyvorai/transiva/pkg/operator/controllers/vmoperation_controller.go:135.3,135.37 1 0
github.com/zyvorai/transiva/pkg/operator/controllers/vmoperation_controller.go:137.3,137.35 1 0
github.com/zyvorai/transiva/pkg/operator/controllers/vmoperation_controller.go:139.3,139.65 1 0
github.com/zyvorai/transiva/pkg/operator/controllers/vmoperation_controller.go:142.2,142.16 1 0
github.com/zyvorai/transiva/pkg/operator/controllers/vmoperation_controller.go:143.3,147.54 5 0
github.com/zyvorai/transiva/pkg/operator/controllers/vmoperation_controller.go:148.4,149.1 1 0
github.com/zyvorai/transiva/pkg/operator/controllers/vmoperation_controller.go:150.3,150.28 1 0
github.com/zyvorai/transiva/pkg/operator/controllers/vmoperation_controller.go:154.2,158.53 5 0
github.com/zyvorai/transiva/pkg/operator/controllers/vmoperation_controller.go:159.3,160.1 1 0
github.com/zyvorai/transiva/pkg/operator/controllers/vmoperation_controller.go:162.2,163.27 2 0
github.com/zyvorai/transiva/pkg/operator/controllers/vmoperation_controller.go:169.2,170.47 2 0
github.com/zyvorai/transiva/pkg/operator/controllers/vmoperation_controller.go:171.3,172.1 1 0
github.com/zyvorai/transiva/pkg/operator/controllers/vmoperation_controller.go:175.2,176.42 2 0
github.com/zyvorai/transiva/pkg/operator/controllers/vmoperation_controller.go:177.3,178.1 1 0
github.com/zyvorai/transiva/pkg/operator/controllers/vmoperation_controller.go:180.2,181.12 2 0
github.com/zyvorai/transiva/pkg/operator/controllers/vmoperation_controller.go:185.2,186.47 2 0
github.com/zyvorai/transiva/pkg/operator/controllers/vmoperation_controller.go:187.3,188.1 1 0
github.com/zyvorai/transiva/pkg/operator/controllers/vmoperation_controller.go:191.2,192.42 2 0
github.com/zyvorai/transiva/pkg/operator/controllers/vmoperation_controller.go:193.3,194.1 1 0
github.com/zyvorai/transiva/pkg/operator/controllers/vmoperation_controller.go:196.2,197.12 2 0
github.com/zyvorai/transiva/pkg/operator/controllers/vmoperation_controller.go:202.2,204.53 3 0
github.com/zyvorai/transiva/pkg/operator/controllers/vmoperation_controller.go:205.3,206.1 1 0
github.com/zyvorai/transiva/pkg/operator/controllers/vmoperation_controller.go:208.2,208.49 1 0
github.com/zyvorai/transiva/pkg/operator/controllers/vmoperation_controller.go:209.3,210.1 1 0
github.com/zyvorai/transiva/pkg/operator/controllers/vmoperation_controller.go:213.2,214.1 4 0
github.com/zyvorai/transiva/pkg/operator/controllers/vmoperation_controller.go:215.2,217.53 4 0
github.com/zyvorai/transiva/pkg/operator/controllers/vmoperation_controller.go:218.3,219.1 1 0
github.com/zyvorai/transiva/pkg/operator/controllers/vmoperation_controller.go:221.2,221.34 1 0
github.com/zyvorai/transiva/pkg/operator/controllers/vmoperation_controller.go:225.2,226.1 2 0
github.com/zyvorai/transiva/pkg/operator/controllers/vmoperation_controller.go:227.2,227.32 2 0
github.com/zyvorai/transiva/pkg/operator/controllers/vmoperation_controller.go:228.3,229.1 1 0
github.com/zyvorai/transiva/pkg/operator/controllers/vmoperation_controller.go:231.2,234.1 4 0
github.com/zyvorai/transiva/pkg/operator/controllers/vmoperation_controller.go:236.2,236.43 4 0
github.com/zyvorai/transiva/pkg/operator/controllers/vmoperation_controller.go:238.3,239.54 2 0
github.com/zyvorai/transiva/pkg/operator/controllers/vmoperation_controller.go:240.4,241.1 1 0
github.com/zyvorai/transiva/pkg/operator/controllers/vmoperation_controller.go:243.3,247.28 2 0
github.com/zyvorai/transiva/pkg/operator/controllers/vmoperation_controller.go:248.4,249.1 1 0
github.com/zyvorai/transiva/pkg/operator/controllers/vmoperation_controller.go:252.3,252.37 1 0
github.com/zyvorai/transiva/pkg/operator/controllers/vmoperation_controller.go:253.4,254.1 1 0
github.com/zyvorai/transiva/pkg/operator/controllers/vmoperation_controller.go:256.3,260.28 2 0
github.com/zyvorai/transiva/pkg/operator/controllers/vmoperation_controller.go:261.4,262.1 1 0
github.com/zyvorai/transiva/pkg/operator/controllers/vmoperation_controller.go:264.3,267.93 4 0
github.com/zyvorai/transiva/pkg/operator/controllers/vmoperation_controller.go:270.3,271.54 2 0
github.com/zyvorai/transiva/pkg/operator/controllers/vmoperation_controller.go:272.4,273.1 1 0
github.com/zyvorai/transiva/pkg/operator/controllers/vmoperation_controller.go:274.3,277.58 4 0
github.com/zyvorai/transiva/pkg/operator/controllers/vmoperation_controller.go:280.2,282.53 3 0
github.com/zyvorai/transiva/pkg/operator/controllers/vmoperation_controller.go:283.3,284.1 1 0
github.com/zyvorai/transiva/pkg/operator/controllers/vmoperation_controller.go:287.2,288.27 2 0
github.com/zyvorai/transiva/pkg/operator/controllers/vmoperation_controller.go:289.3,290.1 1 0
github.com/zyvorai/transiva/pkg/operator/controllers/vmoperation_controller.go:292.2,299.1 2 0
github.com/zyvorai/transiva/pkg/operator/controllers/vmoperation_controller.go:302.2,302.43 2 0
github.com/zyvorai/transiva/pkg/operator/controllers/vmoperation_controller.go:303.3,304.1 1 0
github.com/zyvorai/transiva/pkg/operator/controllers/vmoperation_controller.go:305.3,306.1 1 0
github.com/zyvorai/transiva/pkg/operator/controllers/vmoperation_controller.go:308.2,310.53 3 0
github.com/zyvorai/transiva/pkg/operator/controllers/vmoperation_controller.go:311.3,312.1 1 0
github.com/zyvorai/transiva/pkg/operator/controllers/vmoperation_controller.go:315.2,315.48 1 0
github.com/zyvorai/transiva/pkg/operator/controllers/vmoperation_controller.go:316.3,317.1 1 0
github.com/zyvorai/transiva/pkg/operator/controllers/vmoperation_controller.go:319.2,320.1 5 0
github.com/zyvorai/transiva/pkg/operator/controllers/vmoperation_controller.go:321.2,328.1 5 0
github.com/zyvorai/transiva/pkg/operator/controllers/vmoperation_controller.go:329.2,329.12 5 0
github.com/zyvorai/transiva/pkg/operator/controllers/vmoperation_controller.go:333.2,334.1 2 0
github.com/zyvorai/transiva/pkg/operator/controllers/vmoperation_controller.go:335.2,335.34 2 0
github.com/zyvorai/transiva/pkg/operator/controllers/vmoperation_controller.go:336.3,337.1 1 0
github.com/zyvorai/transiva/pkg/operator/controllers/vmoperation_controller.go:339.2,340.47 2 0
github.com/zyvorai/transiva/pkg/operator/controllers/vmoperation_controller.go:341.3,342.1 1 0
github.com/zyvorai/transiva/pkg/operator/controllers/vmoperation_controller.go:344.2,346.53 3 0
github.com/zyvorai/transiva/pkg/operator/controllers/vmoperation_controller.go:347.3,348.1 1 0
github.com/zyvorai/transiva/pkg/operator/controllers/vmoperation_controller.go:351.2,352.51 2 0
github.com/zyvorai/transiva/pkg/operator/controllers/vmoperation_controller.go:353.3,354.1 1 0
github.com/zyvorai/transiva/pkg/operator/controllers/vmoperation_controller.go:356.2,358.53 3 0
github.com/zyvorai/transiva/pkg/operator/controllers/vmoperation_controller.go:359.3,360.1 1 0
github.com/zyvorai/transiva/pkg/operator/controllers/vmoperation_controller.go:364.2,365.1 4 0
github.com/zyvorai/transiva/pkg/operator/controllers/vmoperation_controller.go:366.2,368.53 4 0
github.com/zyvorai/transiva/pkg/operator/controllers/vmoperation_controller.go:369.3,370.1 1 0
github.com/zyvorai/transiva/pkg/operator/controllers/vmoperation_controller.go:373.2,374.51 2 0
github.com/zyvorai/transiva/pkg/operator/controllers/vmoperation_controller.go:375.3,376.1 1 0
github.com/zyvorai/transiva/pkg/operator/controllers/vmoperation_controller.go:378.2,379.1 5 0
github.com/zyvorai/transiva/pkg/operator/controllers/vmoperation_controller.go:380.2,386.1 5 0
github.com/zyvorai/transiva/pkg/operator/controllers/vmoperation_controller.go:387.2,387.12 5 0
github.com/zyvorai/transiva/pkg/operator/controllers/vmoperation_controller.go:391.2,392.1 2 0
github.com/zyvorai/transiva/pkg/operator/controllers/vmoperation_controller.go:393.2,393.33 2 0
github.com/zyvorai/transiva/pkg/operator/controllers/vmoperation_controller.go:394.3,395.1 1 0
github.com/zyvorai/transiva/pkg/operator/controllers/vmoperation_controller.go:397.2,398.47 2 0
github.com/zyvorai/transiva/pkg/operator/controllers/vmoperation_controller.go:399.3,400.1 1 0
github.com/zyvorai/transiva/pkg/operator/controllers/vmoperation_controller.go:402.2,404.53 3 0
github.com/zyvorai/transiva/pkg/operator/controllers/vmoperation_controller.go:405.3,406.1 1 0
github.com/zyvorai/transiva/pkg/operator/controllers/vmoperation_controller.go:409.2,411.1 3 0
github.com/zyvorai/transiva/pkg/operator/controllers/vmoperation_controller.go:412.2,412.35 3 0
github.com/zyvorai/transiva/pkg/operator/controllers/vmoperation_controller.go:413.3,414.1 1 0
github.com/zyvorai/transiva/pkg/operator/controllers/vmoperation_controller.go:415.2,415.39 1 0
github.com/zyvorai/transiva/pkg/operator/controllers/vmoperation_controller.go:416.3,417.1 1 0
github.com/zyvorai/transiva/pkg/operator/controllers/vmoperation_controller.go:419.2,419.42 1 0
github.com/zyvorai/transiva/pkg/operator/controllers/vmoperation_controller.go:420.3,421.1 1 0
github.com/zyvorai/transiva/pkg/operator/controllers/vmoperation_controller.go:423.2,426.1 5 0
github.com/zyvorai/transiva/pkg/operator/controllers/vmoperation_controller.go:427.2,436.1 5 0
github.com/zyvorai/transiva/pkg/operator/controllers/vmoperation_controller.go:437.2,437.12 5 0
github.com/zyvorai/transiva/pkg/operator/controllers/vmoperation_controller.go:441.2,442.1 2 0
github.com/zyvorai/transiva/pkg/operator/controllers/vmoperation_controller.go:443.2,443.35 2 0
github.com/zyvorai/transiva/pkg/operator/controllers/vmoperation_controller.go:444.3,445.1 1 0
github.com/zyvorai/transiva/pkg/operator/controllers/vmoperation_controller.go:447.2,448.47 2 0
github.com/zyvorai/transiva/pkg/operator/controllers/vmoperation_controller.go:449.3,450.1 1 0
github.com/zyvorai/transiva/pkg/operator/controllers/vmoperation_controller.go:452.2,454.53 3 0
github.com/zyvorai/transiva/pkg/operator/controllers/vmoperation_controller.go:455.3,456.1 1 0
github.com/zyvorai/transiva/pkg/operator/controllers/vmoperation_controller.go:459.2,476.1 2 0
github.com/zyvorai/transiva/pkg/operator/controllers/vmoperation_controller.go:478.2,478.48 2 0
github.com/zyvorai/transiva/pkg/operator/controllers/vmoperation_controller.go:479.3,480.1 1 0
github.com/zyvorai/transiva/pkg/operator/controllers/vmoperation_controller.go:482.2,483.1 5 0
github.com/zyvorai/transiva/pkg/operator/controllers/vmoperation_controller.go:484.2,490.1 5 0
github.com/zyvorai/transiva/pkg/operator/controllers/vmoperation_controller.go:491.2,491.12 5 0
github.com/zyvorai/transiva/pkg/operator/controllers/vmoperation_controller.go:495.2,496.1 3 0
github.com/zyvorai/transiva/pkg/operator/controllers/vmoperation_controller.go:497.2,498.47 3 0
github.com/zyvorai/transiva/pkg/operator/controllers/vmoperation_controller.go:499.3,499.29 1 0
github.com/zyvorai/transiva/pkg/operator/controllers/vmoperation_controller.go:501.4,502.1 1 0
github.com/zyvorai/transiva/pkg/operator/controllers/vmoperation_controller.go:503.3,503.13 1 0
github.com/zyvorai/transiva/pkg/operator/controllers/vmoperation_controller.go:506.2,508.53 3 0
github.com/zyvorai/transiva/pkg/operator/controllers/vmoperation_controller.go:509.3,510.1 1 0
github.com/zyvorai/transiva/pkg/operator/controllers/vmoperation_controller.go:513.2,513.42 1 0
github.com/zyvorai/transiva/pkg/operator/controllers/vmoperation_controller.go:514.3,515.1 1 0
github.com/zyvorai/transiva/pkg/operator/controllers/vmoperation_controller.go:517.2,518.1 3 0
github.com/zyvorai/transiva/pkg/operator/controllers/vmoperation_controller.go:519.2,520.12 3 0
github.com/zyvorai/transiva/pkg/operator/controllers/vmoperation_controller.go:527.2,528.47 2 0
github.com/zyvorai/transiva/pkg/operator/controllers/vmoperation_controller.go:529.3,530.1 1 0
github.com/zyvorai/transiva/pkg/operator/controllers/vmoperation_controller.go:533.2,533.29 1 0
github.com/zyvorai/transiva/pkg/operator/controllers/vmoperation_controller.go:535.3,535.33 1 0
github.com/zyvorai/transiva/pkg/operator/controllers/vmoperation_controller.go:536.4,537.1 1 0
github.com/zyvorai/transiva/pkg/operator/controllers/vmoperation_controller.go:538.3,538.43 1 0
github.com/zyvorai/transiva/pkg/operator/controllers/vmoperation_controller.go:539.4,540.1 1 0
github.com/zyvorai/transiva/pkg/operator/controllers/vmoperation_controller.go:542.3,542.35 1 0
github.com/zyvorai/transiva/pkg/operator/controllers/vmoperation_controller.go:543.4,544.1 1 0
github.com/zyvorai/transiva/pkg/operator/controllers/vmoperation_controller.go:545.3,545.45 1 0
github.com/zyvorai/transiva/pkg/operator/controllers/vmoperation_controller.go:546.4,547.1 1 0
github.com/zyvorai/transiva/pkg/operator/controllers/vmoperation_controller.go:549.3,549.34 1 0
github.com/zyvorai/transiva/pkg/operator/controllers/vmoperation_controller.go:550.4,551.1 1 0
github.com/zyvorai/transiva/pkg/operator/controllers/vmoperation_controller.go:552.3,552.74 1 0
github.com/zyvorai/transiva/pkg/operator/controllers/vmoperation_controller.go:553.4,554.1 1 0
github.com/zyvorai/transiva/pkg/operator/controllers/vmoperation_controller.go:556.3,556.36 1 0
github.com/zyvorai/transiva/pkg/operator/controllers/vmoperation_controller.go:557.4,558.1 1 0
github.com/zyvorai/transiva/pkg/operator/controllers/vmoperation_controller.go:559.3,559.40 1 0
github.com/zyvorai/transiva/pkg/operator/controllers/vmoperation_controller.go:560.4,561.1 1 0
github.com/zyvorai/transiva/pkg/operator/controllers/vmoperation_controller.go:564.2,564.12 1 0
github.com/zyvorai/transiva/pkg/operator/controllers/vmoperation_controller.go:568.2,569.21 2 0
github.com/zyvorai/transiva/pkg/operator/controllers/vmoperation_controller.go:570.3,571.1 1 0
github.com/zyvorai/transiva/pkg/operator/controllers/vmoperation_controller.go:573.2,576.8 1 0
github.com/zyvorai/transiva/pkg/operator/controllers/vmoperation_controller.go:580.2,580.59 1 0
github.com/zyvorai/transiva/pkg/operator/controllers/vmoperation_controller.go:582.3,583.45 2 0
github.com/zyvorai/transiva/pkg/operator/controllers/vmoperation_controller.go:584.4,585.1 1 0
github.com/zyvorai/transiva/pkg/operator/controllers/vmoperation_controller.go:587.2,587.27 1 0
github.com/zyvorai/transiva/pkg/operator/controllers/vmoperation_controller.go:592.2,595.1 1 0
github.com/zyvorai/transiva/pkg/operator/controllers/vmsnapshot_controller.go:38.2,39.1 3 0
github.com/zyvorai/transiva/pkg/operator/controllers/vmsnapshot_controller.go:41.2,42.65 3 0
github.com/zyvorai/transiva/pkg/operator/controllers/vmsnapshot_controller.go:43.3,43.29 1 0
github.com/zyvorai/transiva/pkg/operator/controllers/vmsnapshot_controller.go:44.4,45.1 1 0
github.com/zyvorai/transiva/pkg/operator/controllers/vmsnapshot_controller.go:46.3,46.28 1 0
github.com/zyvorai/transiva/pkg/operator/controllers/vmsnapshot_controller.go:50.2,50.53 1 0
github.com/zyvorai/transiva/pkg/operator/controllers/vmsnapshot_controller.go:51.3,52.1 1 0
github.com/zyvorai/transiva/pkg/operator/controllers/vmsnapshot_controller.go:55.2,55.70 1 0
github.com/zyvorai/transiva/pkg/operator/controllers/vmsnapshot_controller.go:56.3,57.49 2 0
github.com/zyvorai/transiva/pkg/operator/controllers/vmsnapshot_controller.go:58.4,59.1 1 0
github.com/zyvorai/transiva/pkg/operator/controllers/vmsnapshot_controller.go:63.2,63.33 1 0
github.com/zyvorai/transiva/pkg/operator/controllers/vmsnapshot_controller.go:64.3,66.58 3 0
github.com/zyvorai/transiva/pkg/operator/controllers/vmsnapshot_controller.go:67.4,68.1 1 0
github.com/zyvorai/transiva/pkg/operator/controllers/vmsnapshot_controller.go:72.2,72.27 1 0
github.com/zyvorai/transiva/pkg/operator/controllers/vmsnapshot_controller.go:73.3,74.1 1 0
github.com/zyvorai/transiva/pkg/operator/controllers/vmsnapshot_controller.go:77.2,77.31 1 0
github.com/zyvorai/transiva/pkg/operator/controllers/vmsnapshot_controller.go:79.3,79.43 1 0
github.com/zyvorai/transiva/pkg/operator/controllers/vmsnapshot_controller.go:81.3,81.44 1 0
github.com/zyvorai/transiva/pkg/operator/controllers/vmsnapshot_controller.go:83.3,83.41 1 0
github.com/zyvorai/transiva/pkg/operator/controllers/vmsnapshot_controller.go:86.3,86.28 1 0
github.com/zyvorai/transiva/pkg/operator/controllers/vmsnapshot_controller.go:89.3,89.75 1 0
github.com/zyvorai/transiva/pkg/operator/controllers/vmsnapshot_controller.go:90.4,90.50 1 0
github.com/zyvorai/transiva/pkg/operator/controllers/vmsnapshot_controller.go:91.5,92.1 1 0
github.com/zyvorai/transiva/pkg/operator/controllers/vmsnapshot_controller.go:94.3,94.28 1 0
github.com/zyvorai/transiva/pkg/operator/controllers/vmsnapshot_controller.go:96.3,97.28 2 0
github.com/zyvorai/transiva/pkg/operator/controllers/vmsnapshot_controller.go:103.2,104.1 3 0
github.com/zyvorai/transiva/pkg/operator/controllers/vmsnapshot_controller.go:106.2,107.51 3 0
github.com/zyvorai/transiva/pkg/operator/controllers/vmsnapshot_controller.go:108.3,110.58 3 0
github.com/zyvorai/transiva/pkg/operator/controllers/vmsnapshot_controller.go:111.4,112.1 1 0
github.com/zyvorai/transiva/pkg/operator/controllers/vmsnapshot_controller.go:113.3,113.28 1 0
github.com/zyvorai/transiva/pkg/operator/controllers/vmsnapshot_controller.go:117.2,122.1 4 0
github.com/zyvorai/transiva/pkg/operator/controllers/vmsnapshot_controller.go:125.2,127.57 4 0
github.com/zyvorai/transiva/pkg/operator/controllers/vmsnapshot_controller.go:128.3,129.1 1 0
github.com/zyvorai/transiva/pkg/operator/controllers/vmsnapshot_controller.go:131.2,132.40 2 0
github.com/zyvorai/transiva/pkg/operator/controllers/vmsnapshot_controller.go:137.2,138.1 3 0
github.com/zyvorai/transiva/pkg/operator/controllers/vmsnapshot_controller.go:140.2,141.51 3 0
github.com/zyvorai/transiva/pkg/operator/controllers/vmsnapshot_controller.go:142.3,144.58 3 0
github.com/zyvorai/transiva/pkg/operator/controllers/vmsnapshot_controller.go:145.4,146.1 1 0
github.com/zyvorai/transiva/pkg/operator/controllers/vmsnapshot_controller.go:147.3,147.28 1 0
github.com/zyvorai/transiva/pkg/operator/controllers/vmsnapshot_controller.go:152.2,152.60 1 0
github.com/zyvorai/transiva/pkg/operator/controllers/vmsnapshot_controller.go:153.3,156.58 4 0
github.com/zyvorai/transiva/pkg/operator/controllers/vmsnapshot_controller.go:157.4,158.1 1 0
github.com/zyvorai/transiva/pkg/operator/controllers/vmsnapshot_controller.go:159.3,159.28 1 0
github.com/zyvorai/transiva/pkg/operator/controllers/vmsnapshot_controller.go:163.2,165.1 7 0
github.com/zyvorai/transiva/pkg/operator/controllers/vmsnapshot_controller.go:167.2,169.1 7 0
github.com/zyvorai/transiva/pkg/operator/controllers/vmsnapshot_controller.go:171.2,172.1 7 0
github.com/zyvorai/transiva/pkg/operator/controllers/vmsnapshot_controller.go:173.2,174.57 7 0
github.com/zyvorai/transiva/pkg/operator/controllers/vmsnapshot_controller.go:175.3,176.1 1 0
github.com/zyvorai/transiva/pkg/operator/controllers/vmsnapshot_controller.go:178.2,179.27 2 0
github.com/zyvorai/transiva/pkg/operator/controllers/vmsnapshot_controller.go:185.2,185.27 1 0
github.com/zyvorai/transiva/pkg/operator/controllers/vmsnapshot_controller.go:186.3,187.1 1 0
github.com/zyvorai/transiva/pkg/operator/controllers/vmsnapshot_controller.go:190.2,190.54 1 0
github.com/zyvorai/transiva/pkg/operator/controllers/vmsnapshot_controller.go:203.2,204.1 2 0
github.com/zyvorai/transiva/pkg/operator/controllers/vmsnapshot_controller.go:205.2,206.1 2 0
github.com/zyvorai/transiva/pkg/operator/controllers/vmsnapshot_controller.go:212.2,212.19 1 0
github.com/zyvorai/transiva/pkg/operator/controllers/vmsnapshot_controller.go:213.3,214.1 1 0
github.com/zyvorai/transiva/pkg/operator/controllers/vmsnapshot_controller.go:215.2,215.16 1 0
github.com/zyvorai/transiva/pkg/operator/controllers/vmsnapshot_controller.go:222.2,223.1 1 0
github.com/zyvorai/transiva/pkg/operator/controllers/vmsnapshot_controller.go:227.2,228.1 2 0
github.com/zyvorai/transiva/pkg/operator/controllers/vmsnapshot_controller.go:230.2,230.37 2 0
github.com/zyvorai/transiva/pkg/operator/controllers/vmsnapshot_controller.go:231.3,234.1 2 0
github.com/zyvorai/transiva/pkg/operator/controllers/vmsnapshot_controller.go:237.2,237.33 1 0
github.com/zyvorai/transiva/pkg/operator/controllers/vmsnapshot_controller.go:238.3,240.1 2 0
github.com/zyvorai/transiva/pkg/operator/controllers/vmsnapshot_controller.go:242.2,242.14 1 0
github.com/zyvorai/transiva/pkg/operator/controllers/vmsnapshot_controller.go:247.2,247.36 1 0
github.com/zyvorai/transiva/pkg/operator/controllers/vmsnapshot_controller.go:248.3,249.1 1 0
github.com/zyvorai/transiva/pkg/operator/controllers/vmsnapshot_controller.go:252.2,252.46 1 0
github.com/zyvorai/transiva/pkg/operator/controllers/vmsnapshot_controller.go:253.3,254.1 1 0
github.com/zyvorai/transiva/pkg/operator/controllers/vmsnapshot_controller.go:257.2,257.81 1 0
github.com/zyvorai/transiva/pkg/operator/controllers/vmsnapshot_controller.go:258.3,260.1 2 0
github.com/zyvorai/transiva/pkg/operator/controllers/vmsnapshot_controller.go:262.2,262.14 1 0
github.com/zyvorai/transiva/pkg/operator/controllers/vmsnapshot_controller.go:267.2,268.1 4 0
github.com/zyvorai/transiva/pkg/operator/controllers/vmsnapshot_controller.go:269.2,271.57 4 0
github.com/zyvorai/transiva/pkg/operator/controllers/vmsnapshot_controller.go:272.3,273.1 1 0
github.com/zyvorai/transiva/pkg/operator/controllers/vmsnapshot_controller.go:275.2,276.1 2 0
github.com/zyvorai/transiva/pkg/operator/controllers/vmsnapshot_controller.go:278.2,278.74 2 0
github.com/zyvorai/transiva/pkg/operator/controllers/vmsnapshot_controller.go:279.3,279.49 1 0
github.com/zyvorai/transiva/pkg/operator/controllers/vmsnapshot_controller.go:280.4,281.1 1 0
github.com/zyvorai/transiva/pkg/operator/controllers/vmsnapshot_controller.go:282.3,282.66 1 0
github.com/zyvorai/transiva/pkg/operator/controllers/vmsnapshot_controller.go:285.2,285.27 1 0
github.com/zyvorai/transiva/pkg/operator/controllers/vmsnapshot_controller.go:290.2,291.1 2 0
github.com/zyvorai/transiva/pkg/operator/controllers/vmsnapshot_controller.go:292.2,292.69 2 0
github.com/zyvorai/transiva/pkg/operator/controllers/vmsnapshot_controller.go:295.3,296.1 3 0
github.com/zyvorai/transiva/pkg/operator/controllers/vmsnapshot_controller.go:298.3,299.49 3 0
github.com/zyvorai/transiva/pkg/operator/controllers/vmsnapshot_controller.go:300.4,301.1 1 0
github.com/zyvorai/transiva/pkg/operator/controllers/vmsnapshot_controller.go:303.3,303.63 1 0
github.com/zyvorai/transiva/pkg/operator/controllers/vmsnapshot_controller.go:306.2,306.27 1 0
github.com/zyvorai/transiva/pkg/operator/controllers/vmsnapshot_controller.go:312.2,313.21 2 0
github.com/zyvorai/transiva/pkg/operator/controllers/vmsnapshot_controller.go:314.3,315.1 1 0
github.com/zyvorai/transiva/pkg/operator/controllers/vmsnapshot_controller.go:317.2,320.8 1 0
github.com/zyvorai/transiva/pkg/operator/controllers/vmsnapshot_controller.go:324.2,331.1 4 0
github.com/zyvorai/transiva/pkg/operator/controllers/vmsnapshot_controller.go:334.2,335.47 4 0
github.com/zyvorai/transiva/pkg/operator/controllers/vmsnapshot_controller.go:336.3,336.25 1 0
github.com/zyvorai/transiva/pkg/operator/controllers/vmsnapshot_controller.go:337.4,339.9 3 0
github.com/zyvorai/transiva/pkg/operator/controllers/vmsnapshot_controller.go:342.2,342.12 1 0
github.com/zyvorai/transiva/pkg/operator/controllers/vmsnapshot_controller.go:343.3,344.1 1 0
github.com/zyvorai/transiva/pkg/operator/controllers/vmsnapshot_controller.go:349.2,352.1 1 0
github.com/zyvorai/transiva/pkg/operator/controllers/vmtemplate_controller.go:37.2,38.1 3 0
github.com/zyvorai/transiva/pkg/operator/controllers/vmtemplate_controller.go:40.2,41.65 3 0
github.com/zyvorai/transiva/pkg/operator/controllers/vmtemplate_controller.go:42.3,42.29 1 0
github.com/zyvorai/transiva/pkg/operator/controllers/vmtemplate_controller.go:43.4,44.1 1 0
github.com/zyvorai/transiva/pkg/operator/controllers/vmtemplate_controller.go:45.3,45.28 1 0
github.com/zyvorai/transiva/pkg/operator/controllers/vmtemplate_controller.go:49.2,49.53 1 0
github.com/zyvorai/transiva/pkg/operator/controllers/vmtemplate_controller.go:50.3,51.1 1 0
github.com/zyvorai/transiva/pkg/operator/controllers/vmtemplate_controller.go:54.2,54.70 1 0
github.com/zyvorai/transiva/pkg/operator/controllers/vmtemplate_controller.go:55.3,56.49 2 0
github.com/zyvorai/transiva/pkg/operator/controllers/vmtemplate_controller.go:57.4,58.1 1 0
github.com/zyvorai/transiva/pkg/operator/controllers/vmtemplate_controller.go:62.2,62.53 1 0
github.com/zyvorai/transiva/pkg/operator/controllers/vmtemplate_controller.go:63.3,66.58 4 0
github.com/zyvorai/transiva/pkg/operator/controllers/vmtemplate_controller.go:67.4,68.1 1 0
github.com/zyvorai/transiva/pkg/operator/controllers/vmtemplate_controller.go:69.3,69.28 1 0
github.com/zyvorai/transiva/pkg/operator/controllers/vmtemplate_controller.go:73.2,74.16 2 0
github.com/zyvorai/transiva/pkg/operator/controllers/vmtemplate_controller.go:75.3,78.58 4 0
github.com/zyvorai/transiva/pkg/operator/controllers/vmtemplate_controller.go:79.4,80.1 1 0
github.com/zyvorai/transiva/pkg/operator/controllers/vmtemplate_controller.go:82.3,82.57 1 0
github.com/zyvorai/transiva/pkg/operator/controllers/vmtemplate_controller.go:85.2,85.17 1 0
github.com/zyvorai/transiva/pkg/operator/controllers/vmtemplate_controller.go:86.3,89.58 4 0
github.com/zyvorai/transiva/pkg/operator/controllers/vmtemplate_controller.go:90.4,91.1 1 0
github.com/zyvorai/transiva/pkg/operator/controllers/vmtemplate_controller.go:93.3,93.57 1 0
github.com/zyvorai/transiva/pkg/operator/controllers/vmtemplate_controller.go:97.2,102.1 6 0
github.com/zyvorai/transiva/pkg/operator/controllers/vmtemplate_controller.go:103.2,103.57 6 0
github.com/zyvorai/transiva/pkg/operator/controllers/vmtemplate_controller.go:104.3,105.1 1 0
github.com/zyvorai/transiva/pkg/operator/controllers/vmtemplate_controller.go:107.2,108.27 2 0
github.com/zyvorai/transiva/pkg/operator/controllers/vmtemplate_controller.go:114.2,114.37 1 0
github.com/zyvorai/transiva/pkg/operator/controllers/vmtemplate_controller.go:115.3,116.1 1 0
github.com/zyvorai/transiva/pkg/operator/controllers/vmtemplate_controller.go:119.2,119.38 1 0
github.com/zyvorai/transiva/pkg/operator/controllers/vmtemplate_controller.go:120.3,121.1 1 0
github.com/zyvorai/transiva/pkg/operator/controllers/vmtemplate_controller.go:124.2,124.38 1 0
github.com/zyvorai/transiva/pkg/operator/controllers/vmtemplate_controller.go:125.3,125.41 1 0
github.com/zyvorai/transiva/pkg/operator/controllers/vmtemplate_controller.go:126.4,127.1 1 0
github.com/zyvorai/transiva/pkg/operator/controllers/vmtemplate_controller.go:128.3,128.45 1 0
github.com/zyvorai/transiva/pkg/operator/controllers/vmtemplate_controller.go:129.4,130.1 1 0
github.com/zyvorai/transiva/pkg/operator/controllers/vmtemplate_controller.go:133.2,133.12 1 0
github.com/zyvorai/transiva/pkg/operator/controllers/vmtemplate_controller.go:140.2,140.38 1 0
github.com/zyvorai/transiva/pkg/operator/controllers/vmtemplate_controller.go:141.3,142.1 1 0
github.com/zyvorai/transiva/pkg/operator/controllers/vmtemplate_controller.go:145.2,146.36 2 0
github.com/zyvorai/transiva/pkg/operator/controllers/vmtemplate_controller.go:147.3,148.1 1 0
github.com/zyvorai/transiva/pkg/operator/controllers/vmtemplate_controller.go:150.2,150.24 1 0
github.com/zyvorai/transiva/pkg/operator/controllers/vmtemplate_controller.go:155.2,156.1 2 0
github.com/zyvorai/transiva/pkg/operator/controllers/vmtemplate_controller.go:157.2,157.69 2 0
github.com/zyvorai/transiva/pkg/operator/controllers/vmtemplate_controller.go:159.3,160.85 2 0
github.com/zyvorai/transiva/pkg/operator/controllers/vmtemplate_controller.go:161.4,162.1 1 0
github.com/zyvorai/transiva/pkg/operator/controllers/vmtemplate_controller.go:164.3,165.35 2 0
github.com/zyvorai/transiva/pkg/operator/controllers/vmtemplate_controller.go:166.4,166.64 1 0
github.com/zyvorai/transiva/pkg/operator/controllers/vmtemplate_controller.go:167.5,167.56 1 0
github.com/zyvorai/transiva/pkg/operator/controllers/vmtemplate_controller.go:168.6,169.1 1 0
github.com/zyvorai/transiva/pkg/operator/controllers/vmtemplate_controller.go:173.3,173.24 1 0
github.com/zyvorai/transiva/pkg/operator/controllers/vmtemplate_controller.go:174.4,176.1 2 0
github.com/zyvorai/transiva/pkg/operator/controllers/vmtemplate_controller.go:182.3,183.49 2 0
github.com/zyvorai/transiva/pkg/operator/controllers/vmtemplate_controller.go:184.4,185.1 1 0
github.com/zyvorai/transiva/pkg/operator/controllers/vmtemplate_controller.go:187.3,187.63 1 0
github.com/zyvorai/transiva/pkg/operator/controllers/vmtemplate_controller.go:190.2,190.27 1 0
github.com/zyvorai/transiva/pkg/operator/controllers/vmtemplate_controller.go:195.2,202.1 4 0
github.com/zyvorai/transiva/pkg/operator/controllers/vmtemplate_controller.go:205.2,206.47 4 0
github.com/zyvorai/transiva/pkg/operator/controllers/vmtemplate_controller.go:207.3,207.25 1 0
github.com/zyvorai/transiva/pkg/operator/controllers/vmtemplate_controller.go:208.4,210.9 3 0
github.com/zyvorai/transiva/pkg/operator/controllers/vmtemplate_controller.go:213.2,213.12 1 0
github.com/zyvorai/transiva/pkg/operator/controllers/vmtemplate_controller.go:214.3,215.1 1 0
github.com/zyvorai/transiva/pkg/operator/controllers/vmtemplate_controller.go:220.2,223.1 1 0
github.com/zyvorai/transiva/providers/plugin/loader.go:23.2,25.1 1 0
github.com/zyvorai/transiva/providers/plugin/loader.go:30.2,31.1 2 0
github.com/zyvorai/transiva/providers/plugin/loader.go:33.2,33.49 2 0
github.com/zyvorai/transiva/providers/plugin/loader.go:34.3,35.1 1 0
github.com/zyvorai/transiva/providers/plugin/loader.go:38.2,39.1 2 0
github.com/zyvorai/transiva/providers/plugin/loader.go:46.2,46.16 2 0
github.com/zyvorai/transiva/providers/plugin/loader.go:47.3,48.1 1 0
github.com/zyvorai/transiva/providers/plugin/loader.go:51.2,52.16 2 0
github.com/zyvorai/transiva/providers/plugin/loader.go:53.3,54.1 1 0
github.com/zyvorai/transiva/providers/plugin/loader.go:56.2,57.9 2 0
github.com/zyvorai/transiva/providers/plugin/loader.go:58.3,59.1 1 0
github.com/zyvorai/transiva/providers/plugin/loader.go:62.2,62.52 1 0
github.com/zyvorai/transiva/providers/plugin/loader.go:63.3,64.1 1 0
github.com/zyvorai/transiva/providers/plugin/loader.go:67.2,68.16 2 0
github.com/zyvorai/transiva/providers/plugin/loader.go:69.3,70.1 1 0
github.com/zyvorai/transiva/providers/plugin/loader.go:73.2,74.9 2 0
github.com/zyvorai/transiva/providers/plugin/loader.go:75.3,76.1 1 0
github.com/zyvorai/transiva/providers/plugin/loader.go:79.2,83.1 3 0
github.com/zyvorai/transiva/providers/plugin/loader.go:85.2,89.1 3 0
github.com/zyvorai/transiva/providers/plugin/loader.go:91.2,91.79 3 0
github.com/zyvorai/transiva/providers/plugin/loader.go:92.3,93.1 1 0
github.com/zyvorai/transiva/providers/plugin/loader.go:95.2,95.27 1 0
github.com/zyvorai/transiva/providers/plugin/loader.go:100.2,101.1 2 0
github.com/zyvorai/transiva/providers/plugin/loader.go:103.2,103.48 2 0
github.com/zyvorai/transiva/providers/plugin/loader.go:104.3,106.1 2 0
github.com/zyvorai/transiva/providers/plugin/loader.go:108.2,109.1 2 0
github.com/zyvorai/transiva/providers/plugin/loader.go:110.2,110.81 2 0
github.com/zyvorai/transiva/providers/plugin/loader.go:111.3,111.17 1 0
github.com/zyvorai/transiva/providers/plugin/loader.go:112.4,113.1 1 0
github.com/zyvorai/transiva/providers/plugin/loader.go:116.3,116.19 1 0
github.com/zyvorai/transiva/providers/plugin/loader.go:117.4,118.1 1 0
github.com/zyvorai/transiva/providers/plugin/loader.go:121.3,121.37 1 0
github.com/zyvorai/transiva/providers/plugin/loader.go:122.4,123.1 1 0
github.com/zyvorai/transiva/providers/plugin/loader.go:125.3,125.13 1 0
github.com/zyvorai/transiva/providers/plugin/loader.go:128.2,128.16 1 0
github.com/zyvorai/transiva/providers/plugin/loader.go:129.3,130.1 1 0
github.com/zyvorai/transiva/providers/plugin/loader.go:132.2,133.1 2 0
github.com/zyvorai/transiva/providers/plugin/loader.go:134.2,134.25 2 0
github.com/zyvorai/transiva/providers/plugin/loader.go:139.2,140.1 2 0
github.com/zyvorai/transiva/providers/plugin/loader.go:141.2,141.27 2 0
github.com/zyvorai/transiva/providers/plugin/loader.go:142.3,143.17 2 0
github.com/zyvorai/transiva/providers/plugin/loader.go:144.4,147.12 2 0
github.com/zyvorai/transiva/providers/plugin/loader.go:149.3,149.40 1 0
github.com/zyvorai/transiva/providers/plugin/loader.go:152.2,152.22 1 0
github.com/zyvorai/transiva/providers/plugin/loader.go:157.2,160.1 2 0
github.com/zyvorai/transiva/providers/plugin/loader.go:163.2,163.47 2 0
github.com/zyvorai/transiva/providers/plugin/loader.go:164.3,165.1 1 0
github.com/zyvorai/transiva/providers/plugin/loader.go:168.2,168.40 1 0
github.com/zyvorai/transiva/providers/plugin/loader.go:169.3,170.1 1 0
github.com/zyvorai/transiva/providers/plugin/loader.go:172.2,172.13 1 0
github.com/zyvorai/transiva/providers/plugin/loader.go:177.2,178.22 2 0
github.com/zyvorai/transiva/providers/plugin/loader.go:179.3,180.1 1 0
github.com/zyvorai/transiva/providers/plugin/loader.go:183.2,184.30 2 0
github.com/zyvorai/transiva/providers/plugin/loader.go:185.3,186.1 1 0
github.com/zyvorai/transiva/providers/plugin/loader.go:188.2,188.45 1 0
github.com/zyvorai/transiva/providers/plugin/manager.go:36.2,36.19 1 0
github.com/zyvorai/transiva/providers/plugin/manager.go:37.3,41.1 1 0
github.com/zyvorai/transiva/providers/plugin/manager.go:45.2,45.34 1 0
github.com/zyvorai/transiva/providers/plugin/manager.go:46.3,47.1 1 0
github.com/zyvorai/transiva/providers/plugin/manager.go:50.2,51.22 2 0
github.com/zyvorai/transiva/providers/plugin/manager.go:52.3,53.1 1 0
github.com/zyvorai/transiva/providers/plugin/manager.go:55.2,61.1 1 0
github.com/zyvorai/transiva/providers/plugin/manager.go:66.2,66.23 1 0
github.com/zyvorai/transiva/providers/plugin/manager.go:67.3,69.1 2 0
github.com/zyvorai/transiva/providers/plugin/manager.go:71.2,72.1 3 0
github.com/zyvorai/transiva/providers/plugin/manager.go:74.2,75.16 3 0
github.com/zyvorai/transiva/providers/plugin/manager.go:76.3,77.1 1 0
github.com/zyvorai/transiva/providers/plugin/manager.go:79.2,80.1 3 0
github.com/zyvorai/transiva/providers/plugin/manager.go:82.2,83.35 3 0
github.com/zyvorai/transiva/providers/plugin/manager.go:84.3,84.44 1 0
github.com/zyvorai/transiva/providers/plugin/manager.go:85.4,88.12 2 0
github.com/zyvorai/transiva/providers/plugin/manager.go:90.3,90.16 1 0
github.com/zyvorai/transiva/providers/plugin/manager.go:93.2,94.1 2 0
github.com/zyvorai/transiva/providers/plugin/manager.go:95.2,95.12 2 0
github.com/zyvorai/transiva/providers/plugin/manager.go:101.2,102.16 2 0
github.com/zyvorai/transiva/providers/plugin/manager.go:103.3,104.1 1 0
github.com/zyvorai/transiva/providers/plugin/manager.go:107.2,107.44 1 0
github.com/zyvorai/transiva/providers/plugin/manager.go:108.3,113.1 4 0
github.com/zyvorai/transiva/providers/plugin/manager.go:116.2,117.1 6 0
github.com/zyvorai/transiva/providers/plugin/manager.go:119.2,121.1 6 0
github.com/zyvorai/transiva/providers/plugin/manager.go:123.2,124.1 6 0
github.com/zyvorai/transiva/providers/plugin/manager.go:125.2,128.1 6 0
github.com/zyvorai/transiva/providers/plugin/manager.go:129.2,129.12 6 0
github.com/zyvorai/transiva/providers/plugin/manager.go:134.2,136.1 4 0
github.com/zyvorai/transiva/providers/plugin/manager.go:137.2,138.13 4 0
github.com/zyvorai/transiva/providers/plugin/manager.go:139.3,140.1 1 0
github.com/zyvorai/transiva/providers/plugin/manager.go:143.2,144.1 4 0
github.com/zyvorai/transiva/providers/plugin/manager.go:146.2,147.1 4 0
github.com/zyvorai/transiva/providers/plugin/manager.go:148.2,149.1 4 0
github.com/zyvorai/transiva/providers/plugin/manager.go:150.2,150.12 4 0
github.com/zyvorai/transiva/providers/plugin/manager.go:155.2,158.1 4 0
github.com/zyvorai/transiva/providers/plugin/manager.go:159.2,159.13 4 0
github.com/zyvorai/transiva/providers/plugin/manager.go:160.3,161.1 1 0
github.com/zyvorai/transiva/providers/plugin/manager.go:164.2,164.45 1 0
github.com/zyvorai/transiva/providers/plugin/manager.go:165.3,166.1 1 0
github.com/zyvorai/transiva/providers/plugin/manager.go:169.2,169.48 1 0
github.com/zyvorai/transiva/providers/plugin/manager.go:170.3,171.1 1 0
github.com/zyvorai/transiva/providers/plugin/manager.go:173.2,174.1 2 0
github.com/zyvorai/transiva/providers/plugin/manager.go:175.2,175.12 2 0
github.com/zyvorai/transiva/providers/plugin/manager.go:180.2,182.1 4 0
github.com/zyvorai/transiva/providers/plugin/manager.go:183.2,184.33 4 0
github.com/zyvorai/transiva/providers/plugin/manager.go:185.3,186.1 1 0
github.com/zyvorai/transiva/providers/plugin/manager.go:188.2,188.16 1 0
github.com/zyvorai/transiva/providers/plugin/manager.go:193.2,195.1 4 0
github.com/zyvorai/transiva/providers/plugin/manager.go:196.2,198.1 4 0
github.com/zyvorai/transiva/providers/plugin/manager.go:202.2,202.25 1 0
github.com/zyvorai/transiva/providers/plugin/manager.go:203.3,205.1 2 0
github.com/zyvorai/transiva/providers/plugin/manager.go:207.2,208.16 2 0
github.com/zyvorai/transiva/providers/plugin/manager.go:209.3,210.1 1 0
github.com/zyvorai/transiva/providers/plugin/manager.go:213.2,213.43 1 0
github.com/zyvorai/transiva/providers/plugin/manager.go:214.3,214.44 1 0
github.com/zyvorai/transiva/providers/plugin/manager.go:215.4,218.1 1 0
github.com/zyvorai/transiva/providers/plugin/manager.go:221.2,222.1 3 0
github.com/zyvorai/transiva/providers/plugin/manager.go:223.2,224.1 3 0
github.com/zyvorai/transiva/providers/plugin/manager.go:225.2,225.12 3 0
github.com/zyvorai/transiva/providers/plugin/manager.go:230.2,230.22 1 0
github.com/zyvorai/transiva/providers/plugin/manager.go:231.3,232.1 1 0
github.com/zyvorai/transiva/providers/plugin/manager.go:234.2,234.42 1 0
github.com/zyvorai/transiva/providers/plugin/manager.go:235.3,236.1 1 0
github.com/zyvorai/transiva/providers/plugin/manager.go:238.2,240.1 3 0
github.com/zyvorai/transiva/providers/plugin/manager.go:241.2,241.12 3 0
github.com/zyvorai/transiva/providers/plugin/manager.go:247.2,250.1 3 0
github.com/zyvorai/transiva/providers/plugin/manager.go:254.2,254.35 1 0
github.com/zyvorai/transiva/providers/plugin/manager.go:255.3,255.48 1 0
github.com/zyvorai/transiva/providers/plugin/manager.go:256.4,256.23 1 0
github.com/zyvorai/transiva/providers/plugin/manager.go:257.5,258.1 1 0
github.com/zyvorai/transiva/providers/plugin/manager.go:260.3,260.15 1 0
github.com/zyvorai/transiva/providers/plugin/manager.go:264.2,264.36 1 0
github.com/zyvorai/transiva/providers/plugin/manager.go:265.3,265.50 1 0
github.com/zyvorai/transiva/providers/plugin/manager.go:266.4,266.24 1 0
github.com/zyvorai/transiva/providers/plugin/manager.go:267.5,268.1 1 0
github.com/zyvorai/transiva/providers/plugin/manager.go:273.2,273.13 1 0
github.com/zyvorai/transiva/providers/plugin/manager.go:278.2,280.1 4 0
github.com/zyvorai/transiva/providers/plugin/manager.go:281.2,286.1 4 0
github.com/zyvorai/transiva/providers/plugin/manager.go:288.2,288.33 4 0
github.com/zyvorai/transiva/providers/plugin/manager.go:289.3,289.22 1 0
github.com/zyvorai/transiva/providers/plugin/manager.go:291.4,291.47 1 0
github.com/zyvorai/transiva/providers/plugin/manager.go:293.4,293.47 1 0
github.com/zyvorai/transiva/providers/plugin/manager.go:295.4,295.51 1 0
github.com/zyvorai/transiva/providers/plugin/manager.go:299.2,299.14 1 0
github.com/zyvorai/transiva/providers/plugin/metadata.go:54.2,54.18 1 0
github.com/zyvorai/transiva/providers/plugin/metadata.go:55.3,56.1 1 0
github.com/zyvorai/transiva/providers/plugin/metadata.go:57.2,57.21 1 0
github.com/zyvorai/transiva/providers/plugin/metadata.go:58.3,59.1 1 0
github.com/zyvorai/transiva/providers/plugin/metadata.go:60.2,60.26 1 0
github.com/zyvorai/transiva/providers/plugin/metadata.go:61.3,62.1 1 0
github.com/zyvorai/transiva/providers/plugin/metadata.go:63.2,63.12 1 0
github.com/zyvorai/transiva/providers/plugin/metadata.go:73.2,74.1 1 0
github.com/zyvorai/transiva/providers/plugin/watcher.go:26.2,27.16 2 0
github.com/zyvorai/transiva/providers/plugin/watcher.go:28.3,29.1 1 0
github.com/zyvorai/transiva/providers/plugin/watcher.go:31.2,36.1 3 0
github.com/zyvorai/transiva/providers/plugin/watcher.go:39.2,40.1 3 0
github.com/zyvorai/transiva/providers/plugin/watcher.go:41.2,41.15 3 0
github.com/zyvorai/transiva/providers/plugin/watcher.go:46.2,46.43 1 0
github.com/zyvorai/transiva/providers/plugin/watcher.go:47.3,48.1 1 0
github.com/zyvorai/transiva/providers/plugin/watcher.go:50.2,51.1 2 0
github.com/zyvorai/transiva/providers/plugin/watcher.go:52.2,52.12 2 0
github.com/zyvorai/transiva/providers/plugin/watcher.go:57.2,59.1 2 0
github.com/zyvorai/transiva/providers/plugin/watcher.go:64.2,66.1 3 0
github.com/zyvorai/transiva/providers/plugin/watcher.go:67.2,67.6 3 0
github.com/zyvorai/transiva/providers/plugin/watcher.go:68.3,68.10 1 0
github.com/zyvorai/transiva/providers/plugin/watcher.go:70.4,70.10 1 0
github.com/zyvorai/transiva/providers/plugin/watcher.go:73.4,73.11 1 0
github.com/zyvorai/transiva/providers/plugin/watcher.go:74.5,75.1 1 0
github.com/zyvorai/transiva/providers/plugin/watcher.go:78.4,78.45 1 0
github.com/zyvorai/transiva/providers/plugin/watcher.go:79.5,79.13 1 0
github.com/zyvorai/transiva/providers/plugin/watcher.go:83.4,84.57 2 0
github.com/zyvorai/transiva/providers/plugin/watcher.go:85.5,85.46 1 0
github.com/zyvorai/transiva/providers/plugin/watcher.go:86.6,86.14 1 0
github.com/zyvorai/transiva/providers/plugin/watcher.go:89.4,90.1 2 0
github.com/zyvorai/transiva/providers/plugin/watcher.go:91.4,91.24 2 0
github.com/zyvorai/transiva/providers/plugin/watcher.go:94.4,94.11 1 0
github.com/zyvorai/transiva/providers/plugin/watcher.go:95.5,96.1 1 0
github.com/zyvorai/transiva/providers/plugin/watcher.go:97.4,97.53 1 0
github.com/zyvorai/transiva/providers/plugin/watcher.go:104.2,105.1 3 0
github.com/zyvorai/transiva/providers/plugin/watcher.go:106.2,110.1 3 0
github.com/zyvorai/transiva/providers/plugin/watcher.go:111.2,111.9 3 0
github.com/zyvorai/transiva/providers/plugin/watcher.go:113.3,113.29 1 0
github.com/zyvorai/transiva/providers/plugin/watcher.go:116.3,116.41 1 0
github.com/zyvorai/transiva/providers/plugin/watcher.go:119.3,119.29 1 0
github.com/zyvorai/transiva/providers/plugin/watcher.go:122.3,122.29 1 0
github.com/zyvorai/transiva/providers/plugin/watcher.go:128.2,129.1 3 0
github.com/zyvorai/transiva/providers/plugin/watcher.go:131.2,132.1 3 0
github.com/zyvorai/transiva/providers/plugin/watcher.go:134.2,134.51 3 0
github.com/zyvorai/transiva/providers/plugin/watcher.go:135.3,139.1 2 0
github.com/zyvorai/transiva/providers/plugin/watcher.go:141.2,141.63 1 0
github.com/zyvorai/transiva/providers/plugin/watcher.go:146.2,147.1 3 0
github.com/zyvorai/transiva/providers/plugin/watcher.go:149.2,150.1 3 0
github.com/zyvorai/transiva/providers/plugin/watcher.go:152.2,152.53 3 0
github.com/zyvorai/transiva/providers/plugin/watcher.go:153.3,157.1 2 0
github.com/zyvorai/transiva/providers/plugin/watcher.go:159.2,159.61 1 0
github.com/zyvorai/transiva/providers/plugin/watcher.go:164.2,165.1 2 0
github.com/zyvorai/transiva/providers/plugin/watcher.go:167.2,167.53 2 0
github.com/zyvorai/transiva/providers/plugin/watcher.go:168.3,172.1 2 0
github.com/zyvorai/transiva/providers/plugin/watcher.go:174.2,174.61 1 0
github.com/zyvorai/transiva/providers/plugin/watcher.go:179.2,180.1 2 0
github.com/zyvorai/transiva/providers/plugin/watcher.go:181.2,182.1 2 0
github.com/zyvorai/transiva/providers/openstack/client.go:33.2,33.16 1 0
github.com/zyvorai/transiva/providers/openstack/client.go:34.3,35.1 1 0
github.com/zyvorai/transiva/providers/openstack/client.go:38.2,45.1 3 0
github.com/zyvorai/transiva/providers/openstack/client.go:48.2,49.16 3 0
github.com/zyvorai/transiva/providers/openstack/client.go:50.3,51.1 1 0
github.com/zyvorai/transiva/providers/openstack/client.go:54.2,57.16 2 0
github.com/zyvorai/transiva/providers/openstack/client.go:58.3,59.1 1 0
github.com/zyvorai/transiva/providers/openstack/client.go:62.2,65.16 2 0
github.com/zyvorai/transiva/providers/openstack/client.go:66.3,67.1 1 0
github.com/zyvorai/transiva/providers/openstack/client.go:70.2,76.1 3 0
github.com/zyvorai/transiva/providers/openstack/client.go:77.2,78.1 3 0
github.com/zyvorai/transiva/providers/openstack/client.go:79.2,86.8 3 0
github.com/zyvorai/transiva/providers/openstack/client.go:91.2,92.1 1 0
github.com/zyvorai/transiva/providers/openstack/client.go:96.2,96.105 1 0
github.com/zyvorai/transiva/providers/openstack/client.go:97.3,97.18 1 0
github.com/zyvorai/transiva/providers/openstack/client.go:98.4,99.1 1 0
github.com/zyvorai/transiva/providers/openstack/client.go:101.3,102.17 2 0
github.com/zyvorai/transiva/providers/openstack/client.go:103.4,104.1 1 0
github.com/zyvorai/transiva/providers/openstack/client.go:106.3,107.17 2 0
github.com/zyvorai/transiva/providers/openstack/client.go:108.4,109.1 1 0
github.com/zyvorai/transiva/providers/openstack/client.go:111.3,112.37 2 0
github.com/zyvorai/transiva/providers/openstack/client.go:113.4,121.1 1 0
github.com/zyvorai/transiva/providers/openstack/client.go:123.3,123.24 1 0
github.com/zyvorai/transiva/providers/openstack/client.go:126.2,126.16 1 0
github.com/zyvorai/transiva/providers/openstack/client.go:127.3,128.1 1 0
github.com/zyvorai/transiva/providers/openstack/client.go:130.2,130.37 1 0
github.com/zyvorai/transiva/providers/openstack/client.go:135.2,135.105 1 0
github.com/zyvorai/transiva/providers/openstack/client.go:136.3,136.18 1 0
github.com/zyvorai/transiva/providers/openstack/client.go:137.4,138.1 1 0
github.com/zyvorai/transiva/providers/openstack/client.go:140.3,141.17 2 0
github.com/zyvorai/transiva/providers/openstack/client.go:143.4,143.52 1 0
github.com/zyvorai/transiva/providers/openstack/client.go:144.5,145.1 1 0
github.com/zyvorai/transiva/providers/openstack/client.go:146.4,146.49 1 0
github.com/zyvorai/transiva/providers/openstack/client.go:149.3,156.1 2 0
github.com/zyvorai/transiva/providers/openstack/client.go:158.3,158.19 2 0
github.com/zyvorai/transiva/providers/openstack/client.go:161.2,161.16 1 0
github.com/zyvorai/transiva/providers/openstack/client.go:162.3,163.1 1 0
github.com/zyvorai/transiva/providers/openstack/client.go:165.2,165.36 1 0
github.com/zyvorai/transiva/providers/openstack/client.go:170.2,170.72 1 0
github.com/zyvorai/transiva/providers/openstack/client.go:171.3,171.18 1 0
github.com/zyvorai/transiva/providers/openstack/client.go:172.4,173.1 1 0
github.com/zyvorai/transiva/providers/openstack/client.go:175.3,176.17 2 0
github.com/zyvorai/transiva/providers/openstack/client.go:177.4,178.1 1 0
github.com/zyvorai/transiva/providers/openstack/client.go:180.3,181.13 2 0
github.com/zyvorai/transiva/providers/openstack/client.go:187.2,187.72 1 0
github.com/zyvorai/transiva/providers/openstack/client.go:188.3,188.18 1 0
github.com/zyvorai/transiva/providers/openstack/client.go:189.4,190.1 1 0
github.com/zyvorai/transiva/providers/openstack/client.go:192.3,193.17 2 0
github.com/zyvorai/transiva/providers/openstack/client.go:194.4,195.1 1 0
github.com/zyvorai/transiva/providers/openstack/client.go:197.3,198.13 2 0
github.com/zyvorai/transiva/providers/openstack/client.go:204.2,204.105 1 0
github.com/zyvorai/transiva/providers/openstack/client.go:205.3,205.18 1 0
github.com/zyvorai/transiva/providers/openstack/client.go:206.4,207.1 1 0
github.com/zyvorai/transiva/providers/openstack/client.go:209.3,211.1 3 0
github.com/zyvorai/transiva/providers/openstack/client.go:213.3,214.17 3 0
github.com/zyvorai/transiva/providers/openstack/client.go:215.4,216.1 1 0
github.com/zyvorai/transiva/providers/openstack/client.go:218.3,219.22 2 0
github.com/zyvorai/transiva/providers/openstack/client.go:222.2,222.16 1 0
github.com/zyvorai/transiva/providers/openstack/client.go:223.3,224.1 1 0
github.com/zyvorai/transiva/providers/openstack/client.go:226.2,226.29 1 0
github.com/zyvorai/transiva/providers/openstack/client.go:231.2,235.1 5 0
github.com/zyvorai/transiva/providers/openstack/client.go:236.2,239.1 5 0
github.com/zyvorai/transiva/providers/openstack/client.go:240.2,240.6 5 0
github.com/zyvorai/transiva/providers/openstack/client.go:241.3,241.10 1 0
github.com/zyvorai/transiva/providers/openstack/client.go:243.4,243.20 1 0
github.com/zyvorai/transiva/providers/openstack/client.go:245.4,245.34 1 0
github.com/zyvorai/transiva/providers/openstack/client.go:246.5,247.1 1 0
github.com/zyvorai/transiva/providers/openstack/client.go:249.4,250.18 2 0
github.com/zyvorai/transiva/providers/openstack/client.go:251.5,252.1 1 0
github.com/zyvorai/transiva/providers/openstack/client.go:254.4,259.1 3 0
github.com/zyvorai/transiva/providers/openstack/client.go:260.4,260.38 3 0
github.com/zyvorai/transiva/providers/openstack/client.go:261.5,265.1 2 0
github.com/zyvorai/transiva/providers/openstack/client.go:268.4,268.63 1 0
github.com/zyvorai/transiva/providers/openstack/client.go:269.5,270.1 1 0
github.com/zyvorai/transiva/providers/openstack/client.go:277.2,277.72 1 0
github.com/zyvorai/transiva/providers/openstack/client.go:278.3,278.18 1 0
github.com/zyvorai/transiva/providers/openstack/client.go:279.4,280.1 1 0
github.com/zyvorai/transiva/providers/openstack/client.go:282.3,283.17 2 0
github.com/zyvorai/transiva/providers/openstack/client.go:285.4,285.52 1 0
github.com/zyvorai/transiva/providers/openstack/client.go:286.5,287.1 1 0
github.com/zyvorai/transiva/providers/openstack/client.go:288.4,288.46 1 0
github.com/zyvorai/transiva/providers/openstack/client.go:291.3,292.13 2 0
github.com/zyvorai/transiva/providers/openstack/export.go:46.2,47.1 5 0
github.com/zyvorai/transiva/providers/openstack/export.go:48.2,51.1 5 0
github.com/zyvorai/transiva/providers/openstack/export.go:53.2,55.16 5 0
github.com/zyvorai/transiva/providers/openstack/export.go:56.3,57.1 1 0
github.com/zyvorai/transiva/providers/openstack/export.go:60.2,61.24 2 0
github.com/zyvorai/transiva/providers/openstack/export.go:62.3,63.1 1 0
github.com/zyvorai/transiva/providers/openstack/export.go:65.2,67.16 3 0
github.com/zyvorai/transiva/providers/openstack/export.go:68.3,69.1 1 0
github.com/zyvorai/transiva/providers/openstack/export.go:71.2,77.1 2 0
github.com/zyvorai/transiva/providers/openstack/export.go:80.2,80.28 2 0
github.com/zyvorai/transiva/providers/openstack/export.go:81.3,81.16 1 0
github.com/zyvorai/transiva/providers/openstack/export.go:82.4,83.71 2 0
github.com/zyvorai/transiva/providers/openstack/export.go:84.5,85.1 1 0
github.com/zyvorai/transiva/providers/openstack/export.go:90.2,91.85 2 0
github.com/zyvorai/transiva/providers/openstack/export.go:92.3,93.1 1 0
github.com/zyvorai/transiva/providers/openstack/export.go:96.2,96.26 1 0
github.com/zyvorai/transiva/providers/openstack/export.go:97.3,98.1 3 0
github.com/zyvorai/transiva/providers/openstack/export.go:99.3,100.17 3 0
github.com/zyvorai/transiva/providers/openstack/export.go:101.4,102.1 1 0
github.com/zyvorai/transiva/providers/openstack/export.go:104.3,105.21 2 0
github.com/zyvorai/transiva/providers/openstack/export.go:108.2,109.1 3 0
github.com/zyvorai/transiva/providers/openstack/export.go:110.2,114.1 3 0
github.com/zyvorai/transiva/providers/openstack/export.go:115.2,115.20 3 0
github.com/zyvorai/transiva/providers/openstack/export.go:121.2,122.16 2 0
github.com/zyvorai/transiva/providers/openstack/export.go:123.3,124.1 1 0
github.com/zyvorai/transiva/providers/openstack/export.go:127.2,128.15 2 0
github.com/zyvorai/transiva/providers/openstack/export.go:129.3,129.29 1 0
github.com/zyvorai/transiva/providers/openstack/export.go:130.4,131.1 1 0
github.com/zyvorai/transiva/providers/openstack/export.go:132.4,133.1 1 0
github.com/zyvorai/transiva/providers/openstack/export.go:136.2,137.1 4 0
github.com/zyvorai/transiva/providers/openstack/export.go:138.2,142.1 4 0
github.com/zyvorai/transiva/providers/openstack/export.go:143.2,144.16 4 0
github.com/zyvorai/transiva/providers/openstack/export.go:145.3,146.1 1 0
github.com/zyvorai/transiva/providers/openstack/export.go:148.2,149.1 2 0
github.com/zyvorai/transiva/providers/openstack/export.go:150.2,150.29 2 0
github.com/zyvorai/transiva/providers/openstack/export.go:155.2,155.105 1 0
github.com/zyvorai/transiva/providers/openstack/export.go:156.3,156.18 1 0
github.com/zyvorai/transiva/providers/openstack/export.go:157.4,158.1 1 0
github.com/zyvorai/transiva/providers/openstack/export.go:161.3,162.17 2 0
github.com/zyvorai/transiva/providers/openstack/export.go:163.4,164.1 1 0
github.com/zyvorai/transiva/providers/openstack/export.go:165.3,165.16 1 0
github.com/zyvorai/transiva/providers/openstack/export.go:166.4,166.51 1 0
github.com/zyvorai/transiva/providers/openstack/export.go:167.5,168.1 1 0
github.com/zyvorai/transiva/providers/openstack/export.go:174.3,175.17 2 0
github.com/zyvorai/transiva/providers/openstack/export.go:176.4,177.1 1 0
github.com/zyvorai/transiva/providers/openstack/export.go:178.3,178.16 1 0
github.com/zyvorai/transiva/providers/openstack/export.go:179.4,179.49 1 0
github.com/zyvorai/transiva/providers/openstack/export.go:180.5,181.1 1 0
github.com/zyvorai/transiva/providers/openstack/export.go:185.3,187.1 3 0
github.com/zyvorai/transiva/providers/openstack/export.go:188.3,188.7 3 0
github.com/zyvorai/transiva/providers/openstack/export.go:189.4,190.14 2 0
github.com/zyvorai/transiva/providers/openstack/export.go:191.5,192.15 2 0
github.com/zyvorai/transiva/providers/openstack/export.go:193.6,194.45 2 0
github.com/zyvorai/transiva/providers/openstack/export.go:195.7,197.1 2 0
github.com/zyvorai/transiva/providers/openstack/export.go:199.5,199.18 1 0
github.com/zyvorai/transiva/providers/openstack/export.go:200.6,201.1 1 0
github.com/zyvorai/transiva/providers/openstack/export.go:203.4,203.17 1 0
github.com/zyvorai/transiva/providers/openstack/export.go:204.5,204.21 1 0
github.com/zyvorai/transiva/providers/openstack/export.go:205.6,206.1 1 0
github.com/zyvorai/transiva/providers/openstack/export.go:207.5,207.10 1 0
github.com/zyvorai/transiva/providers/openstack/export.go:211.3,211.22 1 0
github.com/zyvorai/transiva/providers/openstack/export.go:214.2,214.16 1 0
github.com/zyvorai/transiva/providers/openstack/export.go:215.3,216.1 1 0
github.com/zyvorai/transiva/providers/openstack/export.go:218.2,218.28 1 0
github.com/zyvorai/transiva/providers/openstack/export.go:225.2,226.16 2 0
github.com/zyvorai/transiva/providers/openstack/export.go:227.3,228.1 1 0
github.com/zyvorai/transiva/providers/openstack/export.go:229.2,229.15 1 0
github.com/zyvorai/transiva/providers/openstack/export.go:230.3,230.40 1 0
github.com/zyvorai/transiva/providers/openstack/export.go:231.4,232.1 1 0
github.com/zyvorai/transiva/providers/openstack/export.go:235.2,236.16 2 0
github.com/zyvorai/transiva/providers/openstack/export.go:237.3,238.1 1 0
github.com/zyvorai/transiva/providers/openstack/export.go:241.2,243.18 3 0
github.com/zyvorai/transiva/providers/openstack/export.go:244.3,245.1 1 0
github.com/zyvorai/transiva/providers/openstack/export.go:248.2,253.1 2 0
github.com/zyvorai/transiva/providers/openstack/export.go:255.2,255.105 2 0
github.com/zyvorai/transiva/providers/openstack/export.go:256.3,256.18 1 0
github.com/zyvorai/transiva/providers/openstack/export.go:257.4,258.1 1 0
github.com/zyvorai/transiva/providers/openstack/export.go:260.3,261.17 2 0
github.com/zyvorai/transiva/providers/openstack/export.go:262.4,263.1 1 0
github.com/zyvorai/transiva/providers/openstack/export.go:265.3,269.1 2 0
github.com/zyvorai/transiva/providers/openstack/export.go:271.3,271.86 2 0
github.com/zyvorai/transiva/providers/openstack/export.go:273.4,275.1 2 0
github.com/zyvorai/transiva/providers/openstack/export.go:277.3,278.23 2 0
github.com/zyvorai/transiva/providers/openstack/export.go:281.2,281.16 1 0
github.com/zyvorai/transiva/providers/openstack/export.go:282.3,283.1 1 0
github.com/zyvorai/transiva/providers/openstack/export.go:285.2,285.29 1 0
